trajectory,condition,path,target,intended_class,case_count,passed,failed,seeds,failed_seeds,min_relative_coverage,min_rep_recall,min_proxy_coverage,max_budget_ratio,failed_gates
AL90,B-C-H,S,A,W,1,1,0,0,,1.0,1.0,1.0,0.3164976705793421,
AL90,B-C-H,S,B,W,1,1,0,0,,1.0,1.0,1.0,0.31846315908655964,
AL90,B-C-H,S,DIFF,W,1,1,0,0,,1.0,1.0,1.0,0.3184649649623975,
AL90,B-C-H,S,SAME,W,1,1,0,0,,1.0,1.0,1.0,0.31846315908655964,
AL90,B-C-L,S,A,W,1,1,0,0,,1.0,1.0,1.0,0.3164976705793421,
AL90,B-C-L,S,B,W,1,1,0,0,,1.0,1.0,1.0,0.3165297763143257,
AL90,B-C-L,S,DIFF,W,1,1,0,0,,1.0,1.0,1.0,0.31652304117367513,
AL90,B-C-L,S,SAME,W,1,1,0,0,,1.0,1.0,1.0,0.3165297763143257,
AL90,B-C-X,S,A,stress,1,1,0,0,,1.0,1.0,1.0,2.0003636164203313,A.initialization;A.orientation
AL90,B-C-X,S,B,stress,1,1,0,0,,1.0,1.0,1.0,9.798064464640929,B.initialization;B.orientation
AL90,B-C-X,S,DIFF,stress,1,1,0,0,,1.0,1.0,1.0,9.79799222507078,A.initialization;A.orientation;B.initialization;B.orientation;elevation
AL90,B-C-X,S,SAME,stress,1,1,0,0,,1.0,1.0,1.0,9.798064464640929,A.initialization;A.orientation;B.initialization;B.orientation
AL90,B-R-H,S,A,W,1,1,0,0,,1.0,1.0,1.0,0.3164976705793421,
AL90,B-R-H,S,B,W,1,1,0,0,,1.0,1.0,1.0,0.3165391211227144,
AL90,B-R-H,S,DIFF,W,1,1,0,0,,1.0,1.0,1.0,0.3165357300863609,
AL90,B-R-H,S,SAME,W,1,1,0,0,,1.0,1.0,1.0,0.3165391211227144,
AL90,B-R-L,S,A,W,1,1,0,0,,1.0,1.0,1.0,0.3164976705793421,
AL90,B-R-L,S,B,W,1,1,0,0,,1.0,1.0,1.0,0.31650290298069333,
AL90,B-R-L,S,DIFF,W,1,1,0,0,,1.0,1.0,1.0,0.3165029029806934,
AL90,B-R-L,S,SAME,W,1,1,0,0,,1.0,1.0,1.0,0.31650290298069333,
AL90,B-R-X,S,A,stress,1,1,0,0,,1.0,1.0,1.0,3.5192144094183933,A.orientation;elevation
AL90,B-R-X,S,B,stress,1,1,0,0,,1.0,1.0,1.0,9.41871949456443,B.orientation
AL90,B-R-X,S,DIFF,stress,1,1,0,0,,1.0,1.0,1.0,9.418723340143215,A.orientation;B.orientation;elevation
AL90,B-R-X,S,SAME,stress,1,1,0,0,,1.0,1.0,1.0,9.41871949456443,A.orientation;B.orientation
AL90,C-APPLY,S,SAME,C,1,1,0,0,,1.0,1.0,1.0,0.7912441764483552,
AL90,C-FIT-H,S,SAME,W,5,5,0,1103;2207;3301;4409;5519,,1.0,1.0,1.0,0.4021766306593621,
AL90,C-FIT-L,S,SAME,W,5,5,0,1103;2207;3301;4409;5519,,1.0,1.0,1.0,0.4021766306593621,
AL90,CLEAN-E,E,SAME,C,1,1,0,0,,1.0,1.0,1.0,0.00248245868306185,
AL90,CLEAN-Q,Q,SAME,C,1,1,0,0,,1.0,1.0,1.0,0.8111799265735357,
AL90,CLEAN-S,S,SAME,C,1,1,0,0,,1.0,1.0,1.0,0.7912441764483552,
AL90,D-C-0-exact,S,B,W,1,1,0,0,,1.0,1.0,1.0,0.3164976705793421,
AL90,D-C-0-wrong,S,B,stress,1,1,0,0,,1.0,1.0,1.0,10.032756699068267,AL90:rep-1.end_confirmation;AL90:rep-1.end_us;AL90:rep-1.start_confirmation;AL90:rep-1.start_us;AL90:rep-2.end_confirmation;AL90:rep-2.end_us;AL90:rep-2.start_confirmation;AL90:rep-2.start_us;AL90:rep-3.end_confirmation;AL90:rep-3.end_us;AL90:rep-3.start_confirmation;AL90:rep-3.start_us;elevation;interval_speed
AL90,D-C-H-minus-exact,S,B,W,1,1,0,0,,0.9993939393939393,1.0,1.0,0.284675734153042,
AL90,D-C-H-minus-wrong,S,B,stress,1,1,0,0,,1.0,1.0,1.0,10.034383130030626,AL90:rep-1.end_confirmation;AL90:rep-1.end_us;AL90:rep-1.start_confirmation;AL90:rep-1.start_us;AL90:rep-2.end_confirmation;AL90:rep-2.end_us;AL90:rep-2.start_confirmation;AL90:rep-2.start_us;AL90:rep-3.end_confirmation;AL90:rep-3.end_us;AL90:rep-3.start_confirmation;AL90:rep-3.start_us;elevation;interval_speed
AL90,D-C-H-plus-exact,S,B,W,1,1,0,0,,1.0,1.0,1.0,0.34832993864921236,
AL90,D-C-H-plus-wrong,S,B,stress,1,1,0,0,,1.0,1.0,1.0,10.03123570635096,AL90:rep-1.end_confirmation;AL90:rep-1.end_us;AL90:rep-1.start_confirmation;AL90:rep-1.start_us;AL90:rep-2.end_confirmation;AL90:rep-2.end_us;AL90:rep-2.start_confirmation;AL90:rep-2.start_us;AL90:rep-3.end_confirmation;AL90:rep-3.end_us;AL90:rep-3.start_confirmation;AL90:rep-3.start_us;elevation;interval_speed
AL90,D-C-L-minus-exact,S,B,W,1,1,0,0,,0.9993939393939393,1.0,1.0,0.31015585467081164,
AL90,D-C-L-minus-wrong,S,B,stress,1,1,0,0,,1.0,1.0,1.0,10.033092347051065,AL90:rep-1.end_confirmation;AL90:rep-1.end_us;AL90:rep-1.start_confirmation;AL90:rep-1.start_us;AL90:rep-2.end_confirmation;AL90:rep-2.end_us;AL90:rep-2.start_confirmation;AL90:rep-2.start_us;AL90:rep-3.end_confirmation;AL90:rep-3.end_us;AL90:rep-3.start_confirmation;AL90:rep-3.start_us;elevation;interval_speed
AL90,D-C-L-plus-exact,S,B,W,1,1,0,0,,0.9993939393939393,1.0,1.0,0.3228736934633009,
AL90,D-C-L-plus-wrong,S,B,stress,1,1,0,0,,1.0,1.0,1.0,10.032452595568763,AL90:rep-1.end_confirmation;AL90:rep-1.end_us;AL90:rep-1.start_confirmation;AL90:rep-1.start_us;AL90:rep-2.end_confirmation;AL90:rep-2.end_us;AL90:rep-2.start_confirmation;AL90:rep-2.start_us;AL90:rep-3.end_confirmation;AL90:rep-3.end_us;AL90:rep-3.start_confirmation;AL90:rep-3.start_us;elevation;interval_speed
AL90,D-C-X-minus-exact,S,B,stress,1,1,0,0,,0.9993939393939393,1.0,1.0,0.002144679399114812,
AL90,D-C-X-minus-wrong,S,B,stress,1,1,0,0,,1.0,1.0,1.0,10.050172186285039,AL90:rep-1.end_confirmation;AL90:rep-1.end_us;AL90:rep-1.peak_support;AL90:rep-1.start_confirmation;AL90:rep-1.start_us;AL90:rep-2.end_confirmation;AL90:rep-2.end_us;AL90:rep-2.peak_support;AL90:rep-2.start_confirmation;AL90:rep-2.start_us;AL90:rep-3.end_confirmation;AL90:rep-3.end_us;AL90:rep-3.peak_support;AL90:rep-3.start_confirmation;AL90:rep-3.start_us;elevation;interval_speed
AL90,D-C-X-plus-exact,S,B,stress,1,1,0,0,,1.0,1.0,1.0,0.6342000023938577,
AL90,D-C-X-plus-wrong,S,B,stress,1,1,0,0,,1.0,1.0,1.0,10.018504423769272,AL90:rep-1.end_confirmation;AL90:rep-1.end_us;AL90:rep-1.start_confirmation;AL90:rep-1.start_us;AL90:rep-2.end_confirmation;AL90:rep-2.end_us;AL90:rep-2.start_confirmation;AL90:rep-2.start_us;AL90:rep-3.end_confirmation;AL90:rep-3.end_us;AL90:rep-3.start_confirmation;AL90:rep-3.start_us;elevation;interval_speed
AL90,D-H-H-sensor,S,A,W,1,1,0,0,,1.0,1.0,1.0,0.43000516711087244,
AL90,D-H-H-sensor,S,B,W,1,1,0,0,,1.0,1.0,1.0,0.4694547029149041,
AL90,D-H-H-sensor,S,DIFF,W,1,1,0,0,,1.0,1.0,1.0,0.46942378379926125,
AL90,D-H-H-sensor,S,SAME,W,1,1,0,0,,1.0,1.0,1.0,0.4694547029149041,
AL90,D-H-H-world,E,A,W,1,1,0,0,,1.0,1.0,1.0,0.33,
AL90,D-H-H-world,E,B,W,1,1,0,0,,1.0,1.0,1.0,0.33,
AL90,D-H-H-world,E,DIFF,W,1,1,0,0,,1.0,1.0,1.0,0.33,
AL90,D-H-H-world,E,SAME,W,1,1,0,0,,1.0,1.0,1.0,0.33,
AL90,D-H-L-sensor,S,A,W,1,1,0,0,,1.0,1.0,1.0,0.3164976705793421,
AL90,D-H-L-sensor,S,B,W,1,1,0,0,,1.0,1.0,1.0,0.31679929979914173,
AL90,D-H-L-sensor,S,DIFF,W,1,1,0,0,,1.0,1.0,1.0,0.31679959935625635,
AL90,D-H-L-sensor,S,SAME,W,1,1,0,0,,1.0,1.0,1.0,0.31679929979914173,
AL90,D-H-L-world,E,A,W,1,1,0,0,,1.0,1.0,1.0,0.032999999999999995,
AL90,D-H-L-world,E,B,W,1,1,0,0,,1.0,1.0,1.0,0.032999999999999995,
AL90,D-H-L-world,E,DIFF,W,1,1,0,0,,1.0,1.0,1.0,0.032999999999999995,
AL90,D-H-L-world,E,SAME,W,1,1,0,0,,1.0,1.0,1.0,0.032999999999999995,
AL90,D-H-X-sensor,S,A,stress,1,1,0,0,,1.0,1.0,0.0,4.299997469161177,A.orientation
AL90,D-H-X-sensor,S,B,stress,1,1,0,0,,1.0,1.0,1.0,4.302196867275672,B.orientation
AL90,D-H-X-sensor,S,DIFF,stress,1,1,0,0,,1.0,1.0,0.0,4.302253896169794,A.orientation;B.orientation
AL90,D-H-X-sensor,S,SAME,stress,1,1,0,0,,1.0,1.0,0.0,4.302196867275672,A.orientation;B.orientation
AL90,D-H-X-world,E,A,stress,1,1,0,0,,1.0,1.0,0.0,3.300000000000001,A.initialization;A.orientation
AL90,D-H-X-world,E,B,stress,1,1,0,0,,1.0,1.0,1.0,3.300000000000001,B.initialization;B.orientation
AL90,D-H-X-world,E,DIFF,stress,1,1,0,0,,1.0,1.0,0.0,3.300000000000001,A.initialization;A.orientation;B.initialization;B.orientation
AL90,D-H-X-world,E,SAME,stress,1,1,0,0,,1.0,1.0,0.0,3.300000000000001,A.initialization;A.orientation;B.initialization;B.orientation
AL90,I-JL,S,SAME,W,5,0,5,1103;2207;3301;4409;5519,1103;2207;3301;4409;5519,1.0,1.0,1.0,9.970289697177712,interval_speed
AL90,I-NB,S,DIFF,W,5,5,0,1103;2207;3301;4409;5519,,1.0,1.0,1.0,0.48258951464452526,
AL90,J-S-H,S,A,W,5,5,0,1103;2207;3301;4409;5519,,1.0,1.0,1.0,0.3164976705793421,
AL90,J-S-H,S,B,W,5,5,0,1103;2207;3301;4409;5519,,1.0,1.0,1.0,0.31898046294807236,
AL90,J-S-H,S,SAME,W,5,5,0,1103;2207;3301;4409;5519,,1.0,1.0,1.0,0.31898046294807236,
AL90,J-S-L,S,A,W,5,5,0,1103;2207;3301;4409;5519,,1.0,1.0,1.0,0.3164976705793421,
AL90,J-S-L,S,B,W,5,5,0,1103;2207;3301;4409;5519,,1.0,1.0,1.0,0.31656939671792156,
AL90,J-S-L,S,SAME,W,5,5,0,1103;2207;3301;4409;5519,,1.0,1.0,1.0,0.31656939671792156,
AL90,J-S-X,S,A,stress,5,5,0,1103;2207;3301;4409;5519,,0.0,0.0,,,
AL90,J-S-X,S,B,stress,5,5,0,1103;2207;3301;4409;5519,,0.0,0.0,,1.2722218725854067e-14,
AL90,J-S-X,S,SAME,stress,5,5,0,1103;2207;3301;4409;5519,,0.0,0.0,,,
AL90,J-T-H,S,A,W,5,5,0,1103;2207;3301;4409;5519,,1.0,1.0,1.0,0.3164976705793421,
AL90,J-T-H,S,B,W,5,5,0,1103;2207;3301;4409;5519,,1.0,1.0,1.0,0.3712376937163956,
AL90,J-T-H,S,SAME,W,5,5,0,1103;2207;3301;4409;5519,,1.0,1.0,1.0,0.3712376937163956,
AL90,J-T-L,S,A,W,5,5,0,1103;2207;3301;4409;5519,,1.0,1.0,1.0,0.3164976705793421,
AL90,J-T-L,S,B,W,5,5,0,1103;2207;3301;4409;5519,,1.0,1.0,1.0,0.31883500590584185,
AL90,J-T-L,S,SAME,W,5,5,0,1103;2207;3301;4409;5519,,1.0,1.0,1.0,0.31883500590584185,
AL90,J-T-X,S,A,stress,5,5,0,1103;2207;3301;4409;5519,,0.0,0.0,,,
AL90,J-T-X,S,B,stress,5,5,0,1103;2207;3301;4409;5519,,0.0,0.0,,1.2722218725854067e-14,
AL90,J-T-X,S,SAME,stress,5,5,0,1103;2207;3301;4409;5519,,0.0,0.0,,,
AL90,L-P-BURST,Q,A,rejection,1,1,0,0,,0.0,0.0,,,
AL90,L-P-BURST,Q,B,rejection,1,1,0,0,,0.0,0.0,,1.2722218725854067e-14,
AL90,L-P-BURST,Q,SAME,rejection,1,1,0,0,,0.0,0.0,,,
AL90,L-P-ONE,Q,A,W,1,1,0,0,,1.0,1.0,1.0,0.32447197062941424,
AL90,L-P-ONE,Q,B,W,1,0,1,0,0,1.0,1.0,1.0,9.876682026570712,B.orientation;interval_speed
AL90,L-P-ONE,Q,SAME,W,1,0,1,0,0,1.0,1.0,1.0,9.876682026570712,B.orientation;interval_speed
AL90,L-P-PER,Q,A,W,1,1,0,0,,1.0,1.0,1.0,0.32447197062941424,
AL90,L-P-PER,Q,B,W,1,0,1,0,0,1.0,1.0,1.0,10.20385762121532,interval_speed
AL90,L-P-PER,Q,SAME,W,1,0,1,0,0,1.0,1.0,1.0,10.20385762121532,interval_speed
AL90,L-S-BURST,S,A,rejection,1,1,0,0,,0.0,0.0,,,
AL90,L-S-BURST,S,B,rejection,1,1,0,0,,0.0,0.0,,1.2722218725854067e-14,
AL90,L-S-BURST,S,SAME,rejection,1,1,0,0,,0.0,0.0,,,
AL90,L-S-ONE,S,A,W,1,1,0,0,,1.0,1.0,1.0,0.3164976705793421,
AL90,L-S-ONE,S,B,W,1,0,1,0,0,1.0,1.0,1.0,9.976265025296284,interval_speed
AL90,L-S-ONE,S,SAME,W,1,0,1,0,0,1.0,1.0,1.0,9.976265025296284,interval_speed
AL90,L-S-PER,S,A,W,1,1,0,0,,1.0,1.0,1.0,0.3164976705793421,
AL90,L-S-PER,S,B,W,1,0,1,0,0,1.0,1.0,1.0,10.053694428271845,interval_speed
AL90,L-S-PER,S,SAME,W,1,0,1,0,0,1.0,1.0,1.0,10.053694428271845,interval_speed
AL90,N-A-H,S,A,W,5,5,0,1103;2207;3301;4409;5519,,1.0,1.0,1.0,0.3164976705793421,
AL90,N-A-H,S,B,W,5,5,0,1103;2207;3301;4409;5519,,1.0,1.0,1.0,0.3233618791670775,
AL90,N-A-H,S,SAME,W,5,5,0,1103;2207;3301;4409;5519,,1.0,1.0,1.0,0.3233618791670775,
AL90,N-A-L,S,A,W,5,5,0,1103;2207;3301;4409;5519,,1.0,1.0,1.0,0.3164976705793421,
AL90,N-A-L,S,B,W,5,5,0,1103;2207;3301;4409;5519,,1.0,1.0,1.0,0.3181961766460827,
AL90,N-A-L,S,SAME,W,5,5,0,1103;2207;3301;4409;5519,,1.0,1.0,1.0,0.3181961766460827,
AL90,N-A-X,S,A,stress,5,5,0,1103;2207;3301;4409;5519,,1.0,1.0,1.0,0.4115201099516448,
AL90,N-A-X,S,B,stress,5,5,0,1103;2207;3301;4409;5519,,1.0,1.0,1.0,0.4016367466275646,
AL90,N-A-X,S,SAME,stress,5,5,0,1103;2207;3301;4409;5519,,1.0,1.0,1.0,0.6056645095780504,
AL90,N-G-H,S,A,W,5,5,0,1103;2207;3301;4409;5519,,1.0,1.0,1.0,0.3164976705793421,
AL90,N-G-H,S,B,W,5,5,0,1103;2207;3301;4409;5519,,1.0,1.0,1.0,0.39310531311213254,
AL90,N-G-H,S,SAME,W,5,5,0,1103;2207;3301;4409;5519,,1.0,1.0,1.0,0.39310531311213254,
AL90,N-G-L,S,A,W,5,5,0,1103;2207;3301;4409;5519,,1.0,1.0,1.0,0.3164976705793421,
AL90,N-G-L,S,B,W,5,5,0,1103;2207;3301;4409;5519,,1.0,1.0,1.0,0.3311406743024285,
AL90,N-G-L,S,SAME,W,5,5,0,1103;2207;3301;4409;5519,,1.0,1.0,1.0,0.3311406743024285,
AL90,N-G-X,S,A,stress,5,5,0,1103;2207;3301;4409;5519,,1.0,1.0,1.0,5.05,A.initialization;A.orientation;AL90:rep-1.elevation_duration_s;AL90:rep-1.elevation_speed_max_rads;AL90:rep-1.elevation_speed_mean_rads;AL90:rep-1.hold_duration_s;AL90:rep-1.hold_speed_max_rads;AL90:rep-1.hold_speed_mean_rads;AL90:rep-1.rep_speed_max_rads;AL90:rep-1.return_duration_s;AL90:rep-1.return_speed_max_rads;AL90:rep-1.return_speed_mean_rads;AL90:rep-2.elevation_duration_s;AL90:rep-2.elevation_speed_max_rads;AL90:rep-2.elevation_speed_mean_rads;AL90:rep-2.hold_duration_s;AL90:rep-2.hold_speed_max_rads;AL90:rep-2.hold_speed_mean_rads;AL90:rep-2.rep_speed_max_rads;AL90:rep-2.return_duration_s;AL90:rep-2.return_speed_max_rads;AL90:rep-2.return_speed_mean_rads;AL90:rep-3.elevation_speed_max_rads;AL90:rep-3.hold_duration_s;AL90:rep-3.hold_speed_max_rads;AL90:rep-3.hold_speed_mean_rads;AL90:rep-3.rep_speed_max_rads;AL90:rep-3.return_duration_s;AL90:rep-3.return_speed_max_rads;AL90:rep-3.return_speed_mean_rads;interval_speed;summary.elevation_duration_s.maximum;summary.elevation_duration_s.mean;summary.elevation_speed_max_rads.maximum;summary.elevation_speed_max_rads.mean;summary.elevation_speed_mean_rads.mean;summary.hold_duration_s.maximum;summary.hold_duration_s.mean;summary.hold_speed_max_rads.support;summary.hold_speed_mean_rads.support;summary.rep_speed_max_rads.maximum;summary.rep_speed_max_rads.mean;summary.return_duration_s.maximum;summary.return_duration_s.mean;summary.return_speed_max_rads.maximum;summary.return_speed_max_rads.mean;summary.return_speed_mean_rads.maximum;summary.return_speed_mean_rads.mean
AL90,N-G-X,S,B,stress,5,5,0,1103;2207;3301;4409;5519,,1.0,1.0,1.0,5.0,AL90:rep-1.elevation_duration_s;AL90:rep-1.elevation_speed_max_rads;AL90:rep-1.elevation_speed_mean_rads;AL90:rep-1.hold_duration_s;AL90:rep-1.hold_speed_max_rads;AL90:rep-1.hold_speed_mean_rads;AL90:rep-1.rep_speed_max_rads;AL90:rep-1.return_duration_s;AL90:rep-1.return_speed_max_rads;AL90:rep-1.return_speed_mean_rads;AL90:rep-2.elevation_duration_s;AL90:rep-2.elevation_speed_max_rads;AL90:rep-2.elevation_speed_mean_rads;AL90:rep-2.hold_duration_s;AL90:rep-2.hold_speed_max_rads;AL90:rep-2.hold_speed_mean_rads;AL90:rep-2.rep_speed_max_rads;AL90:rep-2.return_duration_s;AL90:rep-2.return_speed_max_rads;AL90:rep-2.return_speed_mean_rads;AL90:rep-3.elevation_duration_s;AL90:rep-3.elevation_speed_max_rads;AL90:rep-3.elevation_speed_mean_rads;AL90:rep-3.hold_duration_s;AL90:rep-3.hold_speed_max_rads;AL90:rep-3.hold_speed_mean_rads;AL90:rep-3.rep_speed_max_rads;AL90:rep-3.return_duration_s;AL90:rep-3.return_speed_max_rads;AL90:rep-3.return_speed_mean_rads;B.initialization;B.orientation;interval_speed;summary.elevation_duration_s.maximum;summary.elevation_duration_s.mean;summary.elevation_speed_max_rads.maximum;summary.elevation_speed_max_rads.mean;summary.elevation_speed_mean_rads.maximum;summary.elevation_speed_mean_rads.mean;summary.hold_duration_s.maximum;summary.hold_duration_s.mean;summary.hold_speed_max_rads.support;summary.hold_speed_mean_rads.support;summary.rep_speed_max_rads.maximum;summary.rep_speed_max_rads.mean;summary.return_duration_s.maximum;summary.return_duration_s.mean;summary.return_speed_max_rads.maximum;summary.return_speed_max_rads.mean;summary.return_speed_mean_rads.maximum;summary.return_speed_mean_rads.mean
AL90,N-G-X,S,SAME,stress,5,5,0,1103;2207;3301;4409;5519,,1.0,1.0,1.0,5.000000000000001,A.initialization;A.orientation;AL90:rep-1.elevation_duration_s;AL90:rep-1.elevation_speed_max_rads;AL90:rep-1.elevation_speed_mean_rads;AL90:rep-1.hold_duration_s;AL90:rep-1.hold_speed_max_rads;AL90:rep-1.hold_speed_mean_rads;AL90:rep-1.rep_speed_max_rads;AL90:rep-1.return_duration_s;AL90:rep-1.return_speed_max_rads;AL90:rep-1.return_speed_mean_rads;AL90:rep-2.elevation_duration_s;AL90:rep-2.elevation_speed_max_rads;AL90:rep-2.elevation_speed_mean_rads;AL90:rep-2.hold_duration_s;AL90:rep-2.hold_speed_max_rads;AL90:rep-2.hold_speed_mean_rads;AL90:rep-2.rep_speed_max_rads;AL90:rep-2.return_duration_s;AL90:rep-2.return_speed_max_rads;AL90:rep-2.return_speed_mean_rads;AL90:rep-3.elevation_duration_s;AL90:rep-3.elevation_speed_max_rads;AL90:rep-3.elevation_speed_mean_rads;AL90:rep-3.hold_duration_s;AL90:rep-3.hold_speed_max_rads;AL90:rep-3.hold_speed_mean_rads;AL90:rep-3.rep_speed_max_rads;AL90:rep-3.return_duration_s;AL90:rep-3.return_speed_max_rads;AL90:rep-3.return_speed_mean_rads;B.initialization;B.orientation;interval_speed;summary.elevation_duration_s.maximum;summary.elevation_duration_s.mean;summary.elevation_speed_max_rads.maximum;summary.elevation_speed_max_rads.mean;summary.elevation_speed_mean_rads.mean;summary.hold_duration_s.maximum;summary.hold_duration_s.mean;summary.hold_speed_max_rads.support;summary.hold_speed_mean_rads.support;summary.rep_speed_max_rads.maximum;summary.rep_speed_max_rads.mean;summary.return_duration_s.maximum;summary.return_duration_s.mean;summary.return_speed_max_rads.maximum;summary.return_speed_max_rads.mean;summary.return_speed_mean_rads.maximum;summary.return_speed_mean_rads.mean
AR90,B-C-H,S,A,W,1,1,0,0,,1.0,1.0,1.0,0.3164976705793421,
AR90,B-C-H,S,B,W,1,1,0,0,,1.0,1.0,1.0,0.31846315908655964,
AR90,B-C-H,S,DIFF,W,1,1,0,0,,1.0,1.0,1.0,0.3184649649623975,
AR90,B-C-H,S,SAME,W,1,1,0,0,,1.0,1.0,1.0,0.31846315908655964,
AR90,B-C-L,S,A,W,1,1,0,0,,1.0,1.0,1.0,0.3164976705793421,
AR90,B-C-L,S,B,W,1,1,0,0,,1.0,1.0,1.0,0.3165297763143257,
AR90,B-C-L,S,DIFF,W,1,1,0,0,,1.0,1.0,1.0,0.31652304117367513,
AR90,B-C-L,S,SAME,W,1,1,0,0,,1.0,1.0,1.0,0.3165297763143257,
AR90,B-C-X,S,A,stress,1,1,0,0,,1.0,1.0,1.0,2.0003636164203313,A.initialization;A.orientation
AR90,B-C-X,S,B,stress,1,1,0,0,,1.0,1.0,1.0,9.798064464640929,B.initialization;B.orientation
AR90,B-C-X,S,DIFF,stress,1,1,0,0,,1.0,1.0,1.0,9.79799222507078,A.initialization;A.orientation;B.initialization;B.orientation;elevation
AR90,B-C-X,S,SAME,stress,1,1,0,0,,1.0,1.0,1.0,9.798064464640929,A.initialization;A.orientation;B.initialization;B.orientation
AR90,B-R-H,S,A,W,1,1,0,0,,1.0,1.0,1.0,0.3164976705793421,
AR90,B-R-H,S,B,W,1,1,0,0,,1.0,1.0,1.0,0.3165391211227144,
AR90,B-R-H,S,DIFF,W,1,1,0,0,,1.0,1.0,1.0,0.3165357300863609,
AR90,B-R-H,S,SAME,W,1,1,0,0,,1.0,1.0,1.0,0.3165391211227144,
AR90,B-R-L,S,A,W,1,1,0,0,,1.0,1.0,1.0,0.3164976705793421,
AR90,B-R-L,S,B,W,1,1,0,0,,1.0,1.0,1.0,0.31650290298069333,
AR90,B-R-L,S,DIFF,W,1,1,0,0,,1.0,1.0,1.0,0.3165029029806934,
AR90,B-R-L,S,SAME,W,1,1,0,0,,1.0,1.0,1.0,0.31650290298069333,
AR90,B-R-X,S,A,stress,1,1,0,0,,1.0,1.0,1.0,3.5192144094183933,A.orientation;elevation
AR90,B-R-X,S,B,stress,1,1,0,0,,1.0,1.0,1.0,9.41871949456443,B.orientation
AR90,B-R-X,S,DIFF,stress,1,1,0,0,,1.0,1.0,1.0,9.418723340143215,A.orientation;B.orientation;elevation
AR90,B-R-X,S,SAME,stress,1,1,0,0,,1.0,1.0,1.0,9.41871949456443,A.orientation;B.orientation
AR90,C-APPLY,S,SAME,C,1,1,0,0,,1.0,1.0,1.0,0.7912441764483552,
AR90,C-FIT-H,S,SAME,W,5,5,0,1103;2207;3301;4409;5519,,1.0,1.0,1.0,0.4021766306593621,
AR90,C-FIT-L,S,SAME,W,5,5,0,1103;2207;3301;4409;5519,,1.0,1.0,1.0,0.4021766306593621,
AR90,CLEAN-E,E,SAME,C,1,1,0,0,,1.0,1.0,1.0,0.00248245868306185,
AR90,CLEAN-Q,Q,SAME,C,1,1,0,0,,1.0,1.0,1.0,0.8111799265735357,
AR90,CLEAN-S,S,SAME,C,1,1,0,0,,1.0,1.0,1.0,0.7912441764483552,
AR90,D-C-0-exact,S,B,W,1,1,0,0,,1.0,1.0,1.0,0.3164976705793421,
AR90,D-C-0-wrong,S,B,stress,1,1,0,0,,1.0,1.0,1.0,10.03275669906816,AR90:rep-1.end_confirmation;AR90:rep-1.end_us;AR90:rep-1.start_confirmation;AR90:rep-1.start_us;AR90:rep-2.end_confirmation;AR90:rep-2.end_us;AR90:rep-2.start_confirmation;AR90:rep-2.start_us;AR90:rep-3.end_confirmation;AR90:rep-3.end_us;AR90:rep-3.start_confirmation;AR90:rep-3.start_us;elevation;interval_speed
AR90,D-C-H-minus-exact,S,B,W,1,1,0,0,,0.9993939393939393,1.0,1.0,0.284675734153042,
AR90,D-C-H-minus-wrong,S,B,stress,1,1,0,0,,1.0,1.0,1.0,10.034383130030626,AR90:rep-1.end_confirmation;AR90:rep-1.end_us;AR90:rep-1.start_confirmation;AR90:rep-1.start_us;AR90:rep-2.end_confirmation;AR90:rep-2.end_us;AR90:rep-2.start_confirmation;AR90:rep-2.start_us;AR90:rep-3.end_confirmation;AR90:rep-3.end_us;AR90:rep-3.start_confirmation;AR90:rep-3.start_us;elevation;interval_speed
AR90,D-C-H-plus-exact,S,B,W,1,1,0,0,,1.0,1.0,1.0,0.34832993864921236,
AR90,D-C-H-plus-wrong,S,B,stress,1,1,0,0,,1.0,1.0,1.0,10.031235706351067,AR90:rep-1.end_confirmation;AR90:rep-1.end_us;AR90:rep-1.start_confirmation;AR90:rep-1.start_us;AR90:rep-2.end_confirmation;AR90:rep-2.end_us;AR90:rep-2.start_confirmation;AR90:rep-2.start_us;AR90:rep-3.end_confirmation;AR90:rep-3.end_us;AR90:rep-3.start_confirmation;AR90:rep-3.start_us;elevation;interval_speed
AR90,D-C-L-minus-exact,S,B,W,1,1,0,0,,0.9993939393939393,1.0,1.0,0.31015585467081164,
AR90,D-C-L-minus-wrong,S,B,stress,1,1,0,0,,1.0,1.0,1.0,10.033092347051065,AR90:rep-1.end_confirmation;AR90:rep-1.end_us;AR90:rep-1.start_confirmation;AR90:rep-1.start_us;AR90:rep-2.end_confirmation;AR90:rep-2.end_us;AR90:rep-2.start_confirmation;AR90:rep-2.start_us;AR90:rep-3.end_confirmation;AR90:rep-3.end_us;AR90:rep-3.start_confirmation;AR90:rep-3.start_us;elevation;interval_speed
AR90,D-C-L-plus-exact,S,B,W,1,1,0,0,,0.9993939393939393,1.0,1.0,0.3228736934633009,
AR90,D-C-L-plus-wrong,S,B,stress,1,1,0,0,,1.0,1.0,1.0,10.032452595568655,AR90:rep-1.end_confirmation;AR90:rep-1.end_us;AR90:rep-1.start_confirmation;AR90:rep-1.start_us;AR90:rep-2.end_confirmation;AR90:rep-2.end_us;AR90:rep-2.start_confirmation;AR90:rep-2.start_us;AR90:rep-3.end_confirmation;AR90:rep-3.end_us;AR90:rep-3.start_confirmation;AR90:rep-3.start_us;elevation;interval_speed
AR90,D-C-X-minus-exact,S,B,stress,1,1,0,0,,0.9993939393939393,1.0,1.0,0.002144679399114812,
AR90,D-C-X-minus-wrong,S,B,stress,1,1,0,0,,1.0,1.0,1.0,10.050172186285039,AR90:rep-1.end_confirmation;AR90:rep-1.end_us;AR90:rep-1.peak_support;AR90:rep-1.start_confirmation;AR90:rep-1.start_us;AR90:rep-2.end_confirmation;AR90:rep-2.end_us;AR90:rep-2.peak_support;AR90:rep-2.start_confirmation;AR90:rep-2.start_us;AR90:rep-3.end_confirmation;AR90:rep-3.end_us;AR90:rep-3.peak_support;AR90:rep-3.start_confirmation;AR90:rep-3.start_us;elevation;interval_speed
AR90,D-C-X-plus-exact,S,B,stress,1,1,0,0,,1.0,1.0,1.0,0.6342000023938577,
AR90,D-C-X-plus-wrong,S,B,stress,1,1,0,0,,1.0,1.0,1.0,10.01850442376927,AR90:rep-1.end_confirmation;AR90:rep-1.end_us;AR90:rep-1.start_confirmation;AR90:rep-1.start_us;AR90:rep-2.end_confirmation;AR90:rep-2.end_us;AR90:rep-2.start_confirmation;AR90:rep-2.start_us;AR90:rep-3.end_confirmation;AR90:rep-3.end_us;AR90:rep-3.start_confirmation;AR90:rep-3.start_us;elevation;interval_speed
AR90,D-H-H-sensor,S,A,W,1,1,0,0,,1.0,1.0,1.0,0.43000516711087244,
AR90,D-H-H-sensor,S,B,W,1,1,0,0,,1.0,1.0,1.0,0.46942378379926125,
AR90,D-H-H-sensor,S,DIFF,W,1,1,0,0,,1.0,1.0,1.0,0.4694547029149041,
AR90,D-H-H-sensor,S,SAME,W,1,1,0,0,,1.0,1.0,1.0,0.46942378379926125,
AR90,D-H-H-world,E,A,W,1,1,0,0,,1.0,1.0,1.0,0.33,
AR90,D-H-H-world,E,B,W,1,1,0,0,,1.0,1.0,1.0,0.33,
AR90,D-H-H-world,E,DIFF,W,1,1,0,0,,1.0,1.0,1.0,0.33,
AR90,D-H-H-world,E,SAME,W,1,1,0,0,,1.0,1.0,1.0,0.33,
AR90,D-H-L-sensor,S,A,W,1,1,0,0,,1.0,1.0,1.0,0.3164976705793421,
AR90,D-H-L-sensor,S,B,W,1,1,0,0,,1.0,1.0,1.0,0.31679959935625635,
AR90,D-H-L-sensor,S,DIFF,W,1,1,0,0,,1.0,1.0,1.0,0.31679929979914173,
AR90,D-H-L-sensor,S,SAME,W,1,1,0,0,,1.0,1.0,1.0,0.31679959935625635,
AR90,D-H-L-world,E,A,W,1,1,0,0,,1.0,1.0,1.0,0.032999999999999995,
AR90,D-H-L-world,E,B,W,1,1,0,0,,1.0,1.0,1.0,0.032999999999999995,
AR90,D-H-L-world,E,DIFF,W,1,1,0,0,,1.0,1.0,1.0,0.032999999999999995,
AR90,D-H-L-world,E,SAME,W,1,1,0,0,,1.0,1.0,1.0,0.032999999999999995,
AR90,D-H-X-sensor,S,A,stress,1,1,0,0,,1.0,1.0,0.0,4.299997469161177,A.orientation
AR90,D-H-X-sensor,S,B,stress,1,1,0,0,,1.0,1.0,1.0,4.302253896169794,B.orientation
AR90,D-H-X-sensor,S,DIFF,stress,1,1,0,0,,1.0,1.0,0.0,4.302196867275672,A.orientation;B.orientation
AR90,D-H-X-sensor,S,SAME,stress,1,1,0,0,,1.0,1.0,0.0,4.302253896169794,A.orientation;B.orientation
AR90,D-H-X-world,E,A,stress,1,1,0,0,,1.0,1.0,0.0,3.300000000000001,A.initialization;A.orientation
AR90,D-H-X-world,E,B,stress,1,1,0,0,,1.0,1.0,1.0,3.300000000000001,B.initialization;B.orientation
AR90,D-H-X-world,E,DIFF,stress,1,1,0,0,,1.0,1.0,0.0,3.300000000000001,A.initialization;A.orientation;B.initialization;B.orientation
AR90,D-H-X-world,E,SAME,stress,1,1,0,0,,1.0,1.0,0.0,3.300000000000001,A.initialization;A.orientation;B.initialization;B.orientation
AR90,I-JL,S,SAME,W,5,0,5,1103;2207;3301;4409;5519,1103;2207;3301;4409;5519,1.0,1.0,1.0,9.970289697177712,interval_speed
AR90,I-NB,S,DIFF,W,5,5,0,1103;2207;3301;4409;5519,,1.0,1.0,1.0,0.42457712503551637,
AR90,J-S-H,S,A,W,5,5,0,1103;2207;3301;4409;5519,,1.0,1.0,1.0,0.3164976705793421,
AR90,J-S-H,S,B,W,5,5,0,1103;2207;3301;4409;5519,,1.0,1.0,1.0,0.31898046294807236,
AR90,J-S-H,S,SAME,W,5,5,0,1103;2207;3301;4409;5519,,1.0,1.0,1.0,0.31898046294807236,
AR90,J-S-L,S,A,W,5,5,0,1103;2207;3301;4409;5519,,1.0,1.0,1.0,0.3164976705793421,
AR90,J-S-L,S,B,W,5,5,0,1103;2207;3301;4409;5519,,1.0,1.0,1.0,0.31656939671792156,
AR90,J-S-L,S,SAME,W,5,5,0,1103;2207;3301;4409;5519,,1.0,1.0,1.0,0.31656939671792156,
AR90,J-S-X,S,A,stress,5,5,0,1103;2207;3301;4409;5519,,0.0,0.0,,,
AR90,J-S-X,S,B,stress,5,5,0,1103;2207;3301;4409;5519,,0.0,0.0,,1.2722218725854067e-14,
AR90,J-S-X,S,SAME,stress,5,5,0,1103;2207;3301;4409;5519,,0.0,0.0,,,
AR90,J-T-H,S,A,W,5,5,0,1103;2207;3301;4409;5519,,1.0,1.0,1.0,0.3164976705793421,
AR90,J-T-H,S,B,W,5,5,0,1103;2207;3301;4409;5519,,1.0,1.0,1.0,0.3712376937163956,
AR90,J-T-H,S,SAME,W,5,5,0,1103;2207;3301;4409;5519,,1.0,1.0,1.0,0.3712376937163956,
AR90,J-T-L,S,A,W,5,5,0,1103;2207;3301;4409;5519,,1.0,1.0,1.0,0.3164976705793421,
AR90,J-T-L,S,B,W,5,5,0,1103;2207;3301;4409;5519,,1.0,1.0,1.0,0.31883500590584185,
AR90,J-T-L,S,SAME,W,5,5,0,1103;2207;3301;4409;5519,,1.0,1.0,1.0,0.31883500590584185,
AR90,J-T-X,S,A,stress,5,5,0,1103;2207;3301;4409;5519,,0.0,0.0,,,
AR90,J-T-X,S,B,stress,5,5,0,1103;2207;3301;4409;5519,,0.0,0.0,,1.2722218725854067e-14,
AR90,J-T-X,S,SAME,stress,5,5,0,1103;2207;3301;4409;5519,,0.0,0.0,,,
AR90,L-P-BURST,Q,A,rejection,1,1,0,0,,0.0,0.0,,,
AR90,L-P-BURST,Q,B,rejection,1,1,0,0,,0.0,0.0,,1.2722218725854067e-14,
AR90,L-P-BURST,Q,SAME,rejection,1,1,0,0,,0.0,0.0,,,
AR90,L-P-ONE,Q,A,W,1,1,0,0,,1.0,1.0,1.0,0.32447197062941424,
AR90,L-P-ONE,Q,B,W,1,0,1,0,0,1.0,1.0,1.0,9.876682026570712,B.orientation;interval_speed
AR90,L-P-ONE,Q,SAME,W,1,0,1,0,0,1.0,1.0,1.0,9.876682026570712,B.orientation;interval_speed
AR90,L-P-PER,Q,A,W,1,1,0,0,,1.0,1.0,1.0,0.32447197062941424,
AR90,L-P-PER,Q,B,W,1,0,1,0,0,1.0,1.0,1.0,10.20385762121532,interval_speed
AR90,L-P-PER,Q,SAME,W,1,0,1,0,0,1.0,1.0,1.0,10.20385762121532,interval_speed
AR90,L-S-BURST,S,A,rejection,1,1,0,0,,0.0,0.0,,,
AR90,L-S-BURST,S,B,rejection,1,1,0,0,,0.0,0.0,,1.2722218725854067e-14,
AR90,L-S-BURST,S,SAME,rejection,1,1,0,0,,0.0,0.0,,,
AR90,L-S-ONE,S,A,W,1,1,0,0,,1.0,1.0,1.0,0.3164976705793421,
AR90,L-S-ONE,S,B,W,1,0,1,0,0,1.0,1.0,1.0,9.976265025296177,interval_speed
AR90,L-S-ONE,S,SAME,W,1,0,1,0,0,1.0,1.0,1.0,9.976265025296177,interval_speed
AR90,L-S-PER,S,A,W,1,1,0,0,,1.0,1.0,1.0,0.3164976705793421,
AR90,L-S-PER,S,B,W,1,0,1,0,0,1.0,1.0,1.0,10.053694428271845,interval_speed
AR90,L-S-PER,S,SAME,W,1,0,1,0,0,1.0,1.0,1.0,10.053694428271845,interval_speed
AR90,N-A-H,S,A,W,5,5,0,1103;2207;3301;4409;5519,,1.0,1.0,1.0,0.3164976705793421,
AR90,N-A-H,S,B,W,5,5,0,1103;2207;3301;4409;5519,,1.0,1.0,1.0,0.3242825934003983,
AR90,N-A-H,S,SAME,W,5,5,0,1103;2207;3301;4409;5519,,1.0,1.0,1.0,0.3242825934003983,
AR90,N-A-L,S,A,W,5,5,0,1103;2207;3301;4409;5519,,1.0,1.0,1.0,0.3164976705793421,
AR90,N-A-L,S,B,W,5,5,0,1103;2207;3301;4409;5519,,1.0,1.0,1.0,0.3183956267010082,
AR90,N-A-L,S,SAME,W,5,5,0,1103;2207;3301;4409;5519,,1.0,1.0,1.0,0.3183956267010082,
AR90,N-A-X,S,A,stress,5,5,0,1103;2207;3301;4409;5519,,1.0,1.0,1.0,0.4083147377525215,
AR90,N-A-X,S,B,stress,5,5,0,1103;2207;3301;4409;5519,,1.0,1.0,1.0,0.41865071978325036,
AR90,N-A-X,S,SAME,stress,5,5,0,1103;2207;3301;4409;5519,,1.0,1.0,1.0,0.5992922251993185,
AR90,N-G-H,S,A,W,5,5,0,1103;2207;3301;4409;5519,,1.0,1.0,1.0,0.3164976705793421,
AR90,N-G-H,S,B,W,5,5,0,1103;2207;3301;4409;5519,,1.0,1.0,1.0,0.34963927051888316,
AR90,N-G-H,S,SAME,W,5,5,0,1103;2207;3301;4409;5519,,1.0,1.0,1.0,0.34963927051888316,
AR90,N-G-L,S,A,W,5,5,0,1103;2207;3301;4409;5519,,1.0,1.0,1.0,0.3164976705793421,
AR90,N-G-L,S,B,W,5,5,0,1103;2207;3301;4409;5519,,1.0,1.0,1.0,0.32222961533011024,
AR90,N-G-L,S,SAME,W,5,5,0,1103;2207;3301;4409;5519,,1.0,1.0,1.0,0.32222961533011024,
AR90,N-G-X,S,A,stress,5,5,0,1103;2207;3301;4409;5519,,1.0,1.0,1.0,5.05,A.initialization;A.orientation;AR90:rep-1.elevation_duration_s;AR90:rep-1.elevation_speed_max_rads;AR90:rep-1.elevation_speed_mean_rads;AR90:rep-1.hold_duration_s;AR90:rep-1.hold_speed_max_rads;AR90:rep-1.hold_speed_mean_rads;AR90:rep-1.rep_speed_max_rads;AR90:rep-1.return_duration_s;AR90:rep-1.return_speed_max_rads;AR90:rep-1.return_speed_mean_rads;AR90:rep-2.elevation_duration_s;AR90:rep-2.elevation_speed_max_rads;AR90:rep-2.elevation_speed_mean_rads;AR90:rep-2.hold_duration_s;AR90:rep-2.hold_speed_max_rads;AR90:rep-2.hold_speed_mean_rads;AR90:rep-2.rep_speed_max_rads;AR90:rep-2.return_duration_s;AR90:rep-2.return_speed_max_rads;AR90:rep-2.return_speed_mean_rads;AR90:rep-3.elevation_duration_s;AR90:rep-3.elevation_speed_max_rads;AR90:rep-3.elevation_speed_mean_rads;AR90:rep-3.hold_duration_s;AR90:rep-3.hold_speed_max_rads;AR90:rep-3.hold_speed_mean_rads;AR90:rep-3.rep_speed_max_rads;AR90:rep-3.return_duration_s;AR90:rep-3.return_speed_max_rads;AR90:rep-3.return_speed_mean_rads;interval_speed;summary.elevation_duration_s.maximum;summary.elevation_duration_s.mean;summary.elevation_speed_max_rads.maximum;summary.elevation_speed_max_rads.mean;summary.elevation_speed_mean_rads.maximum;summary.elevation_speed_mean_rads.mean;summary.hold_duration_s.maximum;summary.hold_duration_s.mean;summary.hold_speed_max_rads.support;summary.hold_speed_mean_rads.support;summary.rep_speed_max_rads.maximum;summary.rep_speed_max_rads.mean;summary.return_duration_s.maximum;summary.return_duration_s.mean;summary.return_speed_max_rads.maximum;summary.return_speed_max_rads.mean;summary.return_speed_mean_rads.maximum;summary.return_speed_mean_rads.mean
AR90,N-G-X,S,B,stress,5,5,0,1103;2207;3301;4409;5519,,1.0,1.0,1.0,5.05,AR90:rep-1.elevation_duration_s;AR90:rep-1.elevation_speed_max_rads;AR90:rep-1.elevation_speed_mean_rads;AR90:rep-1.hold_duration_s;AR90:rep-1.hold_speed_max_rads;AR90:rep-1.hold_speed_mean_rads;AR90:rep-1.rep_speed_max_rads;AR90:rep-1.return_duration_s;AR90:rep-1.return_speed_max_rads;AR90:rep-1.return_speed_mean_rads;AR90:rep-2.elevation_duration_s;AR90:rep-2.elevation_speed_max_rads;AR90:rep-2.elevation_speed_mean_rads;AR90:rep-2.hold_duration_s;AR90:rep-2.hold_speed_max_rads;AR90:rep-2.hold_speed_mean_rads;AR90:rep-2.rep_speed_max_rads;AR90:rep-2.return_duration_s;AR90:rep-2.return_speed_max_rads;AR90:rep-2.return_speed_mean_rads;AR90:rep-3.elevation_duration_s;AR90:rep-3.elevation_speed_max_rads;AR90:rep-3.elevation_speed_mean_rads;AR90:rep-3.hold_duration_s;AR90:rep-3.hold_speed_max_rads;AR90:rep-3.hold_speed_mean_rads;AR90:rep-3.rep_speed_max_rads;AR90:rep-3.return_duration_s;AR90:rep-3.return_speed_max_rads;AR90:rep-3.return_speed_mean_rads;B.initialization;B.orientation;interval_speed;summary.elevation_duration_s.maximum;summary.elevation_duration_s.mean;summary.elevation_speed_max_rads.maximum;summary.elevation_speed_max_rads.mean;summary.elevation_speed_mean_rads.maximum;summary.elevation_speed_mean_rads.mean;summary.hold_duration_s.maximum;summary.hold_duration_s.mean;summary.hold_speed_max_rads.support;summary.hold_speed_mean_rads.support;summary.rep_speed_max_rads.maximum;summary.rep_speed_max_rads.mean;summary.return_duration_s.maximum;summary.return_duration_s.mean;summary.return_speed_max_rads.maximum;summary.return_speed_max_rads.mean;summary.return_speed_mean_rads.maximum;summary.return_speed_mean_rads.mean
AR90,N-G-X,S,SAME,stress,5,5,0,1103;2207;3301;4409;5519,,1.0,1.0,1.0,5.05,A.initialization;A.orientation;AR90:rep-1.elevation_duration_s;AR90:rep-1.elevation_speed_max_rads;AR90:rep-1.elevation_speed_mean_rads;AR90:rep-1.hold_duration_s;AR90:rep-1.hold_speed_max_rads;AR90:rep-1.hold_speed_mean_rads;AR90:rep-1.rep_speed_max_rads;AR90:rep-1.return_duration_s;AR90:rep-1.return_speed_max_rads;AR90:rep-1.return_speed_mean_rads;AR90:rep-2.elevation_duration_s;AR90:rep-2.elevation_speed_max_rads;AR90:rep-2.elevation_speed_mean_rads;AR90:rep-2.hold_duration_s;AR90:rep-2.hold_speed_max_rads;AR90:rep-2.hold_speed_mean_rads;AR90:rep-2.rep_speed_max_rads;AR90:rep-2.return_duration_s;AR90:rep-2.return_speed_max_rads;AR90:rep-2.return_speed_mean_rads;AR90:rep-3.elevation_duration_s;AR90:rep-3.elevation_speed_max_rads;AR90:rep-3.elevation_speed_mean_rads;AR90:rep-3.hold_duration_s;AR90:rep-3.hold_speed_max_rads;AR90:rep-3.hold_speed_mean_rads;AR90:rep-3.rep_speed_max_rads;AR90:rep-3.return_duration_s;AR90:rep-3.return_speed_max_rads;AR90:rep-3.return_speed_mean_rads;B.initialization;B.orientation;interval_speed;summary.elevation_duration_s.maximum;summary.elevation_duration_s.mean;summary.elevation_speed_max_rads.maximum;summary.elevation_speed_max_rads.mean;summary.elevation_speed_mean_rads.maximum;summary.elevation_speed_mean_rads.mean;summary.hold_duration_s.maximum;summary.hold_duration_s.mean;summary.hold_speed_max_rads.support;summary.hold_speed_mean_rads.support;summary.rep_speed_max_rads.maximum;summary.rep_speed_max_rads.mean;summary.return_duration_s.maximum;summary.return_duration_s.mean;summary.return_speed_max_rads.maximum;summary.return_speed_max_rads.mean;summary.return_speed_mean_rads.maximum;summary.return_speed_mean_rads.mean
F90,B-C-H,S,A,W,1,1,0,0,,1.0,1.0,1.0,0.3165399432627146,
F90,B-C-H,S,B,W,1,1,0,0,,1.0,1.0,1.0,0.2780433504516778,
F90,B-C-H,S,DIFF,W,1,1,0,0,,1.0,1.0,1.0,0.3549629537901817,
F90,B-C-H,S,SAME,W,1,1,0,0,,1.0,1.0,1.0,0.2780433504516778,
F90,B-C-L,S,A,W,1,1,0,0,,1.0,1.0,1.0,0.3165399432627146,
F90,B-C-L,S,B,W,1,1,0,0,,1.0,1.0,1.0,0.3129682372686006,
F90,B-C-L,S,DIFF,W,1,1,0,0,,1.0,1.0,1.0,0.3200709238450385,
F90,B-C-L,S,SAME,W,1,1,0,0,,1.0,1.0,1.0,0.3129682372686006,
F90,B-C-X,S,A,stress,1,1,0,0,,1.0,1.0,1.0,2.0003636164203313,A.initialization;A.orientation
F90,B-C-X,S,B,stress,1,1,0,0,,1.0,1.0,1.0,2.228933357010112,B.initialization;B.orientation
F90,B-C-X,S,DIFF,stress,1,1,0,0,,1.0,1.0,1.0,2.251470027395568,A.initialization;A.orientation;B.initialization;B.orientation;F90:rep-1.peak_elevation_rad;F90:rep-2.peak_elevation_rad;F90:rep-3.peak_elevation_rad;elevation;summary.peak_elevation_rad.maximum;summary.peak_elevation_rad.mean
F90,B-C-X,S,SAME,stress,1,1,0,0,,1.0,1.0,1.0,2.228933357010112,A.initialization;A.orientation;B.initialization;B.orientation
F90,B-R-H,S,A,W,1,1,0,0,,1.0,1.0,1.0,0.3165399432627146,
F90,B-R-H,S,B,W,1,1,0,0,,1.0,1.0,1.0,0.3143261857783636,
F90,B-R-H,S,DIFF,W,1,1,0,0,,1.0,1.0,1.0,0.3186997954704924,
F90,B-R-H,S,SAME,W,1,1,0,0,,1.0,1.0,1.0,0.3143261857783636,
F90,B-R-L,S,A,W,1,1,0,0,,1.0,1.0,1.0,0.3165399432627146,
F90,B-R-L,S,B,W,1,1,0,0,,1.0,1.0,1.0,0.31630400915057805,
F90,B-R-L,S,DIFF,W,1,1,0,0,,1.0,1.0,1.0,0.31675103799017773,
F90,B-R-L,S,SAME,W,1,1,0,0,,1.0,1.0,1.0,0.31630400915057805,
F90,B-R-X,S,A,stress,1,1,0,0,,1.0,1.0,1.0,3.5192144094183933,A.orientation;elevation
F90,B-R-X,S,B,stress,1,1,0,0,,1.0,1.0,1.0,3.657697600431016,B.orientation;elevation
F90,B-R-X,S,DIFF,stress,1,1,0,0,,1.0,1.0,1.0,3.5192144094183933,A.orientation;B.orientation;F90:rep-2.peak_elevation_rad;F90:rep-3.end_confirmation;F90:rep-3.end_us;F90:rep-3.peak_elevation_rad;F90:rep-3.rep_duration_s;elevation;summary.peak_elevation_rad.maximum;summary.peak_elevation_rad.mean;summary.rep_duration_s.maximum
F90,B-R-X,S,SAME,stress,1,1,0,0,,1.0,1.0,1.0,3.657697600431016,A.orientation;B.orientation
F90,C-APPLY,S,SAME,C,1,1,0,0,,1.0,1.0,1.0,0.7913498581567865,
F90,C-FIT-H,S,SAME,W,5,5,0,1103;2207;3301;4409;5519,,1.0,1.0,1.0,0.4021766306593621,
F90,C-FIT-L,S,SAME,W,5,5,0,1103;2207;3301;4409;5519,,1.0,1.0,1.0,0.4021766306593621,
F90,CLEAN-E,E,SAME,C,1,1,0,0,,1.0,1.0,1.0,0.00248245868306185,
F90,CLEAN-Q,Q,SAME,C,1,1,0,0,,1.0,1.0,1.0,0.8112370647990559,
F90,CLEAN-S,S,SAME,C,1,1,0,0,,1.0,1.0,1.0,0.7913498581567865,
F90,D-C-0-exact,S,B,W,1,1,0,0,,1.0,1.0,1.0,0.3165399432627146,
F90,D-C-0-wrong,S,B,stress,1,1,0,0,,1.0,1.0,1.0,10.032813313307884,F90:rep-1.end_confirmation;F90:rep-1.end_us;F90:rep-1.start_confirmation;F90:rep-1.start_us;F90:rep-2.end_confirmation;F90:rep-2.end_us;F90:rep-2.start_confirmation;F90:rep-2.start_us;F90:rep-3.end_confirmation;F90:rep-3.end_us;F90:rep-3.start_confirmation;F90:rep-3.start_us;elevation;interval_speed
F90,D-C-H-minus-exact,S,B,W,1,1,0,0,,0.9993939393939393,1.0,1.0,0.28469805588901137,
F90,D-C-H-minus-wrong,S,B,stress,1,1,0,0,,1.0,1.0,1.0,10.034415062501832,F90:rep-1.end_confirmation;F90:rep-1.end_us;F90:rep-1.start_confirmation;F90:rep-1.start_us;F90:rep-2.end_confirmation;F90:rep-2.end_us;F90:rep-2.start_confirmation;F90:rep-2.start_us;F90:rep-3.end_confirmation;F90:rep-3.end_us;F90:rep-3.start_confirmation;F90:rep-3.start_us;elevation;interval_speed
F90,D-C-H-plus-exact,S,B,W,1,1,0,0,,1.0,1.0,1.0,0.34830668373821244,
F90,D-C-H-plus-wrong,S,B,stress,1,1,0,0,,1.0,1.0,1.0,10.031257511202472,F90:rep-1.end_confirmation;F90:rep-1.end_us;F90:rep-1.start_confirmation;F90:rep-1.start_us;F90:rep-2.end_confirmation;F90:rep-2.end_us;F90:rep-2.start_confirmation;F90:rep-2.start_us;F90:rep-3.end_confirmation;F90:rep-3.end_us;F90:rep-3.start_confirmation;F90:rep-3.start_us;elevation;interval_speed
F90,D-C-L-minus-exact,S,B,W,1,1,0,0,,0.9993939393939393,1.0,1.0,0.31015121124429396,
F90,D-C-L-minus-wrong,S,B,stress,1,1,0,0,,1.0,1.0,1.0,10.033141212102647,F90:rep-1.end_confirmation;F90:rep-1.end_us;F90:rep-1.start_confirmation;F90:rep-1.start_us;F90:rep-2.end_confirmation;F90:rep-2.end_us;F90:rep-2.start_confirmation;F90:rep-2.start_us;F90:rep-3.end_confirmation;F90:rep-3.end_us;F90:rep-3.start_confirmation;F90:rep-3.start_us;elevation;interval_speed
F90,D-C-L-plus-exact,S,B,W,1,1,0,0,,0.9993939393939393,1.0,1.0,0.3228850689018415,
F90,D-C-L-plus-wrong,S,B,stress,1,1,0,0,,1.0,1.0,1.0,10.032501482364077,F90:rep-1.end_confirmation;F90:rep-1.end_us;F90:rep-1.start_confirmation;F90:rep-1.start_us;F90:rep-2.end_confirmation;F90:rep-2.end_us;F90:rep-2.start_confirmation;F90:rep-2.start_us;F90:rep-3.end_confirmation;F90:rep-3.end_us;F90:rep-3.start_confirmation;F90:rep-3.start_us;elevation;interval_speed
F90,D-C-X-minus-exact,S,B,stress,1,1,0,0,,0.9993939393939393,1.0,1.0,0.0021992906885299614,
F90,D-C-X-minus-wrong,S,B,stress,1,1,0,0,,1.0,1.0,1.0,10.050089162719644,F90:rep-1.end_confirmation;F90:rep-1.end_us;F90:rep-1.peak_support;F90:rep-1.start_confirmation;F90:rep-1.start_us;F90:rep-2.end_confirmation;F90:rep-2.end_us;F90:rep-2.peak_support;F90:rep-2.start_confirmation;F90:rep-2.start_us;F90:rep-3.end_confirmation;F90:rep-3.end_us;F90:rep-3.peak_support;F90:rep-3.start_confirmation;F90:rep-3.start_us;elevation;interval_speed
F90,D-C-X-plus-exact,S,B,stress,1,1,0,0,,1.0,1.0,1.0,0.6341777823597685,
F90,D-C-X-plus-wrong,S,B,stress,1,1,0,0,,1.0,1.0,1.0,10.018482910600142,F90:rep-1.end_confirmation;F90:rep-1.end_us;F90:rep-1.start_confirmation;F90:rep-1.start_us;F90:rep-2.end_confirmation;F90:rep-2.end_us;F90:rep-2.start_confirmation;F90:rep-2.start_us;F90:rep-3.end_confirmation;F90:rep-3.end_us;F90:rep-3.start_confirmation;F90:rep-3.start_us;elevation;interval_speed
F90,D-H-H-sensor,S,A,W,1,1,0,0,,1.0,1.0,1.0,0.43000516711087244,
F90,D-H-H-sensor,S,B,W,1,1,0,0,,1.0,1.0,1.0,0.4694635794480177,
F90,D-H-H-sensor,S,DIFF,W,1,1,0,0,,1.0,1.0,1.0,0.4694635794480177,
F90,D-H-H-sensor,S,SAME,W,1,1,0,0,,1.0,1.0,1.0,0.4694635794480177,
F90,D-H-H-world,E,A,W,1,1,0,0,,1.0,1.0,1.0,0.33,
F90,D-H-H-world,E,B,W,1,1,0,0,,1.0,1.0,1.0,0.33,
F90,D-H-H-world,E,DIFF,W,1,1,0,0,,1.0,1.0,1.0,0.33,
F90,D-H-H-world,E,SAME,W,1,1,0,0,,1.0,1.0,1.0,0.33,
F90,D-H-L-sensor,S,A,W,1,1,0,0,,1.0,1.0,1.0,0.3165399432627146,
F90,D-H-L-sensor,S,B,W,1,1,0,0,,1.0,1.0,1.0,0.3168085384309652,
F90,D-H-L-sensor,S,DIFF,W,1,1,0,0,,1.0,1.0,1.0,0.3168085384309652,
F90,D-H-L-sensor,S,SAME,W,1,1,0,0,,1.0,1.0,1.0,0.3168085384309652,
F90,D-H-L-world,E,A,W,1,1,0,0,,1.0,1.0,1.0,0.032999999999999995,
F90,D-H-L-world,E,B,W,1,1,0,0,,1.0,1.0,1.0,0.032999999999999995,
F90,D-H-L-world,E,DIFF,W,1,1,0,0,,1.0,1.0,1.0,0.032999999999999995,
F90,D-H-L-world,E,SAME,W,1,1,0,0,,1.0,1.0,1.0,0.032999999999999995,
F90,D-H-X-sensor,S,A,stress,1,1,0,0,,1.0,1.0,0.0,4.299997469161177,A.orientation
F90,D-H-X-sensor,S,B,stress,1,1,0,0,,1.0,1.0,1.0,4.302185184997875,B.orientation
F90,D-H-X-sensor,S,DIFF,stress,1,1,0,0,,1.0,1.0,0.0,4.302185184997875,A.orientation;B.orientation
F90,D-H-X-sensor,S,SAME,stress,1,1,0,0,,1.0,1.0,0.0,4.302185184997875,A.orientation;B.orientation
F90,D-H-X-world,E,A,stress,1,1,0,0,,1.0,1.0,0.0,3.300000000000001,A.initialization;A.orientation
F90,D-H-X-world,E,B,stress,1,1,0,0,,1.0,1.0,1.0,3.300000000000001,B.initialization;B.orientation
F90,D-H-X-world,E,DIFF,stress,1,1,0,0,,1.0,1.0,0.0,3.300000000000001,A.initialization;A.orientation;B.initialization;B.orientation
F90,D-H-X-world,E,SAME,stress,1,1,0,0,,1.0,1.0,0.0,3.300000000000001,A.initialization;A.orientation;B.initialization;B.orientation
F90,EV-align-A-E,E,SAME,evidence,1,1,0,0,,0.0,0.0,,1.1040546815383531e-13,counts;coverage;detected_count;elevation;interval_speed;summary.active_s;summary.cadence_per_s;summary.rom_cv;summary.rom_max_rad;summary.rom_mean_rad;summary.rom_range_rad;summary.rom_sd_rad
F90,EV-align-A-S,S,SAME,evidence,1,1,0,0,,0.0,0.0,,0.3165399432627146,counts;coverage;detected_count;elevation;interval_speed;summary.active_s;summary.cadence_per_s;summary.rom_cv;summary.rom_max_rad;summary.rom_mean_rad;summary.rom_range_rad;summary.rom_sd_rad
F90,EV-align-A-assumed-E,E,SAME,evidence,1,1,0,0,,1.0,1.0,1.0,2.370573422584141e-12,
F90,EV-align-A-assumed-S,S,SAME,evidence,1,1,0,0,,1.0,1.0,1.0,0.3165399432627146,
F90,EV-align-A-epoch-E,E,SAME,evidence,1,1,0,0,,0.0,0.0,,1.1040546815383531e-13,counts;coverage;detected_count;elevation;interval_speed;summary.active_s;summary.cadence_per_s;summary.rom_cv;summary.rom_max_rad;summary.rom_mean_rad;summary.rom_range_rad;summary.rom_sd_rad
F90,EV-align-A-epoch-S,S,SAME,evidence,1,1,0,0,,0.0,0.0,,0.3165399432627146,counts;coverage;detected_count;elevation;interval_speed;summary.active_s;summary.cadence_per_s;summary.rom_cv;summary.rom_max_rad;summary.rom_mean_rad;summary.rom_range_rad;summary.rom_sd_rad
F90,EV-align-A-expired-E,E,SAME,evidence,1,1,0,0,,0.0,0.0,,1.1040546815383531e-13,counts;coverage;detected_count;elevation;interval_speed;summary.active_s;summary.cadence_per_s;summary.rom_cv;summary.rom_max_rad;summary.rom_mean_rad;summary.rom_range_rad;summary.rom_sd_rad
F90,EV-align-A-expired-S,S,SAME,evidence,1,1,0,0,,0.0,0.0,,0.3165399432627146,counts;coverage;detected_count;elevation;interval_speed;summary.active_s;summary.cadence_per_s;summary.rom_cv;summary.rom_max_rad;summary.rom_mean_rad;summary.rom_range_rad;summary.rom_sd_rad
F90,EV-align-A-hash-E,E,SAME,evidence,1,1,0,0,,0.0,0.0,,1.1040546815383531e-13,counts;coverage;detected_count;elevation;interval_speed;summary.active_s;summary.cadence_per_s;summary.rom_cv;summary.rom_max_rad;summary.rom_mean_rad;summary.rom_range_rad;summary.rom_sd_rad
F90,EV-align-A-hash-S,S,SAME,evidence,1,1,0,0,,0.0,0.0,,0.3165399432627146,counts;coverage;detected_count;elevation;interval_speed;summary.active_s;summary.cadence_per_s;summary.rom_cv;summary.rom_max_rad;summary.rom_mean_rad;summary.rom_range_rad;summary.rom_sd_rad
F90,EV-align-A-node-E,E,SAME,evidence,1,1,0,0,,0.0,0.0,,1.1040546815383531e-13,counts;coverage;detected_count;elevation;interval_speed;summary.active_s;summary.cadence_per_s;summary.rom_cv;summary.rom_max_rad;summary.rom_mean_rad;summary.rom_range_rad;summary.rom_sd_rad
F90,EV-align-A-node-S,S,SAME,evidence,1,1,0,0,,0.0,0.0,,0.3165399432627146,counts;coverage;detected_count;elevation;interval_speed;summary.active_s;summary.cadence_per_s;summary.rom_cv;summary.rom_max_rad;summary.rom_mean_rad;summary.rom_range_rad;summary.rom_sd_rad
F90,EV-align-A-remount-E,E,SAME,evidence,1,1,0,0,,0.0,0.0,,1.1040546815383531e-13,counts;coverage;detected_count;elevation;interval_speed;summary.active_s;summary.cadence_per_s;summary.rom_cv;summary.rom_max_rad;summary.rom_mean_rad;summary.rom_range_rad;summary.rom_sd_rad
F90,EV-align-A-remount-S,S,SAME,evidence,1,1,0,0,,0.0,0.0,,0.3165399432627146,counts;coverage;detected_count;elevation;interval_speed;summary.active_s;summary.cadence_per_s;summary.rom_cv;summary.rom_max_rad;summary.rom_mean_rad;summary.rom_range_rad;summary.rom_sd_rad
F90,EV-align-A-side-E,E,SAME,evidence,1,1,0,0,,0.0,0.0,,1.1040546815383531e-13,counts;coverage;detected_count;elevation;interval_speed;summary.active_s;summary.cadence_per_s;summary.rom_cv;summary.rom_max_rad;summary.rom_mean_rad;summary.rom_range_rad;summary.rom_sd_rad
F90,EV-align-A-side-S,S,SAME,evidence,1,1,0,0,,0.0,0.0,,0.3165399432627146,counts;coverage;detected_count;elevation;interval_speed;summary.active_s;summary.cadence_per_s;summary.rom_cv;summary.rom_max_rad;summary.rom_mean_rad;summary.rom_range_rad;summary.rom_sd_rad
F90,EV-align-A-world-E,E,SAME,evidence,1,1,0,0,,0.0,0.0,,1.1040546815383531e-13,
F90,EV-align-A-world-S,S,SAME,evidence,1,1,0,0,,0.0,0.0,,0.3165399432627146,
F90,EV-align-B-E,E,SAME,evidence,1,1,0,0,,0.0,0.0,,1.1040546815383531e-13,counts;coverage;detected_count;elevation;interval_speed;summary.active_s;summary.cadence_per_s;summary.rom_cv;summary.rom_max_rad;summary.rom_mean_rad;summary.rom_range_rad;summary.rom_sd_rad
F90,EV-align-B-S,S,SAME,evidence,1,1,0,0,,0.0,0.0,,0.3165399432627146,counts;coverage;detected_count;elevation;interval_speed;summary.active_s;summary.cadence_per_s;summary.rom_cv;summary.rom_max_rad;summary.rom_mean_rad;summary.rom_range_rad;summary.rom_sd_rad
F90,EV-align-B-assumed-E,E,SAME,evidence,1,1,0,0,,1.0,1.0,1.0,2.370573422584141e-12,
F90,EV-align-B-assumed-S,S,SAME,evidence,1,1,0,0,,1.0,1.0,1.0,0.3165399432627146,
F90,EV-align-B-epoch-E,E,SAME,evidence,1,1,0,0,,0.0,0.0,,1.1040546815383531e-13,counts;coverage;detected_count;elevation;interval_speed;summary.active_s;summary.cadence_per_s;summary.rom_cv;summary.rom_max_rad;summary.rom_mean_rad;summary.rom_range_rad;summary.rom_sd_rad
F90,EV-align-B-epoch-S,S,SAME,evidence,1,1,0,0,,0.0,0.0,,0.3165399432627146,counts;coverage;detected_count;elevation;interval_speed;summary.active_s;summary.cadence_per_s;summary.rom_cv;summary.rom_max_rad;summary.rom_mean_rad;summary.rom_range_rad;summary.rom_sd_rad
F90,EV-align-B-expired-E,E,SAME,evidence,1,1,0,0,,0.0,0.0,,1.1040546815383531e-13,counts;coverage;detected_count;elevation;interval_speed;summary.active_s;summary.cadence_per_s;summary.rom_cv;summary.rom_max_rad;summary.rom_mean_rad;summary.rom_range_rad;summary.rom_sd_rad
F90,EV-align-B-expired-S,S,SAME,evidence,1,1,0,0,,0.0,0.0,,0.3165399432627146,counts;coverage;detected_count;elevation;interval_speed;summary.active_s;summary.cadence_per_s;summary.rom_cv;summary.rom_max_rad;summary.rom_mean_rad;summary.rom_range_rad;summary.rom_sd_rad
F90,EV-align-B-hash-E,E,SAME,evidence,1,1,0,0,,0.0,0.0,,1.1040546815383531e-13,counts;coverage;detected_count;elevation;interval_speed;summary.active_s;summary.cadence_per_s;summary.rom_cv;summary.rom_max_rad;summary.rom_mean_rad;summary.rom_range_rad;summary.rom_sd_rad
F90,EV-align-B-hash-S,S,SAME,evidence,1,1,0,0,,0.0,0.0,,0.3165399432627146,counts;coverage;detected_count;elevation;interval_speed;summary.active_s;summary.cadence_per_s;summary.rom_cv;summary.rom_max_rad;summary.rom_mean_rad;summary.rom_range_rad;summary.rom_sd_rad
F90,EV-align-B-node-E,E,SAME,evidence,1,1,0,0,,0.0,0.0,,1.1040546815383531e-13,counts;coverage;detected_count;elevation;interval_speed;summary.active_s;summary.cadence_per_s;summary.rom_cv;summary.rom_max_rad;summary.rom_mean_rad;summary.rom_range_rad;summary.rom_sd_rad
F90,EV-align-B-node-S,S,SAME,evidence,1,1,0,0,,0.0,0.0,,0.3165399432627146,counts;coverage;detected_count;elevation;interval_speed;summary.active_s;summary.cadence_per_s;summary.rom_cv;summary.rom_max_rad;summary.rom_mean_rad;summary.rom_range_rad;summary.rom_sd_rad
F90,EV-align-B-remount-E,E,SAME,evidence,1,1,0,0,,0.0,0.0,,1.1040546815383531e-13,counts;coverage;detected_count;elevation;interval_speed;summary.active_s;summary.cadence_per_s;summary.rom_cv;summary.rom_max_rad;summary.rom_mean_rad;summary.rom_range_rad;summary.rom_sd_rad
F90,EV-align-B-remount-S,S,SAME,evidence,1,1,0,0,,0.0,0.0,,0.3165399432627146,counts;coverage;detected_count;elevation;interval_speed;summary.active_s;summary.cadence_per_s;summary.rom_cv;summary.rom_max_rad;summary.rom_mean_rad;summary.rom_range_rad;summary.rom_sd_rad
F90,EV-align-B-side-E,E,SAME,evidence,1,1,0,0,,0.0,0.0,,1.1040546815383531e-13,counts;coverage;detected_count;elevation;interval_speed;summary.active_s;summary.cadence_per_s;summary.rom_cv;summary.rom_max_rad;summary.rom_mean_rad;summary.rom_range_rad;summary.rom_sd_rad
F90,EV-align-B-side-S,S,SAME,evidence,1,1,0,0,,0.0,0.0,,0.3165399432627146,counts;coverage;detected_count;elevation;interval_speed;summary.active_s;summary.cadence_per_s;summary.rom_cv;summary.rom_max_rad;summary.rom_mean_rad;summary.rom_range_rad;summary.rom_sd_rad
F90,EV-align-B-world-E,E,SAME,evidence,1,1,0,0,,0.0,0.0,,1.1040546815383531e-13,
F90,EV-align-B-world-S,S,SAME,evidence,1,1,0,0,,0.0,0.0,,0.3165399432627146,
F90,EV-branch-T9-E,E,SAME,evidence,1,1,0,0,,,,,,
F90,EV-branch-T9-S,S,SAME,evidence,1,1,0,0,,,,,,
F90,EV-comparison-backend-E,E,SAME,evidence,1,1,0,0,,,,,,
F90,EV-comparison-backend-S,S,SAME,evidence,1,1,0,0,,,,,,
F90,EV-comparison-evidence-E,E,SAME,evidence,1,1,0,0,,,,,,
F90,EV-comparison-evidence-S,S,SAME,evidence,1,1,0,0,,,,,,
F90,EV-comparison-remount-E,E,SAME,evidence,1,1,0,0,,,,,,
F90,EV-comparison-remount-S,S,SAME,evidence,1,1,0,0,,,,,,
F90,EV-comparison-source-type-E,E,SAME,evidence,1,1,0,0,,,,,,
F90,EV-comparison-source-type-S,S,SAME,evidence,1,1,0,0,,,,,,
F90,EV-comparison-threshold-E,E,SAME,evidence,1,1,0,0,,,,,,
F90,EV-comparison-threshold-S,S,SAME,evidence,1,1,0,0,,,,,,
F90,EV-drift-above-E,E,SAME,evidence,1,1,0,0,,1.0,1.0,0.0,2.370573422584141e-12,F90:rep-1.proxy_unavailable;F90:rep-2.proxy_unavailable;F90:rep-3.proxy_unavailable;coverage
F90,EV-drift-above-S,S,SAME,evidence,1,1,0,0,,1.0,1.0,0.0,0.3165399432627146,F90:rep-1.proxy_unavailable;F90:rep-2.proxy_unavailable;F90:rep-3.proxy_unavailable;coverage
F90,EV-drift-below-E,E,SAME,evidence,1,1,0,0,,1.0,1.0,1.0,2.370573422584141e-12,
F90,EV-drift-below-S,S,SAME,evidence,1,1,0,0,,1.0,1.0,1.0,0.3165399432627146,
F90,EV-drift-equal-E,E,SAME,evidence,1,1,0,0,,1.0,1.0,1.0,2.370573422584141e-12,
F90,EV-drift-equal-S,S,SAME,evidence,1,1,0,0,,1.0,1.0,1.0,0.3165399432627146,
F90,EV-drift-uncovered-E,E,SAME,evidence,1,1,0,0,,1.0,1.0,0.0,2.370573422584141e-12,F90:rep-1.proxy_unavailable;F90:rep-2.proxy_unavailable;F90:rep-3.proxy_unavailable;coverage
F90,EV-drift-uncovered-S,S,SAME,evidence,1,1,0,0,,1.0,1.0,0.0,0.3165399432627146,F90:rep-1.proxy_unavailable;F90:rep-2.proxy_unavailable;F90:rep-3.proxy_unavailable;coverage
F90,EV-heading-E,E,SAME,evidence,1,1,0,0,,0.0,0.0,,1.1040546815383531e-13,counts;coverage;detected_count;elevation;interval_speed;summary.active_s;summary.cadence_per_s;summary.rom_cv;summary.rom_max_rad;summary.rom_mean_rad;summary.rom_range_rad;summary.rom_sd_rad
F90,EV-heading-S,S,SAME,evidence,1,1,0,0,,0.0,0.0,,0.3165399432627146,counts;coverage;detected_count;elevation;interval_speed;summary.active_s;summary.cadence_per_s;summary.rom_cv;summary.rom_max_rad;summary.rom_mean_rad;summary.rom_range_rad;summary.rom_sd_rad
F90,EV-heading-assumed-E,E,SAME,evidence,1,1,0,0,,1.0,1.0,1.0,2.370573422584141e-12,
F90,EV-heading-assumed-S,S,SAME,evidence,1,1,0,0,,1.0,1.0,1.0,0.3165399432627146,
F90,EV-heading-epoch-E,E,SAME,evidence,1,1,0,0,,0.0,0.0,,1.1040546815383531e-13,
F90,EV-heading-epoch-S,S,SAME,evidence,1,1,0,0,,0.0,0.0,,0.3165399432627146,
F90,EV-heading-hash-E,E,SAME,evidence,1,0,1,0,0,1.0,1.0,1.0,2.370573422584141e-12,expected_evidence_disposition
F90,EV-heading-hash-S,S,SAME,evidence,1,0,1,0,0,1.0,1.0,1.0,0.3165399432627146,expected_evidence_disposition
F90,EV-heading-node-E,E,SAME,evidence,1,1,0,0,,0.0,0.0,,1.1040546815383531e-13,
F90,EV-heading-node-S,S,SAME,evidence,1,1,0,0,,0.0,0.0,,0.3165399432627146,
F90,EV-heading-side-E,E,SAME,evidence,1,1,0,0,,0.0,0.0,,1.1040546815383531e-13,
F90,EV-heading-side-S,S,SAME,evidence,1,1,0,0,,0.0,0.0,,0.3165399432627146,
F90,EV-heading-world-E,E,SAME,evidence,1,1,0,0,,0.0,0.0,,1.1040546815383531e-13,counts;coverage;detected_count;elevation;interval_speed;summary.active_s;summary.cadence_per_s;summary.rom_cv;summary.rom_max_rad;summary.rom_mean_rad;summary.rom_range_rad;summary.rom_sd_rad
F90,EV-heading-world-S,S,SAME,evidence,1,1,0,0,,0.0,0.0,,0.3165399432627146,counts;coverage;detected_count;elevation;interval_speed;summary.active_s;summary.cadence_per_s;summary.rom_cv;summary.rom_max_rad;summary.rom_mean_rad;summary.rom_range_rad;summary.rom_sd_rad
F90,EV-map-A-E,E,SAME,evidence,1,1,0,0,,0.0,0.0,,1.1040546815383531e-13,counts;coverage;detected_count;elevation;interval_speed;summary.active_s;summary.cadence_per_s;summary.rom_cv;summary.rom_max_rad;summary.rom_mean_rad;summary.rom_range_rad;summary.rom_sd_rad
F90,EV-map-A-S,S,SAME,evidence,1,1,0,0,,0.0,0.0,,0.3165399432627146,counts;coverage;detected_count;elevation;interval_speed;summary.active_s;summary.cadence_per_s;summary.rom_cv;summary.rom_max_rad;summary.rom_mean_rad;summary.rom_range_rad;summary.rom_sd_rad
F90,EV-map-A-assumed-E,E,SAME,evidence,1,1,0,0,,1.0,1.0,1.0,2.370573422584141e-12,
F90,EV-map-A-assumed-S,S,SAME,evidence,1,1,0,0,,1.0,1.0,1.0,0.3165399432627146,
F90,EV-map-A-epoch-E,E,SAME,evidence,1,1,0,0,,0.0,0.0,,1.1040546815383531e-13,counts;coverage;detected_count;elevation;interval_speed;summary.active_s;summary.cadence_per_s;summary.rom_cv;summary.rom_max_rad;summary.rom_mean_rad;summary.rom_range_rad;summary.rom_sd_rad
F90,EV-map-A-epoch-S,S,SAME,evidence,1,1,0,0,,0.0,0.0,,0.3165399432627146,counts;coverage;detected_count;elevation;interval_speed;summary.active_s;summary.cadence_per_s;summary.rom_cv;summary.rom_max_rad;summary.rom_mean_rad;summary.rom_range_rad;summary.rom_sd_rad
F90,EV-map-A-expired-E,E,SAME,evidence,1,1,0,0,,0.0,0.0,,19.7,counts;coverage;detected_count;elevation;interval_speed;summary.active_s;summary.cadence_per_s;summary.rom_cv;summary.rom_max_rad;summary.rom_mean_rad;summary.rom_range_rad;summary.rom_sd_rad
F90,EV-map-A-expired-S,S,SAME,evidence,1,1,0,0,,0.0,0.0,,19.7,counts;coverage;detected_count;elevation;interval_speed;summary.active_s;summary.cadence_per_s;summary.rom_cv;summary.rom_max_rad;summary.rom_mean_rad;summary.rom_range_rad;summary.rom_sd_rad
F90,EV-map-A-hash-E,E,SAME,evidence,1,0,1,0,0,1.0,1.0,1.0,2.370573422584141e-12,expected_evidence_disposition
F90,EV-map-A-hash-S,S,SAME,evidence,1,0,1,0,0,1.0,1.0,1.0,0.3165399432627146,expected_evidence_disposition
F90,EV-map-A-node-E,E,SAME,evidence,1,1,0,0,,0.0,0.0,,1.1040546815383531e-13,counts;coverage;detected_count;elevation;interval_speed;summary.active_s;summary.cadence_per_s;summary.rom_cv;summary.rom_max_rad;summary.rom_mean_rad;summary.rom_range_rad;summary.rom_sd_rad
F90,EV-map-A-node-S,S,SAME,evidence,1,1,0,0,,0.0,0.0,,0.3165399432627146,counts;coverage;detected_count;elevation;interval_speed;summary.active_s;summary.cadence_per_s;summary.rom_cv;summary.rom_max_rad;summary.rom_mean_rad;summary.rom_range_rad;summary.rom_sd_rad
F90,EV-map-A-side-E,E,SAME,evidence,1,1,0,0,,0.0,0.0,,1.1040546815383531e-13,
F90,EV-map-A-side-S,S,SAME,evidence,1,1,0,0,,0.0,0.0,,0.3165399432627146,
F90,EV-map-A-world-E,E,SAME,evidence,1,1,0,0,,0.0,0.0,,1.1040546815383531e-13,
F90,EV-map-A-world-S,S,SAME,evidence,1,1,0,0,,0.0,0.0,,0.3165399432627146,
F90,EV-map-B-E,E,SAME,evidence,1,1,0,0,,0.0,0.0,,1.1040546815383531e-13,counts;coverage;detected_count;elevation;interval_speed;summary.active_s;summary.cadence_per_s;summary.rom_cv;summary.rom_max_rad;summary.rom_mean_rad;summary.rom_range_rad;summary.rom_sd_rad
F90,EV-map-B-S,S,SAME,evidence,1,1,0,0,,0.0,0.0,,0.3165399432627146,counts;coverage;detected_count;elevation;interval_speed;summary.active_s;summary.cadence_per_s;summary.rom_cv;summary.rom_max_rad;summary.rom_mean_rad;summary.rom_range_rad;summary.rom_sd_rad
F90,EV-map-B-assumed-E,E,SAME,evidence,1,1,0,0,,1.0,1.0,1.0,2.370573422584141e-12,
F90,EV-map-B-assumed-S,S,SAME,evidence,1,1,0,0,,1.0,1.0,1.0,0.3165399432627146,
F90,EV-map-B-epoch-E,E,SAME,evidence,1,1,0,0,,0.0,0.0,,1.1040546815383531e-13,counts;coverage;detected_count;elevation;interval_speed;summary.active_s;summary.cadence_per_s;summary.rom_cv;summary.rom_max_rad;summary.rom_mean_rad;summary.rom_range_rad;summary.rom_sd_rad
F90,EV-map-B-epoch-S,S,SAME,evidence,1,1,0,0,,0.0,0.0,,0.3165399432627146,counts;coverage;detected_count;elevation;interval_speed;summary.active_s;summary.cadence_per_s;summary.rom_cv;summary.rom_max_rad;summary.rom_mean_rad;summary.rom_range_rad;summary.rom_sd_rad
F90,EV-map-B-expired-E,E,SAME,evidence,1,1,0,0,,0.0,0.0,,19.7,counts;coverage;detected_count;elevation;interval_speed;summary.active_s;summary.cadence_per_s;summary.rom_cv;summary.rom_max_rad;summary.rom_mean_rad;summary.rom_range_rad;summary.rom_sd_rad
F90,EV-map-B-expired-S,S,SAME,evidence,1,1,0,0,,0.0,0.0,,19.7,counts;coverage;detected_count;elevation;interval_speed;summary.active_s;summary.cadence_per_s;summary.rom_cv;summary.rom_max_rad;summary.rom_mean_rad;summary.rom_range_rad;summary.rom_sd_rad
F90,EV-map-B-hash-E,E,SAME,evidence,1,0,1,0,0,1.0,1.0,1.0,2.370573422584141e-12,expected_evidence_disposition
F90,EV-map-B-hash-S,S,SAME,evidence,1,0,1,0,0,1.0,1.0,1.0,0.3165399432627146,expected_evidence_disposition
F90,EV-map-B-node-E,E,SAME,evidence,1,1,0,0,,0.0,0.0,,1.1040546815383531e-13,counts;coverage;detected_count;elevation;interval_speed;summary.active_s;summary.cadence_per_s;summary.rom_cv;summary.rom_max_rad;summary.rom_mean_rad;summary.rom_range_rad;summary.rom_sd_rad
F90,EV-map-B-node-S,S,SAME,evidence,1,1,0,0,,0.0,0.0,,0.3165399432627146,counts;coverage;detected_count;elevation;interval_speed;summary.active_s;summary.cadence_per_s;summary.rom_cv;summary.rom_max_rad;summary.rom_mean_rad;summary.rom_range_rad;summary.rom_sd_rad
F90,EV-map-B-side-E,E,SAME,evidence,1,1,0,0,,0.0,0.0,,1.1040546815383531e-13,
F90,EV-map-B-side-S,S,SAME,evidence,1,1,0,0,,0.0,0.0,,0.3165399432627146,
F90,EV-map-B-world-E,E,SAME,evidence,1,1,0,0,,0.0,0.0,,1.1040546815383531e-13,
F90,EV-map-B-world-S,S,SAME,evidence,1,1,0,0,,0.0,0.0,,0.3165399432627146,
F90,EV-singularity-T8-E,E,SAME,evidence,1,1,0,0,,,,,,
F90,EV-singularity-T8-S,S,SAME,evidence,1,1,0,0,,,,,,
F90,EV-trace-E,E,SAME,evidence,1,1,0,0,,1.0,1.0,0.0,2.370573422584141e-12,F90:rep-1.proxy_unavailable;F90:rep-2.proxy_unavailable;F90:rep-3.proxy_unavailable;coverage
F90,EV-trace-S,S,SAME,evidence,1,1,0,0,,1.0,1.0,0.0,0.3165399432627146,F90:rep-1.proxy_unavailable;F90:rep-2.proxy_unavailable;F90:rep-3.proxy_unavailable;coverage
F90,EV-trace-epoch-E,E,SAME,evidence,1,1,0,0,,1.0,1.0,0.0,2.370573422584141e-12,F90:rep-1.proxy_unavailable;F90:rep-2.proxy_unavailable;F90:rep-3.proxy_unavailable;coverage
F90,EV-trace-epoch-S,S,SAME,evidence,1,1,0,0,,1.0,1.0,0.0,0.3165399432627146,F90:rep-1.proxy_unavailable;F90:rep-2.proxy_unavailable;F90:rep-3.proxy_unavailable;coverage
F90,EV-trace-hash-E,E,SAME,evidence,1,1,0,0,,1.0,1.0,0.0,2.370573422584141e-12,F90:rep-1.proxy_unavailable;F90:rep-2.proxy_unavailable;F90:rep-3.proxy_unavailable;coverage
F90,EV-trace-hash-S,S,SAME,evidence,1,1,0,0,,1.0,1.0,0.0,0.3165399432627146,F90:rep-1.proxy_unavailable;F90:rep-2.proxy_unavailable;F90:rep-3.proxy_unavailable;coverage
F90,EV-trace-node-E,E,SAME,evidence,1,1,0,0,,1.0,1.0,0.0,2.370573422584141e-12,F90:rep-1.proxy_unavailable;F90:rep-2.proxy_unavailable;F90:rep-3.proxy_unavailable;coverage
F90,EV-trace-node-S,S,SAME,evidence,1,1,0,0,,1.0,1.0,0.0,0.3165399432627146,F90:rep-1.proxy_unavailable;F90:rep-2.proxy_unavailable;F90:rep-3.proxy_unavailable;coverage
F90,EV-trace-side-E,E,SAME,evidence,1,1,0,0,,0.0,0.0,,2.370573422584141e-12,
F90,EV-trace-side-S,S,SAME,evidence,1,1,0,0,,0.0,0.0,,0.3165399432627146,
F90,EV-trace-world-E,E,SAME,evidence,1,1,0,0,,1.0,1.0,0.0,2.370573422584141e-12,F90:rep-1.proxy_unavailable;F90:rep-2.proxy_unavailable;F90:rep-3.proxy_unavailable;coverage
F90,EV-trace-world-S,S,SAME,evidence,1,1,0,0,,1.0,1.0,0.0,0.3165399432627146,F90:rep-1.proxy_unavailable;F90:rep-2.proxy_unavailable;F90:rep-3.proxy_unavailable;coverage
F90,EV-uncertainty-1999-E,E,SAME,evidence,1,1,0,0,,1.0,1.0,1.0,2.370573422584141e-12,
F90,EV-uncertainty-1999-S,S,SAME,evidence,1,1,0,0,,1.0,1.0,1.0,0.3165399432627146,
F90,EV-uncertainty-2000-E,E,SAME,evidence,1,1,0,0,,1.0,1.0,1.0,2.370573422584141e-12,
F90,EV-uncertainty-2000-S,S,SAME,evidence,1,1,0,0,,1.0,1.0,1.0,0.3165399432627146,
F90,EV-uncertainty-2001-E,E,SAME,evidence,1,1,0,0,,0.0,0.0,,1.1040546815383531e-13,counts;coverage;detected_count;elevation;interval_speed;summary.active_s;summary.cadence_per_s;summary.rom_cv;summary.rom_max_rad;summary.rom_mean_rad;summary.rom_range_rad;summary.rom_sd_rad
F90,EV-uncertainty-2001-S,S,SAME,evidence,1,1,0,0,,0.0,0.0,,0.3165399432627146,counts;coverage;detected_count;elevation;interval_speed;summary.active_s;summary.cadence_per_s;summary.rom_cv;summary.rom_max_rad;summary.rom_mean_rad;summary.rom_range_rad;summary.rom_sd_rad
F90,GAP-49999-E,E,SAME,boundary,1,1,0,0,,1.0,1.0,1.0,7.99995999919946,interval_speed
F90,GAP-49999-S,S,SAME,boundary,1,1,0,0,,1.0,1.0,1.0,9.976260163980237,interval_speed
F90,GAP-50000-E,E,SAME,boundary,1,1,0,0,,1.0,1.0,1.0,7.9999999999996625,interval_speed
F90,GAP-50000-S,S,SAME,boundary,1,1,0,0,,1.0,1.0,1.0,9.976260194104226,interval_speed
F90,GAP-50001-E,E,SAME,boundary,1,1,0,0,,0.9963636363636365,0.6666666666666666,1.0,6.566666666666666,F90:rep-1.missed;F90:rep-2.preceding_rest_duration_s;counts;detected_count;summary.active_s;summary.preceding_rest_duration_s.support
F90,GAP-50001-S,S,SAME,rejection,1,1,0,0,,0.0,0.0,,,
F90,I-JL,S,SAME,W,5,0,5,1103;2207;3301;4409;5519,1103;2207;3301;4409;5519,1.0,1.0,1.0,9.970318779229977,interval_speed
F90,I-NB,S,DIFF,W,5,5,0,1103;2207;3301;4409;5519,,1.0,1.0,1.0,0.38476301561185017,
F90,INPUT-accel-clipped,S,SAME,rejection,1,1,0,0,,0.0,0.0,,1.2722218725854067e-14,
F90,INPUT-accel-range,S,SAME,rejection,1,1,0,0,,0.0,0.0,,1.2722218725854067e-14,
F90,INPUT-crc,S,SAME,rejection,1,1,0,0,,,,,,
F90,INPUT-duplicate-time,S,SAME,rejection,1,1,0,0,,0.0,0.0,,1.2722218725854067e-14,
F90,INPUT-empty,S,SAME,rejection,1,1,0,0,,0.0,0.0,,1.2722218725854067e-14,
F90,INPUT-epoch-reset,S,SAME,boundary,1,1,0,0,,,,,,
F90,INPUT-gyro-clipped,S,SAME,rejection,1,1,0,0,,0.0,0.0,,1.2722218725854067e-14,
F90,INPUT-gyro-range,S,SAME,rejection,1,1,0,0,,0.0,0.0,,1.2722218725854067e-14,
F90,INPUT-hash,S,SAME,rejection,1,1,0,0,,,,,,
F90,INPUT-inf-force,S,SAME,rejection,1,1,0,0,,0.0,0.0,,1.2722218725854067e-14,
F90,INPUT-inf-rate,S,SAME,rejection,1,1,0,0,,0.0,0.0,,1.2722218725854067e-14,
F90,INPUT-nan-force,S,SAME,rejection,1,1,0,0,,0.0,0.0,,1.2722218725854067e-14,
F90,INPUT-nan-rate,S,SAME,rejection,1,1,0,0,,0.0,0.0,,1.2722218725854067e-14,
F90,INPUT-node,S,SAME,rejection,1,1,0,0,,,,,,
F90,INPUT-one-row,S,SAME,boundary,1,1,0,0,,0.0,0.0,,1.2722218725854067e-14,B.orientation;counts;coverage;detected_count;elevation;interval_speed;summary.active_s;summary.cadence_per_s;summary.rom_cv;summary.rom_max_rad;summary.rom_mean_rad;summary.rom_range_rad;summary.rom_sd_rad
F90,INPUT-reverse-time,S,SAME,rejection,1,1,0,0,,0.0,0.0,,1.2722218725854067e-14,
F90,INPUT-zero-force,S,SAME,rejection,1,1,0,0,,0.0,0.0,,1.2722218725854067e-14,
F90,J-S-H,S,A,W,5,5,0,1103;2207;3301;4409;5519,,1.0,1.0,1.0,0.3165399432627146,
F90,J-S-H,S,B,W,5,5,0,1103;2207;3301;4409;5519,,1.0,1.0,1.0,0.3189687331129807,
F90,J-S-H,S,SAME,W,5,5,0,1103;2207;3301;4409;5519,,1.0,1.0,1.0,0.3189687331129807,
F90,J-S-L,S,A,W,5,5,0,1103;2207;3301;4409;5519,,1.0,1.0,1.0,0.3165399432627146,
F90,J-S-L,S,B,W,5,5,0,1103;2207;3301;4409;5519,,1.0,1.0,1.0,0.31655309666275083,
F90,J-S-L,S,SAME,W,5,5,0,1103;2207;3301;4409;5519,,1.0,1.0,1.0,0.31655309666275083,
F90,J-S-X,S,A,stress,5,5,0,1103;2207;3301;4409;5519,,0.0,0.0,,,
F90,J-S-X,S,B,stress,5,5,0,1103;2207;3301;4409;5519,,0.0,0.0,,1.2722218725854067e-14,
F90,J-S-X,S,SAME,stress,5,5,0,1103;2207;3301;4409;5519,,0.0,0.0,,,
F90,J-T-H,S,A,W,5,5,0,1103;2207;3301;4409;5519,,1.0,1.0,1.0,0.3165399432627146,
F90,J-T-H,S,B,W,5,5,0,1103;2207;3301;4409;5519,,1.0,1.0,1.0,0.3712698208614202,
F90,J-T-H,S,SAME,W,5,5,0,1103;2207;3301;4409;5519,,1.0,1.0,1.0,0.3712698208614202,
F90,J-T-L,S,A,W,5,5,0,1103;2207;3301;4409;5519,,1.0,1.0,1.0,0.3165399432627146,
F90,J-T-L,S,B,W,5,5,0,1103;2207;3301;4409;5519,,1.0,1.0,1.0,0.31888530824190425,
F90,J-T-L,S,SAME,W,5,5,0,1103;2207;3301;4409;5519,,1.0,1.0,1.0,0.31888530824190425,
F90,J-T-X,S,A,stress,5,5,0,1103;2207;3301;4409;5519,,0.0,0.0,,,
F90,J-T-X,S,B,stress,5,5,0,1103;2207;3301;4409;5519,,0.0,0.0,,1.2722218725854067e-14,
F90,J-T-X,S,SAME,stress,5,5,0,1103;2207;3301;4409;5519,,0.0,0.0,,,
F90,L-P-BURST,Q,A,rejection,1,1,0,0,,0.0,0.0,,,
F90,L-P-BURST,Q,B,rejection,1,1,0,0,,0.0,0.0,,1.2722218725854067e-14,
F90,L-P-BURST,Q,SAME,rejection,1,1,0,0,,0.0,0.0,,,
F90,L-P-ONE,Q,A,W,1,1,0,0,,1.0,1.0,1.0,0.32449482591962236,
F90,L-P-ONE,Q,B,W,1,0,1,0,0,1.0,1.0,1.0,9.876690786449345,B.orientation;interval_speed
F90,L-P-ONE,Q,SAME,W,1,0,1,0,0,1.0,1.0,1.0,9.876690786449345,B.orientation;interval_speed
F90,L-P-PER,Q,A,W,1,1,0,0,,1.0,1.0,1.0,0.32449482591962236,
F90,L-P-PER,Q,B,W,1,0,1,0,0,1.0,1.0,1.0,10.203840655260572,interval_speed
F90,L-P-PER,Q,SAME,W,1,0,1,0,0,1.0,1.0,1.0,10.203840655260572,interval_speed
F90,L-S-BURST,S,A,rejection,1,1,0,0,,0.0,0.0,,,
F90,L-S-BURST,S,B,rejection,1,1,0,0,,0.0,0.0,,1.2722218725854067e-14,
F90,L-S-BURST,S,SAME,rejection,1,1,0,0,,0.0,0.0,,,
F90,L-S-ONE,S,A,W,1,1,0,0,,1.0,1.0,1.0,0.3165399432627146,
F90,L-S-ONE,S,B,W,1,0,1,0,0,1.0,1.0,1.0,9.976260132814936,interval_speed
F90,L-S-ONE,S,SAME,W,1,0,1,0,0,1.0,1.0,1.0,9.976260132814936,interval_speed
F90,L-S-PER,S,A,W,1,1,0,0,,1.0,1.0,1.0,0.3165399432627146,
F90,L-S-PER,S,B,W,1,0,1,0,0,1.0,1.0,1.0,10.05369195724174,interval_speed
F90,L-S-PER,S,SAME,W,1,0,1,0,0,1.0,1.0,1.0,10.05369195724174,interval_speed
F90,M4-C0,E,SAME,boundary,1,1,0,0,,,,,,
F90,M4-C1,E,SAME,boundary,1,1,0,0,,,,,,
F90,M4-C10,E,SAME,boundary,1,1,0,0,,,,,,
F90,M4-C11,E,SAME,boundary,1,1,0,0,,,,,,
F90,M4-C12,E,SAME,boundary,1,1,0,0,,,,,,
F90,M4-C13,E,SAME,boundary,1,1,0,0,,,,,,
F90,M4-C14,E,SAME,boundary,1,1,0,0,,,,,,
F90,M4-C15,E,SAME,boundary,1,1,0,0,,,,,,
F90,M4-C16,E,SAME,boundary,1,1,0,0,,,,,,
F90,M4-C17,E,SAME,boundary,1,1,0,0,,,,,,
F90,M4-C18,E,SAME,boundary,1,1,0,0,,,,,,
F90,M4-C19,E,SAME,boundary,1,1,0,0,,,,,,
F90,M4-C2,E,SAME,boundary,1,1,0,0,,,,,,
F90,M4-C20,E,SAME,boundary,1,1,0,0,,,,,,
F90,M4-C21,E,SAME,boundary,1,1,0,0,,,,,,
F90,M4-C3,E,SAME,boundary,1,1,0,0,,,,,,
F90,M4-C4,E,SAME,boundary,1,1,0,0,,,,,,
F90,M4-C5,E,SAME,boundary,1,1,0,0,,,,,,
F90,M4-C6,E,SAME,boundary,1,1,0,0,,,,,,
F90,M4-C7,E,SAME,boundary,1,1,0,0,,,,,,
F90,M4-C8,E,SAME,boundary,1,1,0,0,,,,,,
F90,M4-C9,E,SAME,boundary,1,1,0,0,,,,,,
F90,M4-P0,E,SAME,boundary,1,1,0,0,,,,,,
F90,M4-P1,E,SAME,boundary,1,1,0,0,,,,,,
F90,M4-P10,E,SAME,boundary,1,1,0,0,,,,,,
F90,M4-P2,E,SAME,boundary,1,1,0,0,,,,,,
F90,M4-P3,E,SAME,boundary,1,1,0,0,,,,,,
F90,M4-P4,E,SAME,boundary,1,1,0,0,,,,,,
F90,M4-P5,E,SAME,boundary,1,1,0,0,,,,,,
F90,M4-P6,E,SAME,boundary,1,1,0,0,,,,,,
F90,M4-P7,E,SAME,boundary,1,1,0,0,,,,,,
F90,M4-P8,E,SAME,boundary,1,1,0,0,,,,,,
F90,M4-P9,E,SAME,boundary,1,1,0,0,,,,,,
F90,M4-T0,E,SAME,boundary,1,1,0,0,,,,,,
F90,M4-T1,E,SAME,boundary,1,1,0,0,,,,,,
F90,M4-T10,E,SAME,boundary,1,1,0,0,,,,,,
F90,M4-T11,E,SAME,boundary,1,1,0,0,,,,,,
F90,M4-T12,E,SAME,boundary,1,1,0,0,,,,,,
F90,M4-T13,E,SAME,boundary,1,1,0,0,,,,,,
F90,M4-T14,E,SAME,boundary,1,1,0,0,,,,,,
F90,M4-T15,E,SAME,boundary,1,1,0,0,,,,,,
F90,M4-T2,E,SAME,boundary,1,1,0,0,,,,,,
F90,M4-T3,E,SAME,boundary,1,1,0,0,,,,,,
F90,M4-T4,E,SAME,boundary,1,1,0,0,,,,,,
F90,M4-T5,E,SAME,boundary,1,1,0,0,,,,,,
F90,M4-T6,E,SAME,boundary,1,1,0,0,,,,,,
F90,M4-T7,E,SAME,boundary,1,1,0,0,,,,,,
F90,M4-T8,E,SAME,boundary,1,1,0,0,,,,,,
F90,M4-T9,E,SAME,boundary,1,1,0,0,,,,,,
F90,M4-U0,E,SAME,boundary,1,1,0,0,,,,,,
F90,M4-U1,E,SAME,boundary,1,1,0,0,,,,,,
F90,M4-U10,E,SAME,boundary,1,1,0,0,,,,,,
F90,M4-U2,E,SAME,boundary,1,1,0,0,,,,,,
F90,M4-U3,E,SAME,boundary,1,1,0,0,,,,,,
F90,M4-U4,E,SAME,boundary,1,1,0,0,,,,,,
F90,M4-U5,E,SAME,boundary,1,1,0,0,,,,,,
F90,M4-U6,E,SAME,boundary,1,1,0,0,,,,,,
F90,M4-U7,E,SAME,boundary,1,1,0,0,,,,,,
F90,M4-U8,E,SAME,boundary,1,1,0,0,,,,,,
F90,M4-U9,E,SAME,boundary,1,1,0,0,,,,,,
F90,N-A-H,S,A,W,5,5,0,1103;2207;3301;4409;5519,,1.0,1.0,1.0,0.3165399432627146,
F90,N-A-H,S,B,W,5,5,0,1103;2207;3301;4409;5519,,1.0,1.0,1.0,0.3251379376928424,
F90,N-A-H,S,SAME,W,5,5,0,1103;2207;3301;4409;5519,,1.0,1.0,1.0,0.3251379376928424,
F90,N-A-L,S,A,W,5,5,0,1103;2207;3301;4409;5519,,1.0,1.0,1.0,0.3165399432627146,
F90,N-A-L,S,B,W,5,5,0,1103;2207;3301;4409;5519,,1.0,1.0,1.0,0.3186768686125437,
F90,N-A-L,S,SAME,W,5,5,0,1103;2207;3301;4409;5519,,1.0,1.0,1.0,0.3186768686125437,
F90,N-A-X,S,A,stress,5,5,0,1103;2207;3301;4409;5519,,1.0,1.0,1.0,0.48055218042202413,
F90,N-A-X,S,B,stress,5,5,0,1103;2207;3301;4409;5519,,1.0,1.0,1.0,0.41737611948481873,
F90,N-A-X,S,SAME,stress,5,5,0,1103;2207;3301;4409;5519,,1.0,1.0,1.0,0.557919277224333,
F90,N-G-H,S,A,W,5,5,0,1103;2207;3301;4409;5519,,1.0,1.0,1.0,0.3165399432627146,
F90,N-G-H,S,B,W,5,5,0,1103;2207;3301;4409;5519,,1.0,1.0,1.0,0.363270769787129,
F90,N-G-H,S,SAME,W,5,5,0,1103;2207;3301;4409;5519,,1.0,1.0,1.0,0.363270769787129,
F90,N-G-L,S,A,W,5,5,0,1103;2207;3301;4409;5519,,1.0,1.0,1.0,0.3165399432627146,
F90,N-G-L,S,B,W,5,5,0,1103;2207;3301;4409;5519,,1.0,1.0,1.0,0.3199545934906747,
F90,N-G-L,S,SAME,W,5,5,0,1103;2207;3301;4409;5519,,1.0,1.0,1.0,0.3199545934906747,
F90,N-G-X,S,A,stress,5,5,0,1103;2207;3301;4409;5519,,1.0,1.0,1.0,5.000000000000001,A.initialization;A.orientation;F90:rep-1.elevation_duration_s;F90:rep-1.elevation_speed_max_rads;F90:rep-1.elevation_speed_mean_rads;F90:rep-1.hold_duration_s;F90:rep-1.hold_speed_max_rads;F90:rep-1.hold_speed_mean_rads;F90:rep-1.rep_speed_max_rads;F90:rep-1.return_duration_s;F90:rep-1.return_speed_max_rads;F90:rep-1.return_speed_mean_rads;F90:rep-2.elevation_duration_s;F90:rep-2.elevation_speed_max_rads;F90:rep-2.elevation_speed_mean_rads;F90:rep-2.hold_duration_s;F90:rep-2.hold_speed_max_rads;F90:rep-2.hold_speed_mean_rads;F90:rep-2.rep_speed_max_rads;F90:rep-2.return_duration_s;F90:rep-2.return_speed_max_rads;F90:rep-2.return_speed_mean_rads;F90:rep-3.elevation_duration_s;F90:rep-3.elevation_speed_max_rads;F90:rep-3.elevation_speed_mean_rads;F90:rep-3.hold_duration_s;F90:rep-3.hold_speed_max_rads;F90:rep-3.hold_speed_mean_rads;F90:rep-3.rep_speed_max_rads;F90:rep-3.return_duration_s;F90:rep-3.return_speed_max_rads;F90:rep-3.return_speed_mean_rads;interval_speed;summary.elevation_duration_s.maximum;summary.elevation_duration_s.mean;summary.elevation_speed_max_rads.maximum;summary.elevation_speed_max_rads.mean;summary.elevation_speed_mean_rads.maximum;summary.elevation_speed_mean_rads.mean;summary.hold_duration_s.maximum;summary.hold_duration_s.mean;summary.hold_speed_max_rads.support;summary.hold_speed_mean_rads.support;summary.rep_speed_max_rads.maximum;summary.rep_speed_max_rads.mean;summary.return_duration_s.maximum;summary.return_duration_s.mean;summary.return_speed_max_rads.maximum;summary.return_speed_max_rads.mean;summary.return_speed_mean_rads.maximum;summary.return_speed_mean_rads.mean
F90,N-G-X,S,B,stress,5,5,0,1103;2207;3301;4409;5519,,1.0,1.0,1.0,5.0,B.initialization;B.orientation;F90:rep-1.elevation_duration_s;F90:rep-1.elevation_speed_max_rads;F90:rep-1.elevation_speed_mean_rads;F90:rep-1.hold_duration_s;F90:rep-1.hold_speed_max_rads;F90:rep-1.hold_speed_mean_rads;F90:rep-1.rep_speed_max_rads;F90:rep-1.return_duration_s;F90:rep-1.return_speed_max_rads;F90:rep-1.return_speed_mean_rads;F90:rep-2.elevation_duration_s;F90:rep-2.elevation_speed_max_rads;F90:rep-2.elevation_speed_mean_rads;F90:rep-2.hold_duration_s;F90:rep-2.hold_speed_max_rads;F90:rep-2.hold_speed_mean_rads;F90:rep-2.rep_speed_max_rads;F90:rep-2.return_duration_s;F90:rep-2.return_speed_max_rads;F90:rep-2.return_speed_mean_rads;F90:rep-3.elevation_duration_s;F90:rep-3.elevation_speed_max_rads;F90:rep-3.elevation_speed_mean_rads;F90:rep-3.hold_duration_s;F90:rep-3.hold_speed_max_rads;F90:rep-3.hold_speed_mean_rads;F90:rep-3.rep_speed_max_rads;F90:rep-3.return_duration_s;F90:rep-3.return_speed_max_rads;F90:rep-3.return_speed_mean_rads;interval_speed;summary.elevation_duration_s.maximum;summary.elevation_duration_s.mean;summary.elevation_speed_max_rads.maximum;summary.elevation_speed_max_rads.mean;summary.elevation_speed_mean_rads.maximum;summary.elevation_speed_mean_rads.mean;summary.hold_duration_s.maximum;summary.hold_duration_s.mean;summary.hold_speed_max_rads.support;summary.hold_speed_mean_rads.support;summary.rep_speed_max_rads.maximum;summary.rep_speed_max_rads.mean;summary.return_duration_s.maximum;summary.return_duration_s.mean;summary.return_speed_max_rads.maximum;summary.return_speed_max_rads.mean;summary.return_speed_mean_rads.maximum;summary.return_speed_mean_rads.mean
F90,N-G-X,S,SAME,stress,5,5,0,1103;2207;3301;4409;5519,,1.0,1.0,1.0,5.05,A.initialization;A.orientation;B.initialization;B.orientation;F90:rep-1.elevation_duration_s;F90:rep-1.elevation_speed_max_rads;F90:rep-1.elevation_speed_mean_rads;F90:rep-1.hold_duration_s;F90:rep-1.hold_speed_max_rads;F90:rep-1.hold_speed_mean_rads;F90:rep-1.rep_speed_max_rads;F90:rep-1.return_duration_s;F90:rep-1.return_speed_max_rads;F90:rep-1.return_speed_mean_rads;F90:rep-2.elevation_duration_s;F90:rep-2.elevation_speed_max_rads;F90:rep-2.elevation_speed_mean_rads;F90:rep-2.hold_duration_s;F90:rep-2.hold_speed_max_rads;F90:rep-2.hold_speed_mean_rads;F90:rep-2.rep_speed_max_rads;F90:rep-2.return_duration_s;F90:rep-2.return_speed_max_rads;F90:rep-2.return_speed_mean_rads;F90:rep-3.elevation_duration_s;F90:rep-3.elevation_speed_max_rads;F90:rep-3.elevation_speed_mean_rads;F90:rep-3.hold_duration_s;F90:rep-3.hold_speed_max_rads;F90:rep-3.hold_speed_mean_rads;F90:rep-3.rep_speed_max_rads;F90:rep-3.return_duration_s;F90:rep-3.return_speed_max_rads;F90:rep-3.return_speed_mean_rads;interval_speed;summary.elevation_duration_s.maximum;summary.elevation_duration_s.mean;summary.elevation_speed_max_rads.maximum;summary.elevation_speed_max_rads.mean;summary.elevation_speed_mean_rads.maximum;summary.elevation_speed_mean_rads.mean;summary.hold_duration_s.maximum;summary.hold_duration_s.mean;summary.hold_speed_max_rads.support;summary.hold_speed_mean_rads.support;summary.rep_speed_max_rads.maximum;summary.rep_speed_max_rads.mean;summary.return_duration_s.maximum;summary.return_duration_s.mean;summary.return_speed_max_rads.maximum;summary.return_speed_max_rads.mean;summary.return_speed_mean_rads.maximum;summary.return_speed_mean_rads.mean
F90-30,CLEAN-E,E,SAME,C,1,1,0,0,,1.0,1.0,1.0,0.005702105454474804,
F90-30,CLEAN-S,S,SAME,C,1,1,0,0,,1.0,1.0,1.0,0.7913498581567865,
F90-30,I-HD-30,S,DIFF,W,1,1,0,0,,1.0,1.0,1.0,0.7249096029305906,
F90-NEXT,CLEAN-E,E,SAME,C,1,1,0,0,,1.0,1.0,1.0,0.002851052727237402,
F90-NEXT,CLEAN-S,S,SAME,C,1,1,0,0,,1.0,1.0,1.0,0.8788189947150566,
F90L,B-C-H,S,A,stress,1,1,0,0,,1.0,1.0,1.0,0.3165399432627146,
F90L,B-C-H,S,B,stress,1,1,0,0,,1.0,1.0,1.0,0.2780433504516778,
F90L,B-C-H,S,DIFF,stress,1,1,0,0,,1.0,1.0,1.0,0.3549629537901817,
F90L,B-C-H,S,SAME,stress,1,1,0,0,,1.0,1.0,1.0,0.2780433504516778,
F90L,B-C-L,S,A,W,1,1,0,0,,1.0,1.0,1.0,0.3165399432627146,
F90L,B-C-L,S,B,W,1,1,0,0,,1.0,1.0,1.0,0.3129682372686006,
F90L,B-C-L,S,DIFF,W,1,1,0,0,,1.0,1.0,1.0,0.3200709238450385,
F90L,B-C-L,S,SAME,W,1,1,0,0,,1.0,1.0,1.0,0.3129682372686006,
F90L,B-C-X,S,A,stress,1,1,0,0,,1.0,1.0,1.0,2.0003910809988774,A.initialization;A.orientation
F90L,B-C-X,S,B,stress,1,1,0,0,,1.0,1.0,1.0,2.2290685622784343,B.initialization;B.orientation
F90L,B-C-X,S,DIFF,stress,1,1,0,0,,1.0,1.0,1.0,2.2515072143591137,A.initialization;A.orientation;B.initialization;B.orientation;F90L:rep-1.peak_elevation_rad;F90L:rep-10.peak_elevation_rad;F90L:rep-11.peak_elevation_rad;F90L:rep-12.peak_elevation_rad;F90L:rep-13.peak_elevation_rad;F90L:rep-14.peak_elevation_rad;F90L:rep-15.peak_elevation_rad;F90L:rep-16.peak_elevation_rad;F90L:rep-17.peak_elevation_rad;F90L:rep-18.peak_elevation_rad;F90L:rep-19.peak_elevation_rad;F90L:rep-2.peak_elevation_rad;F90L:rep-20.peak_elevation_rad;F90L:rep-21.peak_elevation_rad;F90L:rep-22.peak_elevation_rad;F90L:rep-23.peak_elevation_rad;F90L:rep-24.peak_elevation_rad;F90L:rep-25.peak_elevation_rad;F90L:rep-26.peak_elevation_rad;F90L:rep-27.peak_elevation_rad;F90L:rep-28.peak_elevation_rad;F90L:rep-29.peak_elevation_rad;F90L:rep-3.peak_elevation_rad;F90L:rep-30.peak_elevation_rad;F90L:rep-31.peak_elevation_rad;F90L:rep-32.peak_elevation_rad;F90L:rep-33.peak_elevation_rad;F90L:rep-34.peak_elevation_rad;F90L:rep-35.peak_elevation_rad;F90L:rep-36.peak_elevation_rad;F90L:rep-37.peak_elevation_rad;F90L:rep-38.peak_elevation_rad;F90L:rep-39.peak_elevation_rad;F90L:rep-4.peak_elevation_rad;F90L:rep-40.peak_elevation_rad;F90L:rep-41.peak_elevation_rad;F90L:rep-42.peak_elevation_rad;F90L:rep-43.peak_elevation_rad;F90L:rep-44.peak_elevation_rad;F90L:rep-45.peak_elevation_rad;F90L:rep-46.peak_elevation_rad;F90L:rep-47.peak_elevation_rad;F90L:rep-48.peak_elevation_rad;F90L:rep-49.peak_elevation_rad;F90L:rep-5.peak_elevation_rad;F90L:rep-50.peak_elevation_rad;F90L:rep-51.peak_elevation_rad;F90L:rep-52.peak_elevation_rad;F90L:rep-53.peak_elevation_rad;F90L:rep-54.peak_elevation_rad;F90L:rep-6.peak_elevation_rad;F90L:rep-7.peak_elevation_rad;F90L:rep-8.peak_elevation_rad;F90L:rep-9.peak_elevation_rad;elevation;summary.peak_elevation_rad.maximum;summary.peak_elevation_rad.mean
F90L,B-C-X,S,SAME,stress,1,1,0,0,,1.0,1.0,1.0,2.2290685622784343,A.initialization;A.orientation;B.initialization;B.orientation
F90L,B-R-H,S,A,stress,1,1,0,0,,1.0,1.0,1.0,0.3165399432627146,
F90L,B-R-H,S,B,stress,1,1,0,0,,1.0,1.0,1.0,0.3164128115154196,
F90L,B-R-H,S,DIFF,stress,1,1,0,0,,1.0,1.0,1.0,0.3302555578973343,
F90L,B-R-H,S,SAME,stress,1,1,0,0,,1.0,1.0,1.0,0.3164128115154196,
F90L,B-R-L,S,A,W,1,1,0,0,,1.0,1.0,1.0,0.3165399432627146,
F90L,B-R-L,S,B,W,1,1,0,0,,1.0,1.0,1.0,0.316530925312975,
F90L,B-R-L,S,DIFF,W,1,1,0,0,,1.0,1.0,1.0,0.3165458662947698,
F90L,B-R-L,S,SAME,W,1,1,0,0,,1.0,1.0,1.0,0.316530925312975,
F90L,B-R-X,S,A,stress,1,1,0,0,,1.0,1.0,1.0,3.9765347065576764,A.orientation;F90L:rep-39.peak_elevation_rad;F90L:rep-40.peak_elevation_rad;F90L:rep-41.peak_elevation_rad;F90L:rep-42.peak_elevation_rad;F90L:rep-43.peak_elevation_rad;F90L:rep-44.peak_elevation_rad;F90L:rep-45.peak_elevation_rad;F90L:rep-46.peak_elevation_rad;F90L:rep-47.peak_elevation_rad;F90L:rep-48.peak_elevation_rad;F90L:rep-49.peak_elevation_rad;F90L:rep-50.peak_elevation_rad;F90L:rep-51.peak_elevation_rad;F90L:rep-52.peak_elevation_rad;F90L:rep-53.peak_elevation_rad;F90L:rep-54.peak_elevation_rad;elevation;summary.peak_elevation_rad.maximum
F90L,B-R-X,S,B,stress,1,1,0,0,,1.0,1.0,1.0,4.151480739072143,B.orientation;F90L:rep-46.peak_elevation_rad;F90L:rep-47.peak_elevation_rad;F90L:rep-48.peak_elevation_rad;F90L:rep-49.peak_elevation_rad;F90L:rep-50.peak_elevation_rad;F90L:rep-51.peak_elevation_rad;F90L:rep-52.peak_elevation_rad;F90L:rep-53.peak_elevation_rad;F90L:rep-54.peak_elevation_rad;elevation
F90L,B-R-X,S,DIFF,stress,1,1,0,0,,1.0,1.0,1.0,4.207289491744828,A.orientation;B.orientation;F90L:rep-20.peak_elevation_rad;F90L:rep-21.peak_elevation_rad;F90L:rep-22.peak_elevation_rad;F90L:rep-23.peak_elevation_rad;F90L:rep-24.peak_elevation_rad;F90L:rep-25.peak_elevation_rad;F90L:rep-26.peak_elevation_rad;F90L:rep-27.peak_elevation_rad;F90L:rep-28.peak_elevation_rad;F90L:rep-29.peak_elevation_rad;F90L:rep-30.peak_elevation_rad;F90L:rep-31.peak_elevation_rad;F90L:rep-32.peak_elevation_rad;F90L:rep-33.peak_elevation_rad;F90L:rep-34.end_confirmation;F90L:rep-34.end_us;F90L:rep-34.peak_elevation_rad;F90L:rep-35.end_confirmation;F90L:rep-35.end_us;F90L:rep-35.peak_elevation_rad;F90L:rep-36.end_confirmation;F90L:rep-36.end_us;F90L:rep-36.peak_elevation_rad;F90L:rep-37.end_confirmation;F90L:rep-37.end_us;F90L:rep-37.peak_elevation_rad;F90L:rep-37.rep_duration_s;F90L:rep-38.end_confirmation;F90L:rep-38.end_us;F90L:rep-38.peak_elevation_rad;F90L:rep-38.preceding_rest_duration_s;F90L:rep-38.rep_duration_s;F90L:rep-39.end_confirmation;F90L:rep-39.end_us;F90L:rep-39.peak_elevation_rad;F90L:rep-39.preceding_rest_duration_s;F90L:rep-39.rep_duration_s;F90L:rep-40.end_confirmation;F90L:rep-40.end_us;F90L:rep-40.peak_elevation_rad;F90L:rep-40.preceding_rest_duration_s;F90L:rep-40.rep_duration_s;F90L:rep-40.rom_rad;F90L:rep-41.end_confirmation;F90L:rep-41.end_us;F90L:rep-41.peak_elevation_rad;F90L:rep-41.preceding_rest_duration_s;F90L:rep-41.rep_duration_s;F90L:rep-41.rom_rad;F90L:rep-42.end_confirmation;F90L:rep-42.end_us;F90L:rep-42.peak_elevation_rad;F90L:rep-42.preceding_rest_duration_s;F90L:rep-42.rep_duration_s;F90L:rep-42.rom_rad;F90L:rep-43.end_confirmation;F90L:rep-43.end_us;F90L:rep-43.peak_elevation_rad;F90L:rep-43.preceding_rest_duration_s;F90L:rep-43.rep_duration_s;F90L:rep-43.rom_rad;F90L:rep-44.end_confirmation;F90L:rep-44.end_us;F90L:rep-44.peak_elevation_rad;F90L:rep-44.preceding_rest_duration_s;F90L:rep-44.rep_duration_s;F90L:rep-44.rom_rad;F90L:rep-44.start_confirmation;F90L:rep-44.start_us;F90L:rep-45.end_confirmation;F90L:rep-45.end_us;F90L:rep-45.peak_elevation_rad;F90L:rep-45.preceding_rest_duration_s;F90L:rep-45.rep_duration_s;F90L:rep-45.rom_rad;F90L:rep-45.start_confirmation;F90L:rep-45.start_us;F90L:rep-46.end_confirmation;F90L:rep-46.end_us;F90L:rep-46.peak_elevation_rad;F90L:rep-46.preceding_rest_duration_s;F90L:rep-46.rep_duration_s;F90L:rep-46.rom_rad;F90L:rep-46.start_confirmation;F90L:rep-46.start_us;F90L:rep-47.end_confirmation;F90L:rep-47.end_us;F90L:rep-47.peak_elevation_rad;F90L:rep-47.preceding_rest_duration_s;F90L:rep-47.rep_duration_s;F90L:rep-47.rom_rad;F90L:rep-47.start_confirmation;F90L:rep-47.start_us;F90L:rep-48.end_confirmation;F90L:rep-48.end_us;F90L:rep-48.peak_elevation_rad;F90L:rep-48.preceding_rest_duration_s;F90L:rep-48.rep_duration_s;F90L:rep-48.rom_rad;F90L:rep-48.start_confirmation;F90L:rep-48.start_us;F90L:rep-49.end_confirmation;F90L:rep-49.end_us;F90L:rep-49.peak_elevation_rad;F90L:rep-49.preceding_rest_duration_s;F90L:rep-49.rep_duration_s;F90L:rep-49.rom_rad;F90L:rep-49.start_confirmation;F90L:rep-49.start_us;F90L:rep-50.end_confirmation;F90L:rep-50.end_us;F90L:rep-50.peak_elevation_rad;F90L:rep-50.preceding_rest_duration_s;F90L:rep-50.rep_duration_s;F90L:rep-50.rom_rad;F90L:rep-50.start_confirmation;F90L:rep-50.start_us;F90L:rep-51.end_confirmation;F90L:rep-51.end_us;F90L:rep-51.peak_elevation_rad;F90L:rep-51.preceding_rest_duration_s;F90L:rep-51.rep_duration_s;F90L:rep-51.rom_rad;F90L:rep-51.start_confirmation;F90L:rep-51.start_us;F90L:rep-52.end_confirmation;F90L:rep-52.end_us;F90L:rep-52.peak_elevation_rad;F90L:rep-52.preceding_rest_duration_s;F90L:rep-52.rep_duration_s;F90L:rep-52.rom_rad;F90L:rep-52.start_confirmation;F90L:rep-52.start_us;F90L:rep-53.end_confirmation;F90L:rep-53.end_us;F90L:rep-53.peak_elevation_rad;F90L:rep-53.preceding_rest_duration_s;F90L:rep-53.rep_duration_s;F90L:rep-53.rom_rad;F90L:rep-53.start_confirmation;F90L:rep-53.start_us;F90L:rep-54.end_confirmation;F90L:rep-54.end_us;F90L:rep-54.peak_elevation_rad;F90L:rep-54.preceding_rest_duration_s;F90L:rep-54.rep_duration_s;F90L:rep-54.rom_rad;F90L:rep-54.start_confirmation;F90L:rep-54.start_us;elevation;summary.peak_elevation_rad.maximum;summary.peak_elevation_rad.mean;summary.rep_duration_s.maximum;summary.rom_max_rad;summary.rom_rad.maximum
F90L,B-R-X,S,SAME,stress,1,1,0,0,,1.0,1.0,1.0,4.151480739072143,A.orientation;B.orientation
F90L,CLEAN-E,E,SAME,C,1,1,0,0,,1.0,1.0,1.0,0.05015543536046607,
F90L,CLEAN-S,S,SAME,C,1,1,0,0,,1.0,1.0,1.0,0.7913498581567865,
F90L,D-C-0-exact,S,B,W,1,1,0,0,,1.0,1.0,1.0,0.3165399432627146,
F90L,D-C-0-wrong,S,B,stress,1,1,0,0,,1.0,1.0,1.0,10.032842171223987,F90L:rep-1.end_confirmation;F90L:rep-1.end_us;F90L:rep-1.start_confirmation;F90L:rep-1.start_us;F90L:rep-10.end_confirmation;F90L:rep-10.end_us;F90L:rep-10.start_confirmation;F90L:rep-10.start_us;F90L:rep-11.end_confirmation;F90L:rep-11.end_us;F90L:rep-11.start_confirmation;F90L:rep-11.start_us;F90L:rep-12.end_confirmation;F90L:rep-12.end_us;F90L:rep-12.start_confirmation;F90L:rep-12.start_us;F90L:rep-13.end_confirmation;F90L:rep-13.end_us;F90L:rep-13.start_confirmation;F90L:rep-13.start_us;F90L:rep-14.end_confirmation;F90L:rep-14.end_us;F90L:rep-14.start_confirmation;F90L:rep-14.start_us;F90L:rep-15.end_confirmation;F90L:rep-15.end_us;F90L:rep-15.start_confirmation;F90L:rep-15.start_us;F90L:rep-16.end_confirmation;F90L:rep-16.end_us;F90L:rep-16.start_confirmation;F90L:rep-16.start_us;F90L:rep-17.end_confirmation;F90L:rep-17.end_us;F90L:rep-17.start_confirmation;F90L:rep-17.start_us;F90L:rep-18.end_confirmation;F90L:rep-18.end_us;F90L:rep-18.start_confirmation;F90L:rep-18.start_us;F90L:rep-19.end_confirmation;F90L:rep-19.end_us;F90L:rep-19.start_confirmation;F90L:rep-19.start_us;F90L:rep-2.end_confirmation;F90L:rep-2.end_us;F90L:rep-2.start_confirmation;F90L:rep-2.start_us;F90L:rep-20.end_confirmation;F90L:rep-20.end_us;F90L:rep-20.start_confirmation;F90L:rep-20.start_us;F90L:rep-21.end_confirmation;F90L:rep-21.end_us;F90L:rep-21.start_confirmation;F90L:rep-21.start_us;F90L:rep-22.end_confirmation;F90L:rep-22.end_us;F90L:rep-22.start_confirmation;F90L:rep-22.start_us;F90L:rep-23.end_confirmation;F90L:rep-23.end_us;F90L:rep-23.start_confirmation;F90L:rep-23.start_us;F90L:rep-24.end_confirmation;F90L:rep-24.end_us;F90L:rep-24.start_confirmation;F90L:rep-24.start_us;F90L:rep-25.end_confirmation;F90L:rep-25.end_us;F90L:rep-25.start_confirmation;F90L:rep-25.start_us;F90L:rep-26.end_confirmation;F90L:rep-26.end_us;F90L:rep-26.start_confirmation;F90L:rep-26.start_us;F90L:rep-27.end_confirmation;F90L:rep-27.end_us;F90L:rep-27.start_confirmation;F90L:rep-27.start_us;F90L:rep-28.end_confirmation;F90L:rep-28.end_us;F90L:rep-28.start_confirmation;F90L:rep-28.start_us;F90L:rep-29.end_confirmation;F90L:rep-29.end_us;F90L:rep-29.start_confirmation;F90L:rep-29.start_us;F90L:rep-3.end_confirmation;F90L:rep-3.end_us;F90L:rep-3.start_confirmation;F90L:rep-3.start_us;F90L:rep-30.end_confirmation;F90L:rep-30.end_us;F90L:rep-30.start_confirmation;F90L:rep-30.start_us;F90L:rep-31.end_confirmation;F90L:rep-31.end_us;F90L:rep-31.start_confirmation;F90L:rep-31.start_us;F90L:rep-32.end_confirmation;F90L:rep-32.end_us;F90L:rep-32.start_confirmation;F90L:rep-32.start_us;F90L:rep-33.end_confirmation;F90L:rep-33.end_us;F90L:rep-33.start_confirmation;F90L:rep-33.start_us;F90L:rep-34.end_confirmation;F90L:rep-34.end_us;F90L:rep-34.start_confirmation;F90L:rep-34.start_us;F90L:rep-35.end_confirmation;F90L:rep-35.end_us;F90L:rep-35.start_confirmation;F90L:rep-35.start_us;F90L:rep-36.end_confirmation;F90L:rep-36.end_us;F90L:rep-36.start_confirmation;F90L:rep-36.start_us;F90L:rep-37.end_confirmation;F90L:rep-37.end_us;F90L:rep-37.start_confirmation;F90L:rep-37.start_us;F90L:rep-38.end_confirmation;F90L:rep-38.end_us;F90L:rep-38.start_confirmation;F90L:rep-38.start_us;F90L:rep-39.end_confirmation;F90L:rep-39.end_us;F90L:rep-39.start_confirmation;F90L:rep-39.start_us;F90L:rep-4.end_confirmation;F90L:rep-4.end_us;F90L:rep-4.start_confirmation;F90L:rep-4.start_us;F90L:rep-40.end_confirmation;F90L:rep-40.end_us;F90L:rep-40.start_confirmation;F90L:rep-40.start_us;F90L:rep-41.end_confirmation;F90L:rep-41.end_us;F90L:rep-41.start_confirmation;F90L:rep-41.start_us;F90L:rep-42.end_confirmation;F90L:rep-42.end_us;F90L:rep-42.start_confirmation;F90L:rep-42.start_us;F90L:rep-43.end_confirmation;F90L:rep-43.end_us;F90L:rep-43.start_confirmation;F90L:rep-43.start_us;F90L:rep-44.end_confirmation;F90L:rep-44.end_us;F90L:rep-44.start_confirmation;F90L:rep-44.start_us;F90L:rep-45.end_confirmation;F90L:rep-45.end_us;F90L:rep-45.start_confirmation;F90L:rep-45.start_us;F90L:rep-46.end_confirmation;F90L:rep-46.end_us;F90L:rep-46.start_confirmation;F90L:rep-46.start_us;F90L:rep-47.end_confirmation;F90L:rep-47.end_us;F90L:rep-47.start_confirmation;F90L:rep-47.start_us;F90L:rep-48.end_confirmation;F90L:rep-48.end_us;F90L:rep-48.start_confirmation;F90L:rep-48.start_us;F90L:rep-49.end_confirmation;F90L:rep-49.end_us;F90L:rep-49.start_confirmation;F90L:rep-49.start_us;F90L:rep-5.end_confirmation;F90L:rep-5.end_us;F90L:rep-5.start_confirmation;F90L:rep-5.start_us;F90L:rep-50.end_confirmation;F90L:rep-50.end_us;F90L:rep-50.start_confirmation;F90L:rep-50.start_us;F90L:rep-51.end_confirmation;F90L:rep-51.end_us;F90L:rep-51.start_confirmation;F90L:rep-51.start_us;F90L:rep-52.end_confirmation;F90L:rep-52.end_us;F90L:rep-52.start_confirmation;F90L:rep-52.start_us;F90L:rep-53.end_confirmation;F90L:rep-53.end_us;F90L:rep-53.start_confirmation;F90L:rep-53.start_us;F90L:rep-54.end_confirmation;F90L:rep-54.end_us;F90L:rep-54.start_confirmation;F90L:rep-54.start_us;F90L:rep-6.end_confirmation;F90L:rep-6.end_us;F90L:rep-6.start_confirmation;F90L:rep-6.start_us;F90L:rep-7.end_confirmation;F90L:rep-7.end_us;F90L:rep-7.start_confirmation;F90L:rep-7.start_us;F90L:rep-8.end_confirmation;F90L:rep-8.end_us;F90L:rep-8.start_confirmation;F90L:rep-8.start_us;F90L:rep-9.end_confirmation;F90L:rep-9.end_us;F90L:rep-9.start_confirmation;F90L:rep-9.start_us;elevation;interval_speed
F90L,D-C-H-minus-exact,S,B,W,1,0,1,0,0,0.9999666666666667,1.0,1.0,0.28469805588901137,F90L:rep-55.exclusion
F90L,D-C-H-minus-wrong,S,B,stress,1,1,0,0,,1.0,1.0,1.0,10.034415062501832,F90L:rep-1.end_confirmation;F90L:rep-1.end_us;F90L:rep-1.start_confirmation;F90L:rep-1.start_us;F90L:rep-10.end_confirmation;F90L:rep-10.end_us;F90L:rep-10.start_confirmation;F90L:rep-10.start_us;F90L:rep-11.end_confirmation;F90L:rep-11.end_us;F90L:rep-11.start_confirmation;F90L:rep-11.start_us;F90L:rep-12.end_confirmation;F90L:rep-12.end_us;F90L:rep-12.start_confirmation;F90L:rep-12.start_us;F90L:rep-13.end_confirmation;F90L:rep-13.end_us;F90L:rep-13.start_confirmation;F90L:rep-13.start_us;F90L:rep-14.end_confirmation;F90L:rep-14.end_us;F90L:rep-14.start_confirmation;F90L:rep-14.start_us;F90L:rep-15.end_confirmation;F90L:rep-15.end_us;F90L:rep-15.start_confirmation;F90L:rep-15.start_us;F90L:rep-16.end_confirmation;F90L:rep-16.end_us;F90L:rep-16.start_confirmation;F90L:rep-16.start_us;F90L:rep-17.end_confirmation;F90L:rep-17.end_us;F90L:rep-17.start_confirmation;F90L:rep-17.start_us;F90L:rep-18.end_confirmation;F90L:rep-18.end_us;F90L:rep-18.start_confirmation;F90L:rep-18.start_us;F90L:rep-19.end_confirmation;F90L:rep-19.end_us;F90L:rep-19.start_confirmation;F90L:rep-19.start_us;F90L:rep-2.end_confirmation;F90L:rep-2.end_us;F90L:rep-2.start_confirmation;F90L:rep-2.start_us;F90L:rep-20.end_confirmation;F90L:rep-20.end_us;F90L:rep-20.start_confirmation;F90L:rep-20.start_us;F90L:rep-21.end_confirmation;F90L:rep-21.end_us;F90L:rep-21.start_confirmation;F90L:rep-21.start_us;F90L:rep-22.end_confirmation;F90L:rep-22.end_us;F90L:rep-22.start_confirmation;F90L:rep-22.start_us;F90L:rep-23.end_confirmation;F90L:rep-23.end_us;F90L:rep-23.start_confirmation;F90L:rep-23.start_us;F90L:rep-24.end_confirmation;F90L:rep-24.end_us;F90L:rep-24.start_confirmation;F90L:rep-24.start_us;F90L:rep-25.end_confirmation;F90L:rep-25.end_us;F90L:rep-25.start_confirmation;F90L:rep-25.start_us;F90L:rep-26.end_confirmation;F90L:rep-26.end_us;F90L:rep-26.start_confirmation;F90L:rep-26.start_us;F90L:rep-27.end_confirmation;F90L:rep-27.end_us;F90L:rep-27.start_confirmation;F90L:rep-27.start_us;F90L:rep-28.end_confirmation;F90L:rep-28.end_us;F90L:rep-28.start_confirmation;F90L:rep-28.start_us;F90L:rep-29.end_confirmation;F90L:rep-29.end_us;F90L:rep-29.start_confirmation;F90L:rep-29.start_us;F90L:rep-3.end_confirmation;F90L:rep-3.end_us;F90L:rep-3.start_confirmation;F90L:rep-3.start_us;F90L:rep-30.end_confirmation;F90L:rep-30.end_us;F90L:rep-30.start_confirmation;F90L:rep-30.start_us;F90L:rep-31.end_confirmation;F90L:rep-31.end_us;F90L:rep-31.start_confirmation;F90L:rep-31.start_us;F90L:rep-32.end_confirmation;F90L:rep-32.end_us;F90L:rep-32.start_confirmation;F90L:rep-32.start_us;F90L:rep-33.end_confirmation;F90L:rep-33.end_us;F90L:rep-33.start_confirmation;F90L:rep-33.start_us;F90L:rep-34.end_confirmation;F90L:rep-34.end_us;F90L:rep-34.start_confirmation;F90L:rep-34.start_us;F90L:rep-35.end_confirmation;F90L:rep-35.end_us;F90L:rep-35.start_confirmation;F90L:rep-35.start_us;F90L:rep-36.end_confirmation;F90L:rep-36.end_us;F90L:rep-36.start_confirmation;F90L:rep-36.start_us;F90L:rep-37.end_confirmation;F90L:rep-37.end_us;F90L:rep-37.start_confirmation;F90L:rep-37.start_us;F90L:rep-38.end_confirmation;F90L:rep-38.end_us;F90L:rep-38.start_confirmation;F90L:rep-38.start_us;F90L:rep-39.end_confirmation;F90L:rep-39.end_us;F90L:rep-39.start_confirmation;F90L:rep-39.start_us;F90L:rep-4.end_confirmation;F90L:rep-4.end_us;F90L:rep-4.start_confirmation;F90L:rep-4.start_us;F90L:rep-40.end_confirmation;F90L:rep-40.end_us;F90L:rep-40.start_confirmation;F90L:rep-40.start_us;F90L:rep-41.end_confirmation;F90L:rep-41.end_us;F90L:rep-41.start_confirmation;F90L:rep-41.start_us;F90L:rep-42.end_confirmation;F90L:rep-42.end_us;F90L:rep-42.start_confirmation;F90L:rep-42.start_us;F90L:rep-43.end_confirmation;F90L:rep-43.end_us;F90L:rep-43.start_confirmation;F90L:rep-43.start_us;F90L:rep-44.end_confirmation;F90L:rep-44.end_us;F90L:rep-44.start_confirmation;F90L:rep-44.start_us;F90L:rep-45.end_confirmation;F90L:rep-45.end_us;F90L:rep-45.start_confirmation;F90L:rep-45.start_us;F90L:rep-46.end_confirmation;F90L:rep-46.end_us;F90L:rep-46.start_confirmation;F90L:rep-46.start_us;F90L:rep-47.end_confirmation;F90L:rep-47.end_us;F90L:rep-47.start_confirmation;F90L:rep-47.start_us;F90L:rep-48.end_confirmation;F90L:rep-48.end_us;F90L:rep-48.start_confirmation;F90L:rep-48.start_us;F90L:rep-49.end_confirmation;F90L:rep-49.end_us;F90L:rep-49.start_confirmation;F90L:rep-49.start_us;F90L:rep-5.end_confirmation;F90L:rep-5.end_us;F90L:rep-5.start_confirmation;F90L:rep-5.start_us;F90L:rep-50.end_confirmation;F90L:rep-50.end_us;F90L:rep-50.start_confirmation;F90L:rep-50.start_us;F90L:rep-51.end_confirmation;F90L:rep-51.end_us;F90L:rep-51.start_confirmation;F90L:rep-51.start_us;F90L:rep-52.start_confirmation;F90L:rep-52.start_us;F90L:rep-6.end_confirmation;F90L:rep-6.end_us;F90L:rep-6.start_confirmation;F90L:rep-6.start_us;F90L:rep-7.end_confirmation;F90L:rep-7.end_us;F90L:rep-7.start_confirmation;F90L:rep-7.start_us;F90L:rep-8.end_confirmation;F90L:rep-8.end_us;F90L:rep-8.start_confirmation;F90L:rep-8.start_us;F90L:rep-9.end_confirmation;F90L:rep-9.end_us;F90L:rep-9.start_confirmation;F90L:rep-9.start_us;elevation;interval_speed
F90L,D-C-H-plus-exact,S,B,W,1,1,0,0,,1.0,1.0,1.0,0.34830668373821244,
F90L,D-C-H-plus-wrong,S,B,stress,1,1,0,0,,1.0,1.0,1.0,10.033983490587147,F90L:rep-1.end_confirmation;F90L:rep-1.end_us;F90L:rep-1.start_confirmation;F90L:rep-1.start_us;F90L:rep-10.end_confirmation;F90L:rep-10.end_us;F90L:rep-10.start_confirmation;F90L:rep-10.start_us;F90L:rep-11.end_confirmation;F90L:rep-11.end_us;F90L:rep-11.start_confirmation;F90L:rep-11.start_us;F90L:rep-12.end_confirmation;F90L:rep-12.end_us;F90L:rep-12.start_confirmation;F90L:rep-12.start_us;F90L:rep-13.end_confirmation;F90L:rep-13.end_us;F90L:rep-13.start_confirmation;F90L:rep-13.start_us;F90L:rep-14.end_confirmation;F90L:rep-14.end_us;F90L:rep-14.start_confirmation;F90L:rep-14.start_us;F90L:rep-15.end_confirmation;F90L:rep-15.end_us;F90L:rep-15.start_confirmation;F90L:rep-15.start_us;F90L:rep-16.end_confirmation;F90L:rep-16.end_us;F90L:rep-16.start_confirmation;F90L:rep-16.start_us;F90L:rep-17.end_confirmation;F90L:rep-17.end_us;F90L:rep-17.start_confirmation;F90L:rep-17.start_us;F90L:rep-18.end_confirmation;F90L:rep-18.end_us;F90L:rep-18.start_confirmation;F90L:rep-18.start_us;F90L:rep-19.end_confirmation;F90L:rep-19.end_us;F90L:rep-19.start_confirmation;F90L:rep-19.start_us;F90L:rep-2.end_confirmation;F90L:rep-2.end_us;F90L:rep-2.start_confirmation;F90L:rep-2.start_us;F90L:rep-20.end_confirmation;F90L:rep-20.end_us;F90L:rep-20.start_confirmation;F90L:rep-20.start_us;F90L:rep-21.end_confirmation;F90L:rep-21.end_us;F90L:rep-21.start_confirmation;F90L:rep-21.start_us;F90L:rep-22.end_confirmation;F90L:rep-22.end_us;F90L:rep-22.start_confirmation;F90L:rep-22.start_us;F90L:rep-23.end_confirmation;F90L:rep-23.end_us;F90L:rep-23.start_confirmation;F90L:rep-23.start_us;F90L:rep-24.end_confirmation;F90L:rep-24.end_us;F90L:rep-24.start_confirmation;F90L:rep-24.start_us;F90L:rep-25.end_confirmation;F90L:rep-25.end_us;F90L:rep-25.start_confirmation;F90L:rep-25.start_us;F90L:rep-26.end_confirmation;F90L:rep-26.end_us;F90L:rep-26.start_confirmation;F90L:rep-26.start_us;F90L:rep-27.end_confirmation;F90L:rep-27.end_us;F90L:rep-27.start_confirmation;F90L:rep-27.start_us;F90L:rep-28.end_confirmation;F90L:rep-28.end_us;F90L:rep-28.start_confirmation;F90L:rep-28.start_us;F90L:rep-29.end_confirmation;F90L:rep-29.end_us;F90L:rep-29.start_confirmation;F90L:rep-29.start_us;F90L:rep-3.end_confirmation;F90L:rep-3.end_us;F90L:rep-3.start_confirmation;F90L:rep-3.start_us;F90L:rep-30.end_confirmation;F90L:rep-30.end_us;F90L:rep-30.start_confirmation;F90L:rep-30.start_us;F90L:rep-31.end_confirmation;F90L:rep-31.end_us;F90L:rep-31.start_confirmation;F90L:rep-31.start_us;F90L:rep-32.end_confirmation;F90L:rep-32.end_us;F90L:rep-32.start_confirmation;F90L:rep-32.start_us;F90L:rep-33.end_confirmation;F90L:rep-33.end_us;F90L:rep-33.start_confirmation;F90L:rep-33.start_us;F90L:rep-34.end_confirmation;F90L:rep-34.end_us;F90L:rep-34.start_confirmation;F90L:rep-34.start_us;F90L:rep-35.end_confirmation;F90L:rep-35.end_us;F90L:rep-35.start_confirmation;F90L:rep-35.start_us;F90L:rep-36.end_confirmation;F90L:rep-36.end_us;F90L:rep-36.start_confirmation;F90L:rep-36.start_us;F90L:rep-37.end_confirmation;F90L:rep-37.end_us;F90L:rep-37.start_confirmation;F90L:rep-37.start_us;F90L:rep-38.end_confirmation;F90L:rep-38.end_us;F90L:rep-38.start_confirmation;F90L:rep-38.start_us;F90L:rep-39.end_confirmation;F90L:rep-39.end_us;F90L:rep-39.start_confirmation;F90L:rep-39.start_us;F90L:rep-4.end_confirmation;F90L:rep-4.end_us;F90L:rep-4.start_confirmation;F90L:rep-4.start_us;F90L:rep-40.end_confirmation;F90L:rep-40.end_us;F90L:rep-40.start_confirmation;F90L:rep-40.start_us;F90L:rep-41.end_confirmation;F90L:rep-41.end_us;F90L:rep-41.start_confirmation;F90L:rep-41.start_us;F90L:rep-42.end_confirmation;F90L:rep-42.end_us;F90L:rep-42.start_confirmation;F90L:rep-42.start_us;F90L:rep-43.end_confirmation;F90L:rep-43.end_us;F90L:rep-43.start_confirmation;F90L:rep-43.start_us;F90L:rep-44.end_confirmation;F90L:rep-44.end_us;F90L:rep-44.start_confirmation;F90L:rep-44.start_us;F90L:rep-45.end_confirmation;F90L:rep-45.end_us;F90L:rep-45.start_confirmation;F90L:rep-45.start_us;F90L:rep-46.end_confirmation;F90L:rep-46.end_us;F90L:rep-46.start_confirmation;F90L:rep-46.start_us;F90L:rep-47.end_confirmation;F90L:rep-47.end_us;F90L:rep-47.start_confirmation;F90L:rep-47.start_us;F90L:rep-48.end_confirmation;F90L:rep-48.end_us;F90L:rep-48.start_confirmation;F90L:rep-48.start_us;F90L:rep-49.end_confirmation;F90L:rep-49.end_us;F90L:rep-49.start_confirmation;F90L:rep-49.start_us;F90L:rep-5.end_confirmation;F90L:rep-5.end_us;F90L:rep-5.start_confirmation;F90L:rep-5.start_us;F90L:rep-50.end_confirmation;F90L:rep-50.end_us;F90L:rep-50.start_confirmation;F90L:rep-50.start_us;F90L:rep-51.end_confirmation;F90L:rep-51.end_us;F90L:rep-51.start_confirmation;F90L:rep-51.start_us;F90L:rep-52.end_confirmation;F90L:rep-52.end_us;F90L:rep-52.start_confirmation;F90L:rep-52.start_us;F90L:rep-53.end_confirmation;F90L:rep-53.end_us;F90L:rep-53.start_confirmation;F90L:rep-53.start_us;F90L:rep-54.end_confirmation;F90L:rep-54.end_us;F90L:rep-54.start_confirmation;F90L:rep-54.start_us;F90L:rep-6.end_confirmation;F90L:rep-6.end_us;F90L:rep-6.start_confirmation;F90L:rep-6.start_us;F90L:rep-7.end_confirmation;F90L:rep-7.end_us;F90L:rep-7.start_confirmation;F90L:rep-7.start_us;F90L:rep-8.end_confirmation;F90L:rep-8.end_us;F90L:rep-8.start_confirmation;F90L:rep-8.start_us;F90L:rep-9.end_confirmation;F90L:rep-9.end_us;F90L:rep-9.start_confirmation;F90L:rep-9.start_us;elevation;interval_speed
F90L,D-C-L-minus-exact,S,B,W,1,1,0,0,,1.0,1.0,1.0,0.31015121124429396,
F90L,D-C-L-minus-wrong,S,B,stress,1,1,0,0,,1.0,1.0,1.0,10.033149523014238,F90L:rep-1.end_confirmation;F90L:rep-1.end_us;F90L:rep-1.start_confirmation;F90L:rep-1.start_us;F90L:rep-10.end_confirmation;F90L:rep-10.end_us;F90L:rep-10.start_confirmation;F90L:rep-10.start_us;F90L:rep-11.end_confirmation;F90L:rep-11.end_us;F90L:rep-11.start_confirmation;F90L:rep-11.start_us;F90L:rep-12.end_confirmation;F90L:rep-12.end_us;F90L:rep-12.start_confirmation;F90L:rep-12.start_us;F90L:rep-13.end_confirmation;F90L:rep-13.end_us;F90L:rep-13.start_confirmation;F90L:rep-13.start_us;F90L:rep-14.end_confirmation;F90L:rep-14.end_us;F90L:rep-14.start_confirmation;F90L:rep-14.start_us;F90L:rep-15.end_confirmation;F90L:rep-15.end_us;F90L:rep-15.start_confirmation;F90L:rep-15.start_us;F90L:rep-16.end_confirmation;F90L:rep-16.end_us;F90L:rep-16.start_confirmation;F90L:rep-16.start_us;F90L:rep-17.end_confirmation;F90L:rep-17.end_us;F90L:rep-17.start_confirmation;F90L:rep-17.start_us;F90L:rep-18.end_confirmation;F90L:rep-18.end_us;F90L:rep-18.start_confirmation;F90L:rep-18.start_us;F90L:rep-19.end_confirmation;F90L:rep-19.end_us;F90L:rep-19.start_confirmation;F90L:rep-19.start_us;F90L:rep-2.end_confirmation;F90L:rep-2.end_us;F90L:rep-2.start_confirmation;F90L:rep-2.start_us;F90L:rep-20.end_confirmation;F90L:rep-20.end_us;F90L:rep-20.start_confirmation;F90L:rep-20.start_us;F90L:rep-21.end_confirmation;F90L:rep-21.end_us;F90L:rep-21.start_confirmation;F90L:rep-21.start_us;F90L:rep-22.end_confirmation;F90L:rep-22.end_us;F90L:rep-22.start_confirmation;F90L:rep-22.start_us;F90L:rep-23.end_confirmation;F90L:rep-23.end_us;F90L:rep-23.start_confirmation;F90L:rep-23.start_us;F90L:rep-24.end_confirmation;F90L:rep-24.end_us;F90L:rep-24.start_confirmation;F90L:rep-24.start_us;F90L:rep-25.end_confirmation;F90L:rep-25.end_us;F90L:rep-25.start_confirmation;F90L:rep-25.start_us;F90L:rep-26.end_confirmation;F90L:rep-26.end_us;F90L:rep-26.start_confirmation;F90L:rep-26.start_us;F90L:rep-27.end_confirmation;F90L:rep-27.end_us;F90L:rep-27.start_confirmation;F90L:rep-27.start_us;F90L:rep-28.end_confirmation;F90L:rep-28.end_us;F90L:rep-28.start_confirmation;F90L:rep-28.start_us;F90L:rep-29.end_confirmation;F90L:rep-29.end_us;F90L:rep-29.start_confirmation;F90L:rep-29.start_us;F90L:rep-3.end_confirmation;F90L:rep-3.end_us;F90L:rep-3.start_confirmation;F90L:rep-3.start_us;F90L:rep-30.end_confirmation;F90L:rep-30.end_us;F90L:rep-30.start_confirmation;F90L:rep-30.start_us;F90L:rep-31.end_confirmation;F90L:rep-31.end_us;F90L:rep-31.start_confirmation;F90L:rep-31.start_us;F90L:rep-32.end_confirmation;F90L:rep-32.end_us;F90L:rep-32.start_confirmation;F90L:rep-32.start_us;F90L:rep-33.end_confirmation;F90L:rep-33.end_us;F90L:rep-33.start_confirmation;F90L:rep-33.start_us;F90L:rep-34.end_confirmation;F90L:rep-34.end_us;F90L:rep-34.start_confirmation;F90L:rep-34.start_us;F90L:rep-35.end_confirmation;F90L:rep-35.end_us;F90L:rep-35.start_confirmation;F90L:rep-35.start_us;F90L:rep-36.end_confirmation;F90L:rep-36.end_us;F90L:rep-36.start_confirmation;F90L:rep-36.start_us;F90L:rep-37.end_confirmation;F90L:rep-37.end_us;F90L:rep-37.start_confirmation;F90L:rep-37.start_us;F90L:rep-38.end_confirmation;F90L:rep-38.end_us;F90L:rep-38.start_confirmation;F90L:rep-38.start_us;F90L:rep-39.end_confirmation;F90L:rep-39.end_us;F90L:rep-39.start_confirmation;F90L:rep-39.start_us;F90L:rep-4.end_confirmation;F90L:rep-4.end_us;F90L:rep-4.start_confirmation;F90L:rep-4.start_us;F90L:rep-40.end_confirmation;F90L:rep-40.end_us;F90L:rep-40.start_confirmation;F90L:rep-40.start_us;F90L:rep-41.end_confirmation;F90L:rep-41.end_us;F90L:rep-41.start_confirmation;F90L:rep-41.start_us;F90L:rep-42.end_confirmation;F90L:rep-42.end_us;F90L:rep-42.start_confirmation;F90L:rep-42.start_us;F90L:rep-43.end_confirmation;F90L:rep-43.end_us;F90L:rep-43.start_confirmation;F90L:rep-43.start_us;F90L:rep-44.end_confirmation;F90L:rep-44.end_us;F90L:rep-44.start_confirmation;F90L:rep-44.start_us;F90L:rep-45.end_confirmation;F90L:rep-45.end_us;F90L:rep-45.start_confirmation;F90L:rep-45.start_us;F90L:rep-46.end_confirmation;F90L:rep-46.end_us;F90L:rep-46.start_confirmation;F90L:rep-46.start_us;F90L:rep-47.end_confirmation;F90L:rep-47.end_us;F90L:rep-47.start_confirmation;F90L:rep-47.start_us;F90L:rep-48.end_confirmation;F90L:rep-48.end_us;F90L:rep-48.start_confirmation;F90L:rep-48.start_us;F90L:rep-49.end_confirmation;F90L:rep-49.end_us;F90L:rep-49.start_confirmation;F90L:rep-49.start_us;F90L:rep-5.end_confirmation;F90L:rep-5.end_us;F90L:rep-5.start_confirmation;F90L:rep-5.start_us;F90L:rep-50.end_confirmation;F90L:rep-50.end_us;F90L:rep-50.start_confirmation;F90L:rep-50.start_us;F90L:rep-51.end_confirmation;F90L:rep-51.end_us;F90L:rep-51.start_confirmation;F90L:rep-51.start_us;F90L:rep-52.end_confirmation;F90L:rep-52.end_us;F90L:rep-52.start_confirmation;F90L:rep-52.start_us;F90L:rep-53.end_confirmation;F90L:rep-53.end_us;F90L:rep-53.start_confirmation;F90L:rep-53.start_us;F90L:rep-54.end_confirmation;F90L:rep-54.end_us;F90L:rep-54.start_confirmation;F90L:rep-54.start_us;F90L:rep-6.end_confirmation;F90L:rep-6.end_us;F90L:rep-6.start_confirmation;F90L:rep-6.start_us;F90L:rep-7.end_confirmation;F90L:rep-7.end_us;F90L:rep-7.start_confirmation;F90L:rep-7.start_us;F90L:rep-8.end_confirmation;F90L:rep-8.end_us;F90L:rep-8.start_confirmation;F90L:rep-8.start_us;F90L:rep-9.end_confirmation;F90L:rep-9.end_us;F90L:rep-9.start_confirmation;F90L:rep-9.start_us;elevation;interval_speed
F90L,D-C-L-plus-exact,S,B,W,1,1,0,0,,1.0,1.0,1.0,0.3228850689018415,
F90L,D-C-L-plus-wrong,S,B,stress,1,1,0,0,,1.0,1.0,1.0,10.03301403130703,F90L:rep-1.end_confirmation;F90L:rep-1.end_us;F90L:rep-1.start_confirmation;F90L:rep-1.start_us;F90L:rep-10.end_confirmation;F90L:rep-10.end_us;F90L:rep-10.start_confirmation;F90L:rep-10.start_us;F90L:rep-11.end_confirmation;F90L:rep-11.end_us;F90L:rep-11.start_confirmation;F90L:rep-11.start_us;F90L:rep-12.end_confirmation;F90L:rep-12.end_us;F90L:rep-12.start_confirmation;F90L:rep-12.start_us;F90L:rep-13.end_confirmation;F90L:rep-13.end_us;F90L:rep-13.start_confirmation;F90L:rep-13.start_us;F90L:rep-14.end_confirmation;F90L:rep-14.end_us;F90L:rep-14.start_confirmation;F90L:rep-14.start_us;F90L:rep-15.end_confirmation;F90L:rep-15.end_us;F90L:rep-15.start_confirmation;F90L:rep-15.start_us;F90L:rep-16.end_confirmation;F90L:rep-16.end_us;F90L:rep-16.start_confirmation;F90L:rep-16.start_us;F90L:rep-17.end_confirmation;F90L:rep-17.end_us;F90L:rep-17.start_confirmation;F90L:rep-17.start_us;F90L:rep-18.end_confirmation;F90L:rep-18.end_us;F90L:rep-18.start_confirmation;F90L:rep-18.start_us;F90L:rep-19.end_confirmation;F90L:rep-19.end_us;F90L:rep-19.start_confirmation;F90L:rep-19.start_us;F90L:rep-2.end_confirmation;F90L:rep-2.end_us;F90L:rep-2.start_confirmation;F90L:rep-2.start_us;F90L:rep-20.end_confirmation;F90L:rep-20.end_us;F90L:rep-20.start_confirmation;F90L:rep-20.start_us;F90L:rep-21.end_confirmation;F90L:rep-21.end_us;F90L:rep-21.start_confirmation;F90L:rep-21.start_us;F90L:rep-22.end_confirmation;F90L:rep-22.end_us;F90L:rep-22.start_confirmation;F90L:rep-22.start_us;F90L:rep-23.end_confirmation;F90L:rep-23.end_us;F90L:rep-23.start_confirmation;F90L:rep-23.start_us;F90L:rep-24.end_confirmation;F90L:rep-24.end_us;F90L:rep-24.start_confirmation;F90L:rep-24.start_us;F90L:rep-25.end_confirmation;F90L:rep-25.end_us;F90L:rep-25.start_confirmation;F90L:rep-25.start_us;F90L:rep-26.end_confirmation;F90L:rep-26.end_us;F90L:rep-26.start_confirmation;F90L:rep-26.start_us;F90L:rep-27.end_confirmation;F90L:rep-27.end_us;F90L:rep-27.start_confirmation;F90L:rep-27.start_us;F90L:rep-28.end_confirmation;F90L:rep-28.end_us;F90L:rep-28.start_confirmation;F90L:rep-28.start_us;F90L:rep-29.end_confirmation;F90L:rep-29.end_us;F90L:rep-29.start_confirmation;F90L:rep-29.start_us;F90L:rep-3.end_confirmation;F90L:rep-3.end_us;F90L:rep-3.start_confirmation;F90L:rep-3.start_us;F90L:rep-30.end_confirmation;F90L:rep-30.end_us;F90L:rep-30.start_confirmation;F90L:rep-30.start_us;F90L:rep-31.end_confirmation;F90L:rep-31.end_us;F90L:rep-31.start_confirmation;F90L:rep-31.start_us;F90L:rep-32.end_confirmation;F90L:rep-32.end_us;F90L:rep-32.start_confirmation;F90L:rep-32.start_us;F90L:rep-33.end_confirmation;F90L:rep-33.end_us;F90L:rep-33.start_confirmation;F90L:rep-33.start_us;F90L:rep-34.end_confirmation;F90L:rep-34.end_us;F90L:rep-34.start_confirmation;F90L:rep-34.start_us;F90L:rep-35.end_confirmation;F90L:rep-35.end_us;F90L:rep-35.start_confirmation;F90L:rep-35.start_us;F90L:rep-36.end_confirmation;F90L:rep-36.end_us;F90L:rep-36.start_confirmation;F90L:rep-36.start_us;F90L:rep-37.end_confirmation;F90L:rep-37.end_us;F90L:rep-37.start_confirmation;F90L:rep-37.start_us;F90L:rep-38.end_confirmation;F90L:rep-38.end_us;F90L:rep-38.start_confirmation;F90L:rep-38.start_us;F90L:rep-39.end_confirmation;F90L:rep-39.end_us;F90L:rep-39.start_confirmation;F90L:rep-39.start_us;F90L:rep-4.end_confirmation;F90L:rep-4.end_us;F90L:rep-4.start_confirmation;F90L:rep-4.start_us;F90L:rep-40.end_confirmation;F90L:rep-40.end_us;F90L:rep-40.start_confirmation;F90L:rep-40.start_us;F90L:rep-41.end_confirmation;F90L:rep-41.end_us;F90L:rep-41.start_confirmation;F90L:rep-41.start_us;F90L:rep-42.end_confirmation;F90L:rep-42.end_us;F90L:rep-42.start_confirmation;F90L:rep-42.start_us;F90L:rep-43.end_confirmation;F90L:rep-43.end_us;F90L:rep-43.start_confirmation;F90L:rep-43.start_us;F90L:rep-44.end_confirmation;F90L:rep-44.end_us;F90L:rep-44.start_confirmation;F90L:rep-44.start_us;F90L:rep-45.end_confirmation;F90L:rep-45.end_us;F90L:rep-45.start_confirmation;F90L:rep-45.start_us;F90L:rep-46.end_confirmation;F90L:rep-46.end_us;F90L:rep-46.start_confirmation;F90L:rep-46.start_us;F90L:rep-47.end_confirmation;F90L:rep-47.end_us;F90L:rep-47.start_confirmation;F90L:rep-47.start_us;F90L:rep-48.end_confirmation;F90L:rep-48.end_us;F90L:rep-48.start_confirmation;F90L:rep-48.start_us;F90L:rep-49.end_confirmation;F90L:rep-49.end_us;F90L:rep-49.start_confirmation;F90L:rep-49.start_us;F90L:rep-5.end_confirmation;F90L:rep-5.end_us;F90L:rep-5.start_confirmation;F90L:rep-5.start_us;F90L:rep-50.end_confirmation;F90L:rep-50.end_us;F90L:rep-50.start_confirmation;F90L:rep-50.start_us;F90L:rep-51.end_confirmation;F90L:rep-51.end_us;F90L:rep-51.start_confirmation;F90L:rep-51.start_us;F90L:rep-52.end_confirmation;F90L:rep-52.end_us;F90L:rep-52.start_confirmation;F90L:rep-52.start_us;F90L:rep-53.end_confirmation;F90L:rep-53.end_us;F90L:rep-53.start_confirmation;F90L:rep-53.start_us;F90L:rep-54.end_confirmation;F90L:rep-54.end_us;F90L:rep-54.start_confirmation;F90L:rep-54.start_us;F90L:rep-6.end_confirmation;F90L:rep-6.end_us;F90L:rep-6.start_confirmation;F90L:rep-6.start_us;F90L:rep-7.end_confirmation;F90L:rep-7.end_us;F90L:rep-7.start_confirmation;F90L:rep-7.start_us;F90L:rep-8.end_confirmation;F90L:rep-8.end_us;F90L:rep-8.start_confirmation;F90L:rep-8.start_us;F90L:rep-9.end_confirmation;F90L:rep-9.end_us;F90L:rep-9.start_confirmation;F90L:rep-9.start_us;elevation;interval_speed
F90L,D-C-X-minus-exact,S,B,stress,1,1,0,0,,0.9999666666666667,1.0,1.0,0.0021992906885299614,F90L:rep-55.exclusion
F90L,D-C-X-minus-wrong,S,B,stress,1,1,0,0,,0.9957333333333335,1.0,1.0,25.349179036220765,F90L:rep-1.end_confirmation;F90L:rep-1.end_us;F90L:rep-1.peak_support;F90L:rep-1.start_confirmation;F90L:rep-1.start_us;F90L:rep-13.end_confirmation;F90L:rep-13.end_us;F90L:rep-13.start_confirmation;F90L:rep-13.start_us;F90L:rep-14.end_confirmation;F90L:rep-14.end_us;F90L:rep-14.start_confirmation;F90L:rep-14.start_us;F90L:rep-15.end_confirmation;F90L:rep-15.end_us;F90L:rep-15.start_confirmation;F90L:rep-15.start_us;F90L:rep-16.end_confirmation;F90L:rep-16.end_us;F90L:rep-16.start_confirmation;F90L:rep-16.start_us;F90L:rep-17.end_confirmation;F90L:rep-17.end_us;F90L:rep-17.start_confirmation;F90L:rep-17.start_us;F90L:rep-18.end_confirmation;F90L:rep-18.end_us;F90L:rep-18.start_confirmation;F90L:rep-18.start_us;F90L:rep-19.end_confirmation;F90L:rep-19.end_us;F90L:rep-19.start_confirmation;F90L:rep-19.start_us;F90L:rep-2.end_confirmation;F90L:rep-2.end_us;F90L:rep-2.peak_support;F90L:rep-2.start_confirmation;F90L:rep-2.start_us;F90L:rep-20.end_confirmation;F90L:rep-20.end_us;F90L:rep-20.start_confirmation;F90L:rep-20.start_us;F90L:rep-21.end_confirmation;F90L:rep-21.end_us;F90L:rep-21.start_confirmation;F90L:rep-21.start_us;F90L:rep-22.end_confirmation;F90L:rep-22.end_us;F90L:rep-22.start_confirmation;F90L:rep-22.start_us;F90L:rep-23.end_confirmation;F90L:rep-23.end_us;F90L:rep-23.start_confirmation;F90L:rep-23.start_us;F90L:rep-24.end_confirmation;F90L:rep-24.end_us;F90L:rep-24.start_confirmation;F90L:rep-24.start_us;F90L:rep-25.end_confirmation;F90L:rep-25.end_us;F90L:rep-25.start_confirmation;F90L:rep-25.start_us;F90L:rep-26.end_confirmation;F90L:rep-26.end_us;F90L:rep-26.start_confirmation;F90L:rep-26.start_us;F90L:rep-27.end_confirmation;F90L:rep-27.end_us;F90L:rep-27.start_confirmation;F90L:rep-27.start_us;F90L:rep-28.end_confirmation;F90L:rep-28.end_us;F90L:rep-28.start_confirmation;F90L:rep-28.start_us;F90L:rep-29.end_confirmation;F90L:rep-29.end_us;F90L:rep-29.start_confirmation;F90L:rep-29.start_us;F90L:rep-3.end_confirmation;F90L:rep-3.end_us;F90L:rep-3.peak_support;F90L:rep-3.start_confirmation;F90L:rep-3.start_us;F90L:rep-30.end_confirmation;F90L:rep-30.end_us;F90L:rep-30.start_confirmation;F90L:rep-30.start_us;F90L:rep-31.end_confirmation;F90L:rep-31.end_us;F90L:rep-31.start_confirmation;F90L:rep-31.start_us;F90L:rep-32.end_confirmation;F90L:rep-32.end_us;F90L:rep-32.start_confirmation;F90L:rep-32.start_us;F90L:rep-33.end_confirmation;F90L:rep-33.end_us;F90L:rep-33.start_confirmation;F90L:rep-33.start_us;F90L:rep-34.end_confirmation;F90L:rep-34.end_us;F90L:rep-34.start_confirmation;F90L:rep-34.start_us;F90L:rep-35.end_confirmation;F90L:rep-35.end_us;F90L:rep-35.start_confirmation;F90L:rep-35.start_us;F90L:rep-36.end_confirmation;F90L:rep-36.end_us;F90L:rep-36.start_confirmation;F90L:rep-36.start_us;F90L:rep-37.end_confirmation;F90L:rep-37.end_us;F90L:rep-37.start_confirmation;F90L:rep-37.start_us;F90L:rep-38.end_confirmation;F90L:rep-38.end_us;F90L:rep-38.start_confirmation;F90L:rep-38.start_us;F90L:rep-39.end_confirmation;F90L:rep-39.end_us;F90L:rep-39.start_confirmation;F90L:rep-39.start_us;F90L:rep-4.end_confirmation;F90L:rep-4.end_us;F90L:rep-4.peak_support;F90L:rep-4.start_confirmation;F90L:rep-4.start_us;F90L:rep-40.end_confirmation;F90L:rep-40.end_us;F90L:rep-40.start_confirmation;F90L:rep-40.start_us;F90L:rep-41.end_confirmation;F90L:rep-41.end_us;F90L:rep-41.start_confirmation;F90L:rep-41.start_us;F90L:rep-42.end_confirmation;F90L:rep-42.end_us;F90L:rep-42.start_confirmation;F90L:rep-42.start_us;F90L:rep-43.end_confirmation;F90L:rep-43.end_us;F90L:rep-43.start_confirmation;F90L:rep-43.start_us;F90L:rep-44.end_confirmation;F90L:rep-44.end_us;F90L:rep-44.speed_estimated_mean;F90L:rep-44.start_confirmation;F90L:rep-44.start_us;F90L:rep-45.end_confirmation;F90L:rep-45.end_us;F90L:rep-45.speed_estimated_mean;F90L:rep-45.start_confirmation;F90L:rep-45.start_us;F90L:rep-46.end_confirmation;F90L:rep-46.end_us;F90L:rep-46.speed_estimated_mean;F90L:rep-46.start_confirmation;F90L:rep-46.start_us;F90L:rep-47.end_confirmation;F90L:rep-47.end_us;F90L:rep-47.speed_estimated_mean;F90L:rep-47.start_confirmation;F90L:rep-47.start_us;F90L:rep-48.end_confirmation;F90L:rep-48.end_us;F90L:rep-48.speed_estimated_mean;F90L:rep-48.start_confirmation;F90L:rep-48.start_us;F90L:rep-49.end_confirmation;F90L:rep-49.end_us;F90L:rep-49.peak_support;F90L:rep-49.speed_estimated_mean;F90L:rep-49.start_confirmation;F90L:rep-49.start_us;F90L:rep-5.start_confirmation;F90L:rep-5.start_us;F90L:rep-50.end_confirmation;F90L:rep-50.end_us;F90L:rep-50.peak_support;F90L:rep-50.speed_estimated_mean;F90L:rep-50.start_confirmation;F90L:rep-50.start_us;F90L:rep-51.end_confirmation;F90L:rep-51.end_us;F90L:rep-51.peak_support;F90L:rep-51.speed_estimated_mean;F90L:rep-51.start_confirmation;F90L:rep-51.start_us;F90L:rep-52.end_confirmation;F90L:rep-52.end_us;F90L:rep-52.peak_support;F90L:rep-52.speed_estimated_mean;F90L:rep-52.start_confirmation;F90L:rep-52.start_us;F90L:rep-53.end_confirmation;F90L:rep-53.end_us;F90L:rep-53.peak_support;F90L:rep-53.speed_estimated_mean;F90L:rep-53.start_confirmation;F90L:rep-53.start_us;F90L:rep-54.end_confirmation;F90L:rep-54.end_us;F90L:rep-54.peak_support;F90L:rep-54.speed_estimated_mean;F90L:rep-54.start_confirmation;F90L:rep-54.start_us;elevation;interval_speed
F90L,D-C-X-plus-exact,S,B,stress,1,1,0,0,,1.0,1.0,1.0,0.6341777823597685,
F90L,D-C-X-plus-wrong,S,B,stress,1,1,0,0,,1.0,0.7222222222222222,1.0,29.99160816865869,F90L:rep-1.end_confirmation;F90L:rep-1.end_us;F90L:rep-1.start_confirmation;F90L:rep-1.start_us;F90L:rep-10.end_confirmation;F90L:rep-10.end_us;F90L:rep-10.start_confirmation;F90L:rep-10.start_us;F90L:rep-11.end_confirmation;F90L:rep-11.end_us;F90L:rep-11.speed_estimated_mean;F90L:rep-11.start_confirmation;F90L:rep-11.start_us;F90L:rep-12.end_confirmation;F90L:rep-12.end_us;F90L:rep-12.speed_estimated_mean;F90L:rep-12.start_confirmation;F90L:rep-12.start_us;F90L:rep-13.end_confirmation;F90L:rep-13.end_us;F90L:rep-13.speed_estimated_mean;F90L:rep-13.start_confirmation;F90L:rep-13.start_us;F90L:rep-14.end_confirmation;F90L:rep-14.end_us;F90L:rep-14.speed_estimated_mean;F90L:rep-14.start_confirmation;F90L:rep-14.start_us;F90L:rep-15.end_confirmation;F90L:rep-15.end_us;F90L:rep-15.speed_estimated_mean;F90L:rep-15.start_confirmation;F90L:rep-15.start_us;F90L:rep-16.end_confirmation;F90L:rep-16.end_us;F90L:rep-16.speed_estimated_mean;F90L:rep-16.start_confirmation;F90L:rep-16.start_us;F90L:rep-17.end_confirmation;F90L:rep-17.end_us;F90L:rep-17.speed_estimated_mean;F90L:rep-17.start_confirmation;F90L:rep-17.start_us;F90L:rep-18.end_confirmation;F90L:rep-18.end_us;F90L:rep-18.speed_estimated_mean;F90L:rep-18.start_confirmation;F90L:rep-18.start_us;F90L:rep-19.end_confirmation;F90L:rep-19.end_us;F90L:rep-19.speed_estimated_mean;F90L:rep-19.start_confirmation;F90L:rep-19.start_us;F90L:rep-2.end_confirmation;F90L:rep-2.end_us;F90L:rep-2.start_confirmation;F90L:rep-2.start_us;F90L:rep-20.end_confirmation;F90L:rep-20.end_us;F90L:rep-20.speed_estimated_mean;F90L:rep-20.start_confirmation;F90L:rep-20.start_us;F90L:rep-21.end_confirmation;F90L:rep-21.end_us;F90L:rep-21.speed_estimated_mean;F90L:rep-21.start_confirmation;F90L:rep-21.start_us;F90L:rep-22.end_confirmation;F90L:rep-22.end_us;F90L:rep-22.speed_estimated_mean;F90L:rep-22.start_confirmation;F90L:rep-22.start_us;F90L:rep-23.end_confirmation;F90L:rep-23.end_us;F90L:rep-23.speed_estimated_mean;F90L:rep-23.start_confirmation;F90L:rep-23.start_us;F90L:rep-24.end_confirmation;F90L:rep-24.end_us;F90L:rep-24.speed_estimated_mean;F90L:rep-24.start_confirmation;F90L:rep-24.start_us;F90L:rep-25.end_confirmation;F90L:rep-25.end_us;F90L:rep-25.speed_estimated_mean;F90L:rep-25.start_confirmation;F90L:rep-25.start_us;F90L:rep-26.end_confirmation;F90L:rep-26.end_us;F90L:rep-26.speed_estimated_mean;F90L:rep-26.start_confirmation;F90L:rep-26.start_us;F90L:rep-27.end_confirmation;F90L:rep-27.end_us;F90L:rep-27.speed_estimated_mean;F90L:rep-27.start_confirmation;F90L:rep-27.start_us;F90L:rep-28.end_confirmation;F90L:rep-28.end_us;F90L:rep-28.speed_estimated_mean;F90L:rep-28.start_confirmation;F90L:rep-28.start_us;F90L:rep-29.end_confirmation;F90L:rep-29.end_us;F90L:rep-29.speed_estimated_mean;F90L:rep-29.start_confirmation;F90L:rep-29.start_us;F90L:rep-3.end_confirmation;F90L:rep-3.end_us;F90L:rep-3.start_confirmation;F90L:rep-3.start_us;F90L:rep-30.end_confirmation;F90L:rep-30.end_us;F90L:rep-30.speed_estimated_mean;F90L:rep-30.start_confirmation;F90L:rep-30.start_us;F90L:rep-31.end_confirmation;F90L:rep-31.end_us;F90L:rep-31.peak_support;F90L:rep-31.speed_estimated_mean;F90L:rep-31.start_confirmation;F90L:rep-31.start_us;F90L:rep-32.end_confirmation;F90L:rep-32.end_us;F90L:rep-32.peak_support;F90L:rep-32.speed_estimated_mean;F90L:rep-32.start_confirmation;F90L:rep-32.start_us;F90L:rep-33.end_confirmation;F90L:rep-33.end_us;F90L:rep-33.peak_support;F90L:rep-33.speed_estimated_mean;F90L:rep-33.start_confirmation;F90L:rep-33.start_us;F90L:rep-34.end_confirmation;F90L:rep-34.end_us;F90L:rep-34.peak_support;F90L:rep-34.speed_estimated_mean;F90L:rep-34.start_confirmation;F90L:rep-34.start_us;F90L:rep-35.end_confirmation;F90L:rep-35.end_us;F90L:rep-35.peak_support;F90L:rep-35.speed_estimated_mean;F90L:rep-35.start_confirmation;F90L:rep-35.start_us;F90L:rep-36.end_confirmation;F90L:rep-36.end_us;F90L:rep-36.peak_support;F90L:rep-36.speed_estimated_mean;F90L:rep-36.start_confirmation;F90L:rep-36.start_us;F90L:rep-37.end_confirmation;F90L:rep-37.end_us;F90L:rep-37.peak_support;F90L:rep-37.speed_estimated_mean;F90L:rep-37.start_confirmation;F90L:rep-37.start_us;F90L:rep-38.end_confirmation;F90L:rep-38.end_us;F90L:rep-38.peak_support;F90L:rep-38.speed_estimated_mean;F90L:rep-38.start_confirmation;F90L:rep-38.start_us;F90L:rep-39.end_confirmation;F90L:rep-39.end_us;F90L:rep-39.peak_support;F90L:rep-39.speed_estimated_mean;F90L:rep-39.start_confirmation;F90L:rep-39.start_us;F90L:rep-4.end_confirmation;F90L:rep-4.end_us;F90L:rep-4.start_confirmation;F90L:rep-4.start_us;F90L:rep-5.end_confirmation;F90L:rep-5.end_us;F90L:rep-5.start_confirmation;F90L:rep-5.start_us;F90L:rep-6.end_confirmation;F90L:rep-6.end_us;F90L:rep-6.start_confirmation;F90L:rep-6.start_us;F90L:rep-7.end_confirmation;F90L:rep-7.end_us;F90L:rep-7.start_confirmation;F90L:rep-7.start_us;F90L:rep-8.end_confirmation;F90L:rep-8.end_us;F90L:rep-8.start_confirmation;F90L:rep-8.start_us;F90L:rep-9.end_confirmation;F90L:rep-9.end_us;F90L:rep-9.start_confirmation;F90L:rep-9.start_us;counts;elevation;interval_speed;summary.elevation_duration_s.support;summary.elevation_speed_max_rads.support;summary.elevation_speed_mean_rads.support;summary.hold_duration_s.support;summary.hold_speed_max_rads.support;summary.hold_speed_mean_rads.support;summary.peak_elevation_rad.support;summary.preceding_rest_duration_s.support;summary.rep_duration_s.support;summary.rep_speed_max_rads.support;summary.rep_speed_mean_rads.support;summary.return_duration_s.support;summary.return_speed_max_rads.support;summary.return_speed_mean_rads.support;summary.rom_rad.support;summary.thorax_axial_rotation_magnitude_rad.support;summary.thorax_axial_rotation_max_rad.support;summary.thorax_axial_rotation_min_rad.support;summary.thorax_extension_magnitude_rad.support;summary.thorax_extension_max_rad.support;summary.thorax_extension_min_rad.support;summary.thorax_lateral_flexion_magnitude_rad.support;summary.thorax_lateral_flexion_max_rad.support;summary.thorax_lateral_flexion_min_rad.support
F90L,D-H-H-sensor,S,A,stress,1,1,0,0,,1.0,1.0,0.0,6.10021965629458,A.orientation
F90L,D-H-H-sensor,S,B,stress,1,1,0,0,,1.0,1.0,1.0,6.0997249421444115,B.orientation
F90L,D-H-H-sensor,S,DIFF,stress,1,1,0,0,,1.0,1.0,0.0,6.10021965629458,A.orientation;B.orientation
F90L,D-H-H-sensor,S,SAME,stress,1,1,0,0,,1.0,1.0,0.0,6.10021965629458,A.orientation;B.orientation
F90L,D-H-H-world,E,A,stress,1,1,0,0,,1.0,1.0,0.0,6.0,A.orientation
F90L,D-H-H-world,E,B,stress,1,1,0,0,,1.0,1.0,1.0,6.0,B.orientation
F90L,D-H-H-world,E,DIFF,stress,1,1,0,0,,1.0,1.0,0.0,6.0,A.orientation;B.orientation
F90L,D-H-H-world,E,SAME,stress,1,1,0,0,,1.0,1.0,0.0,6.0,A.orientation;B.orientation
F90L,D-H-L-sensor,S,A,W,1,1,0,0,,1.0,1.0,1.0,0.6099340618591054,
F90L,D-H-L-sensor,S,B,W,1,1,0,0,,1.0,1.0,1.0,0.6569379991991073,
F90L,D-H-L-sensor,S,DIFF,W,1,1,0,0,,1.0,1.0,1.0,0.6569379991991073,
F90L,D-H-L-sensor,S,SAME,W,1,1,0,0,,1.0,1.0,1.0,0.6569379991991073,
F90L,D-H-L-world,E,A,W,1,1,0,0,,1.0,1.0,1.0,0.6000000000000001,
F90L,D-H-L-world,E,B,W,1,1,0,0,,1.0,1.0,1.0,0.5999999999999999,
F90L,D-H-L-world,E,DIFF,W,1,1,0,0,,1.0,1.0,1.0,0.6000000000000001,
F90L,D-H-L-world,E,SAME,W,1,1,0,0,,1.0,1.0,1.0,0.6000000000000001,
F90L,D-H-X-sensor,S,A,stress,1,1,0,0,,1.0,0.3148148148148148,0.0,60.99998518409464,A.orientation;F90L:rep-18.missed;F90L:rep-19.missed;F90L:rep-20.missed;F90L:rep-21.missed;F90L:rep-22.missed;F90L:rep-23.missed;F90L:rep-24.missed;F90L:rep-25.missed;F90L:rep-26.missed;F90L:rep-27.missed;F90L:rep-28.missed;F90L:rep-29.missed;F90L:rep-30.missed;F90L:rep-31.missed;F90L:rep-32.missed;F90L:rep-33.missed;F90L:rep-34.missed;F90L:rep-35.missed;F90L:rep-36.missed;F90L:rep-37.missed;F90L:rep-38.missed;F90L:rep-39.missed;F90L:rep-40.missed;F90L:rep-41.missed;F90L:rep-42.missed;F90L:rep-43.missed;F90L:rep-44.missed;F90L:rep-45.missed;F90L:rep-46.missed;F90L:rep-47.missed;F90L:rep-48.missed;F90L:rep-49.missed;F90L:rep-50.missed;F90L:rep-51.missed;F90L:rep-52.missed;F90L:rep-53.missed;F90L:rep-54.missed;counts;summary.active_s
F90L,D-H-X-sensor,S,B,stress,1,1,0,0,,1.0,0.3148148148148148,1.0,60.99926229272753,B.orientation;F90L:rep-18.missed;F90L:rep-19.missed;F90L:rep-20.missed;F90L:rep-21.missed;F90L:rep-22.missed;F90L:rep-23.missed;F90L:rep-24.missed;F90L:rep-25.missed;F90L:rep-26.missed;F90L:rep-27.missed;F90L:rep-28.missed;F90L:rep-29.missed;F90L:rep-30.missed;F90L:rep-31.missed;F90L:rep-32.missed;F90L:rep-33.missed;F90L:rep-34.missed;F90L:rep-35.missed;F90L:rep-36.missed;F90L:rep-37.missed;F90L:rep-38.missed;F90L:rep-39.missed;F90L:rep-40.missed;F90L:rep-41.missed;F90L:rep-42.missed;F90L:rep-43.missed;F90L:rep-44.missed;F90L:rep-45.missed;F90L:rep-46.missed;F90L:rep-47.missed;F90L:rep-48.missed;F90L:rep-49.missed;F90L:rep-50.missed;F90L:rep-51.missed;F90L:rep-52.missed;F90L:rep-53.missed;F90L:rep-54.missed;counts;summary.active_s
F90L,D-H-X-sensor,S,DIFF,stress,1,1,0,0,,1.0,0.14814814814814814,0.0,60.99998518409464,A.orientation;B.orientation;F90L:rep-10.missed;F90L:rep-11.missed;F90L:rep-12.missed;F90L:rep-13.missed;F90L:rep-14.missed;F90L:rep-15.missed;F90L:rep-16.missed;F90L:rep-17.missed;F90L:rep-18.missed;F90L:rep-19.missed;F90L:rep-20.missed;F90L:rep-21.missed;F90L:rep-22.missed;F90L:rep-23.missed;F90L:rep-24.missed;F90L:rep-25.missed;F90L:rep-26.missed;F90L:rep-27.missed;F90L:rep-28.missed;F90L:rep-29.missed;F90L:rep-30.missed;F90L:rep-31.missed;F90L:rep-32.missed;F90L:rep-33.missed;F90L:rep-34.missed;F90L:rep-35.missed;F90L:rep-36.missed;F90L:rep-37.missed;F90L:rep-38.missed;F90L:rep-39.missed;F90L:rep-40.missed;F90L:rep-41.missed;F90L:rep-42.missed;F90L:rep-43.missed;F90L:rep-44.missed;F90L:rep-45.missed;F90L:rep-46.missed;F90L:rep-47.missed;F90L:rep-48.missed;F90L:rep-49.missed;F90L:rep-50.missed;F90L:rep-51.missed;F90L:rep-52.missed;F90L:rep-53.missed;F90L:rep-54.missed;F90L:rep-9.missed;counts;summary.active_s
F90L,D-H-X-sensor,S,SAME,stress,1,1,0,0,,1.0,1.0,0.0,60.99998518409464,A.orientation;B.orientation
F90L,D-H-X-world,E,A,stress,1,1,0,0,,1.0,0.3333333333333333,0.0,60.00000000000001,A.initialization;A.orientation;F90L:rep-19.missed;F90L:rep-20.missed;F90L:rep-21.missed;F90L:rep-22.missed;F90L:rep-23.missed;F90L:rep-24.missed;F90L:rep-25.missed;F90L:rep-26.missed;F90L:rep-27.missed;F90L:rep-28.missed;F90L:rep-29.missed;F90L:rep-30.missed;F90L:rep-31.missed;F90L:rep-32.missed;F90L:rep-33.missed;F90L:rep-34.missed;F90L:rep-35.missed;F90L:rep-36.missed;F90L:rep-37.missed;F90L:rep-38.missed;F90L:rep-39.missed;F90L:rep-40.missed;F90L:rep-41.missed;F90L:rep-42.missed;F90L:rep-43.missed;F90L:rep-44.missed;F90L:rep-45.missed;F90L:rep-46.missed;F90L:rep-47.missed;F90L:rep-48.missed;F90L:rep-49.missed;F90L:rep-50.missed;F90L:rep-51.missed;F90L:rep-52.missed;F90L:rep-53.missed;F90L:rep-54.missed;counts;summary.active_s
F90L,D-H-X-world,E,B,stress,1,1,0,0,,1.0,0.3333333333333333,1.0,59.99999999999999,B.initialization;B.orientation;F90L:rep-19.missed;F90L:rep-20.missed;F90L:rep-21.missed;F90L:rep-22.missed;F90L:rep-23.missed;F90L:rep-24.missed;F90L:rep-25.missed;F90L:rep-26.missed;F90L:rep-27.missed;F90L:rep-28.missed;F90L:rep-29.missed;F90L:rep-30.missed;F90L:rep-31.missed;F90L:rep-32.missed;F90L:rep-33.missed;F90L:rep-34.missed;F90L:rep-35.missed;F90L:rep-36.missed;F90L:rep-37.missed;F90L:rep-38.missed;F90L:rep-39.missed;F90L:rep-40.missed;F90L:rep-41.missed;F90L:rep-42.missed;F90L:rep-43.missed;F90L:rep-44.missed;F90L:rep-45.missed;F90L:rep-46.missed;F90L:rep-47.missed;F90L:rep-48.missed;F90L:rep-49.missed;F90L:rep-50.missed;F90L:rep-51.missed;F90L:rep-52.missed;F90L:rep-53.missed;F90L:rep-54.missed;counts;summary.active_s
F90L,D-H-X-world,E,DIFF,stress,1,1,0,0,,1.0,0.16666666666666666,0.0,60.00000000000001,A.initialization;A.orientation;B.initialization;B.orientation;F90L:rep-10.missed;F90L:rep-11.missed;F90L:rep-12.missed;F90L:rep-13.missed;F90L:rep-14.missed;F90L:rep-15.missed;F90L:rep-16.missed;F90L:rep-17.missed;F90L:rep-18.missed;F90L:rep-19.missed;F90L:rep-20.missed;F90L:rep-21.missed;F90L:rep-22.missed;F90L:rep-23.missed;F90L:rep-24.missed;F90L:rep-25.missed;F90L:rep-26.missed;F90L:rep-27.missed;F90L:rep-28.missed;F90L:rep-29.missed;F90L:rep-30.missed;F90L:rep-31.missed;F90L:rep-32.missed;F90L:rep-33.missed;F90L:rep-34.missed;F90L:rep-35.missed;F90L:rep-36.missed;F90L:rep-37.missed;F90L:rep-38.missed;F90L:rep-39.missed;F90L:rep-40.missed;F90L:rep-41.missed;F90L:rep-42.missed;F90L:rep-43.missed;F90L:rep-44.missed;F90L:rep-45.missed;F90L:rep-46.missed;F90L:rep-47.missed;F90L:rep-48.missed;F90L:rep-49.missed;F90L:rep-50.missed;F90L:rep-51.missed;F90L:rep-52.missed;F90L:rep-53.missed;F90L:rep-54.missed;counts;summary.active_s
F90L,D-H-X-world,E,SAME,stress,1,1,0,0,,1.0,1.0,0.0,60.00000000000001,A.initialization;A.orientation;B.initialization;B.orientation
F90L,I-HD-300,S,DIFF,stress,1,1,0,0,,1.0,1.0,0.0,6.10021965629458,A.orientation;B.orientation
NOHOLD,CLEAN-E,E,SAME,C,1,1,0,0,,1.0,1.0,1.0,0.0018751666885918894,
NOHOLD,CLEAN-S,S,SAME,C,1,1,0,0,,1.0,1.0,1.0,0.7913498581567865,
PARTIAL,CLEAN-E,E,SAME,C,1,1,0,0,,1.0,1.0,1.0,0.00248245868306185,
PARTIAL,CLEAN-S,S,SAME,C,1,1,0,0,,1.0,1.0,1.0,0.7913498581567865,
QUIET,CLEAN-E,E,SAME,C,1,1,0,0,,1.0,,,0.0,
QUIET,CLEAN-S,S,SAME,C,1,1,0,0,,1.0,,,3.180554681463517e-14,
T-EXT,CLEAN-E,E,SAME,C,1,1,0,0,,1.0,1.0,1.0,0.003055333763768431,
T-EXT,CLEAN-S,S,SAME,C,1,1,0,0,,1.0,1.0,1.0,0.8788189947150606,
T-MIX,CLEAN-E,E,SAME,C,1,1,0,0,,1.0,1.0,1.0,0.0027067237340361316,
T-MIX,CLEAN-Q,Q,SAME,C,1,1,0,0,,1.0,1.0,1.0,0.879978000763834,
T-MIX,CLEAN-S,S,SAME,C,1,1,0,0,,1.0,1.0,1.0,0.8803403089601585,
VAR,CLEAN-E,E,SAME,C,1,1,0,0,,1.0,1.0,1.0,0.0026290081223123707,
VAR,CLEAN-S,S,SAME,C,1,1,0,0,,1.0,1.0,1.0,0.6881316486047631,
WRONG,CLEAN-E,E,SAME,C,1,1,0,0,,1.0,,,0.00248245868306185,
WRONG,CLEAN-S,S,SAME,C,1,1,0,0,,1.0,,,0.7912441764483552,
