case_id,trajectory,condition,path,target,seed,parameters_json,intended_class,passed,stage,accuracy_passed,relative_coverage,rep_recall,proxy_coverage,evaluation_s,truth_reps,valid_reps,missed_reps,false_reps,A_lost_samples,B_lost_samples,A_lost_packets,B_lost_packets,A_sample_retention,B_sample_retention,worst_metric,worst_error,worst_tolerance,worst_unit,worst_budget_ratio,failed_gates,proxy_reasons,exception_stage,exception_type,exception_message,control_id,known_yaw_bound_rad
AL90/B-C-H/A/0,AL90,B-C-H,S,A,0,"{""bias_rads"": 0.00034906585039886593}",W,True,complete,True,1.0,1.0,1.0,16.5,3,3,0,0,0,0,0,0,1.0,1.0,B.orientation,0.005523926426501909,0.017453292519943295,rad,0.3164976705793421,,,,,,AL90/CLEAN-S/SAME/0,0.0
AL90/B-C-H/B/0,AL90,B-C-H,S,B,0,"{""bias_rads"": 0.00034906585039886593}",W,True,complete,True,1.0,1.0,1.0,16.5,3,3,0,0,0,0,0,0,1.0,1.0,B.orientation,0.005558230672362963,0.017453292519943295,rad,0.31846315908655964,,,,,,AL90/CLEAN-S/SAME/0,0.0
AL90/B-C-H/SAME/0,AL90,B-C-H,S,SAME,0,"{""bias_rads"": 0.00034906585039886593}",W,True,complete,True,1.0,1.0,1.0,16.5,3,3,0,0,0,0,0,0,1.0,1.0,B.orientation,0.005558230672362963,0.017453292519943295,rad,0.31846315908655964,,,,,,AL90/CLEAN-S/SAME/0,0.0
AL90/B-C-H/DIFF/0,AL90,B-C-H,S,DIFF,0,"{""bias_rads"": 0.00034906585039886593}",W,True,complete,True,1.0,1.0,1.0,16.5,3,3,0,0,0,0,0,0,1.0,1.0,B.orientation,0.005558262190842216,0.017453292519943295,rad,0.3184649649623975,,,,,,AL90/CLEAN-S/SAME/0,0.0
AL90/B-C-L/A/0,AL90,B-C-L,S,A,0,"{""bias_rads"": 3.490658503988659e-05}",W,True,complete,True,1.0,1.0,1.0,16.5,3,3,0,0,0,0,0,0,1.0,1.0,B.orientation,0.005523926426501909,0.017453292519943295,rad,0.3164976705793421,,,,,,AL90/CLEAN-S/SAME/0,0.0
AL90/B-C-L/B/0,AL90,B-C-L,S,B,0,"{""bias_rads"": 3.490658503988659e-05}",W,True,complete,True,1.0,1.0,1.0,16.5,3,3,0,0,0,0,0,0,1.0,1.0,B.orientation,0.0055244867772861455,0.017453292519943295,rad,0.3165297763143257,,,,,,AL90/CLEAN-S/SAME/0,0.0
AL90/B-C-L/SAME/0,AL90,B-C-L,S,SAME,0,"{""bias_rads"": 3.490658503988659e-05}",W,True,complete,True,1.0,1.0,1.0,16.5,3,3,0,0,0,0,0,0,1.0,1.0,B.orientation,0.0055244867772861455,0.017453292519943295,rad,0.3165297763143257,,,,,,AL90/CLEAN-S/SAME/0,0.0
AL90/B-C-L/DIFF/0,AL90,B-C-L,S,DIFF,0,"{""bias_rads"": 3.490658503988659e-05}",W,True,complete,True,1.0,1.0,1.0,16.5,3,3,0,0,0,0,0,0,1.0,1.0,B.orientation,0.005524369226906208,0.017453292519943295,rad,0.31652304117367513,,,,,,AL90/CLEAN-S/SAME/0,0.0
AL90/B-C-X/A/0,AL90,B-C-X,S,A,0,"{""bias_rads"": 0.017453292519943295}",stress,True,stress_completed,False,1.0,1.0,1.0,16.5,3,3,0,0,0,0,0,0,1.0,1.0,A.orientation,0.03491293134363569,0.017453292519943295,rad,2.0003636164203313,A.orientation;A.initialization,,,,,AL90/CLEAN-S/SAME/0,0.0
AL90/B-C-X/B/0,AL90,B-C-X,S,B,0,"{""bias_rads"": 0.017453292519943295}",stress,True,stress_completed,False,1.0,1.0,1.0,16.5,3,3,0,0,0,0,0,0,1.0,1.0,B.orientation,0.17100848523063972,0.017453292519943295,rad,9.798064464640929,B.orientation;B.initialization,,,,,AL90/CLEAN-S/SAME/0,0.0
AL90/B-C-X/SAME/0,AL90,B-C-X,S,SAME,0,"{""bias_rads"": 0.017453292519943295}",stress,True,stress_completed,False,1.0,1.0,1.0,16.5,3,3,0,0,0,0,0,0,1.0,1.0,B.orientation,0.17100848523063972,0.017453292519943295,rad,9.798064464640929,A.orientation;A.initialization;B.orientation;B.initialization,,,,,AL90/CLEAN-S/SAME/0,0.0
AL90/B-C-X/DIFF/0,AL90,B-C-X,S,DIFF,0,"{""bias_rads"": 0.017453292519943295}",stress,True,stress_completed,False,1.0,1.0,1.0,16.5,3,3,0,0,0,0,0,0,1.0,1.0,B.orientation,0.1710072244122904,0.017453292519943295,rad,9.79799222507078,A.orientation;A.initialization;B.orientation;B.initialization;elevation,,,,,AL90/CLEAN-S/SAME/0,0.0
AL90/B-R-H/A/0,AL90,B-R-H,S,A,0,"{""ramp_rads"": 0.0006981317007977319}",W,True,complete,True,1.0,1.0,1.0,16.5,3,3,0,0,0,0,0,0,1.0,1.0,B.orientation,0.005523926426501909,0.017453292519943295,rad,0.3164976705793421,,,,,,AL90/CLEAN-S/SAME/0,0.0
AL90/B-R-H/B/0,AL90,B-R-H,S,B,0,"{""ramp_rads"": 0.0006981317007977319}",W,True,complete,True,1.0,1.0,1.0,16.5,3,3,0,0,0,0,0,0,1.0,1.0,B.orientation,0.005524649874960496,0.017453292519943295,rad,0.3165391211227144,,,,,,AL90/CLEAN-S/SAME/0,0.0
AL90/B-R-H/SAME/0,AL90,B-R-H,S,SAME,0,"{""ramp_rads"": 0.0006981317007977319}",W,True,complete,True,1.0,1.0,1.0,16.5,3,3,0,0,0,0,0,0,1.0,1.0,B.orientation,0.005524649874960496,0.017453292519943295,rad,0.3165391211227144,,,,,,AL90/CLEAN-S/SAME/0,0.0
AL90/B-R-H/DIFF/0,AL90,B-R-H,S,DIFF,0,"{""ramp_rads"": 0.0006981317007977319}",W,True,complete,True,1.0,1.0,1.0,16.5,3,3,0,0,0,0,0,0,1.0,1.0,B.orientation,0.0055245906902110726,0.017453292519943295,rad,0.3165357300863609,,,,,,AL90/CLEAN-S/SAME/0,0.0
AL90/B-R-L/A/0,AL90,B-R-L,S,A,0,"{""ramp_rads"": 6.981317007977319e-05}",W,True,complete,True,1.0,1.0,1.0,16.5,3,3,0,0,0,0,0,0,1.0,1.0,B.orientation,0.005523926426501909,0.017453292519943295,rad,0.3164976705793421,,,,,,AL90/CLEAN-S/SAME/0,0.0
AL90/B-R-L/B/0,AL90,B-R-L,S,B,0,"{""ramp_rads"": 6.981317007977319e-05}",W,True,complete,True,1.0,1.0,1.0,16.5,3,3,0,0,0,0,0,0,1.0,1.0,B.orientation,0.005524017749133274,0.017453292519943295,rad,0.31650290298069333,,,,,,AL90/CLEAN-S/SAME/0,0.0
AL90/B-R-L/SAME/0,AL90,B-R-L,S,SAME,0,"{""ramp_rads"": 6.981317007977319e-05}",W,True,complete,True,1.0,1.0,1.0,16.5,3,3,0,0,0,0,0,0,1.0,1.0,B.orientation,0.005524017749133274,0.017453292519943295,rad,0.31650290298069333,,,,,,AL90/CLEAN-S/SAME/0,0.0
AL90/B-R-L/DIFF/0,AL90,B-R-L,S,DIFF,0,"{""ramp_rads"": 6.981317007977319e-05}",W,True,complete,True,1.0,1.0,1.0,16.5,3,3,0,0,0,0,0,0,1.0,1.0,B.orientation,0.0055240177491332745,0.017453292519943295,rad,0.3165029029806934,,,,,,AL90/CLEAN-S/SAME/0,0.0
AL90/B-R-X/A/0,AL90,B-R-X,S,A,0,"{""ramp_rads"": 0.03490658503988659}",stress,True,stress_completed,False,1.0,1.0,1.0,16.5,3,3,0,0,0,0,0,0,1.0,1.0,A.orientation,0.06142187852797871,0.017453292519943295,rad,3.5192144094183933,A.orientation;elevation,,,,,AL90/CLEAN-S/SAME/0,0.0
AL90/B-R-X/B/0,AL90,B-R-X,S,B,0,"{""ramp_rads"": 0.03490658503988659}",stress,True,stress_completed,False,1.0,1.0,1.0,16.5,3,3,0,0,0,0,0,0,1.0,1.0,B.orientation,0.16438766650192546,0.017453292519943295,rad,9.41871949456443,B.orientation,,,,,AL90/CLEAN-S/SAME/0,0.0
AL90/B-R-X/SAME/0,AL90,B-R-X,S,SAME,0,"{""ramp_rads"": 0.03490658503988659}",stress,True,stress_completed,False,1.0,1.0,1.0,16.5,3,3,0,0,0,0,0,0,1.0,1.0,B.orientation,0.16438766650192546,0.017453292519943295,rad,9.41871949456443,A.orientation;B.orientation,,,,,AL90/CLEAN-S/SAME/0,0.0
AL90/B-R-X/DIFF/0,AL90,B-R-X,S,DIFF,0,"{""ramp_rads"": 0.03490658503988659}",stress,True,stress_completed,False,1.0,1.0,1.0,16.5,3,3,0,0,0,0,0,0,1.0,1.0,B.orientation,0.16438773361993692,0.017453292519943295,rad,9.418723340143215,A.orientation;B.orientation;elevation,,,,,AL90/CLEAN-S/SAME/0,0.0
AL90/C-APPLY/SAME/0,AL90,C-APPLY,S,SAME,0,"{""calibration"": true}",C,True,complete,True,1.0,1.0,1.0,16.5,3,3,0,0,0,0,0,0,1.0,1.0,B.orientation,0.005523926426501909,0.006981317007977318,rad,0.7912441764483552,,,,,,AL90/CLEAN-S/SAME/0,0.0
AL90/C-FIT-H/SAME/1103,AL90,C-FIT-H,S,SAME,1103,"{""accel_sigma"": 0.02, ""bias_rads"": 0.00034906585039886593, ""fit_gyro"": true, ""gyro_sigma"": 0.005}",W,True,complete,True,1.0,1.0,1.0,16.5,3,3,0,0,0,0,0,0,1.0,1.0,A.orientation,0.0070193063795830415,0.017453292519943295,rad,0.4021766306593621,,,,,,AL90/CLEAN-S/SAME/0,0.0
AL90/C-FIT-H/SAME/2207,AL90,C-FIT-H,S,SAME,2207,"{""accel_sigma"": 0.02, ""bias_rads"": 0.00034906585039886593, ""fit_gyro"": true, ""gyro_sigma"": 0.005}",W,True,complete,True,1.0,1.0,1.0,16.5,3,3,0,0,0,0,0,0,1.0,1.0,B.orientation,0.0056711246224596815,0.017453292519943295,rad,0.32493150595966214,,,,,,AL90/CLEAN-S/SAME/0,0.0
AL90/C-FIT-H/SAME/3301,AL90,C-FIT-H,S,SAME,3301,"{""accel_sigma"": 0.02, ""bias_rads"": 0.00034906585039886593, ""fit_gyro"": true, ""gyro_sigma"": 0.005}",W,True,complete,True,1.0,1.0,1.0,16.5,3,3,0,0,0,0,0,0,1.0,1.0,B.orientation,0.006316700777614662,0.017453292519943295,rad,0.3619202950043253,,,,,,AL90/CLEAN-S/SAME/0,0.0
AL90/C-FIT-H/SAME/4409,AL90,C-FIT-H,S,SAME,4409,"{""accel_sigma"": 0.02, ""bias_rads"": 0.00034906585039886593, ""fit_gyro"": true, ""gyro_sigma"": 0.005}",W,True,complete,True,1.0,1.0,1.0,16.5,3,3,0,0,0,0,0,0,1.0,1.0,B.orientation,0.006064173184579833,0.017453292519943295,rad,0.3474515297128324,,,,,,AL90/CLEAN-S/SAME/0,0.0
AL90/C-FIT-H/SAME/5519,AL90,C-FIT-H,S,SAME,5519,"{""accel_sigma"": 0.02, ""bias_rads"": 0.00034906585039886593, ""fit_gyro"": true, ""gyro_sigma"": 0.005}",W,True,complete,True,1.0,1.0,1.0,16.5,3,3,0,0,0,0,0,0,1.0,1.0,B.orientation,0.005759559846125903,0.017453292519943295,rad,0.3299984710360321,,,,,,AL90/CLEAN-S/SAME/0,0.0
AL90/C-FIT-L/SAME/1103,AL90,C-FIT-L,S,SAME,1103,"{""accel_sigma"": 0.02, ""bias_rads"": 3.490658503988659e-05, ""fit_gyro"": true, ""gyro_sigma"": 0.005}",W,True,complete,True,1.0,1.0,1.0,16.5,3,3,0,0,0,0,0,0,1.0,1.0,A.orientation,0.0070193063795830415,0.017453292519943295,rad,0.4021766306593621,,,,,,AL90/CLEAN-S/SAME/0,0.0
AL90/C-FIT-L/SAME/2207,AL90,C-FIT-L,S,SAME,2207,"{""accel_sigma"": 0.02, ""bias_rads"": 3.490658503988659e-05, ""fit_gyro"": true, ""gyro_sigma"": 0.005}",W,True,complete,True,1.0,1.0,1.0,16.5,3,3,0,0,0,0,0,0,1.0,1.0,B.orientation,0.0056711246224596815,0.017453292519943295,rad,0.32493150595966214,,,,,,AL90/CLEAN-S/SAME/0,0.0
AL90/C-FIT-L/SAME/3301,AL90,C-FIT-L,S,SAME,3301,"{""accel_sigma"": 0.02, ""bias_rads"": 3.490658503988659e-05, ""fit_gyro"": true, ""gyro_sigma"": 0.005}",W,True,complete,True,1.0,1.0,1.0,16.5,3,3,0,0,0,0,0,0,1.0,1.0,B.orientation,0.006316700777614662,0.017453292519943295,rad,0.3619202950043253,,,,,,AL90/CLEAN-S/SAME/0,0.0
AL90/C-FIT-L/SAME/4409,AL90,C-FIT-L,S,SAME,4409,"{""accel_sigma"": 0.02, ""bias_rads"": 3.490658503988659e-05, ""fit_gyro"": true, ""gyro_sigma"": 0.005}",W,True,complete,True,1.0,1.0,1.0,16.5,3,3,0,0,0,0,0,0,1.0,1.0,B.orientation,0.006064173184579833,0.017453292519943295,rad,0.3474515297128324,,,,,,AL90/CLEAN-S/SAME/0,0.0
AL90/C-FIT-L/SAME/5519,AL90,C-FIT-L,S,SAME,5519,"{""accel_sigma"": 0.02, ""bias_rads"": 3.490658503988659e-05, ""fit_gyro"": true, ""gyro_sigma"": 0.005}",W,True,complete,True,1.0,1.0,1.0,16.5,3,3,0,0,0,0,0,0,1.0,1.0,B.orientation,0.005759559846125903,0.017453292519943295,rad,0.3299984710360321,,,,,,AL90/CLEAN-S/SAME/0,0.0
AL90/CLEAN-E/SAME/0,AL90,CLEAN-E,E,SAME,0,{},C,True,complete,True,1.0,1.0,1.0,16.5,3,3,0,0,0,0,0,0,1.0,1.0,interval_speed,2.48245868306185e-13,1e-10,rad/s,0.00248245868306185,,,,,,AL90/CLEAN-E/SAME/0,0.0
AL90/CLEAN-Q/SAME/0,AL90,CLEAN-Q,Q,SAME,0,{},C,True,complete,True,1.0,1.0,1.0,16.5,3,3,0,0,0,0,0,0,1.0,1.0,B.orientation,0.005663104217917617,0.006981317007977318,rad,0.8111799265735357,,,,,,AL90/CLEAN-Q/SAME/0,0.0
AL90/CLEAN-S/SAME/0,AL90,CLEAN-S,S,SAME,0,{},C,True,complete,True,1.0,1.0,1.0,16.5,3,3,0,0,0,0,0,0,1.0,1.0,B.orientation,0.005523926426501909,0.006981317007977318,rad,0.7912441764483552,,,,,,AL90/CLEAN-S/SAME/0,0.0
AL90/D-C-0-exact/B/0,AL90,D-C-0-exact,S,B,0,"{""clock_enabled"": true, ""clock_ppm"": 0, ""map_control"": ""exact""}",W,True,complete,True,1.0,1.0,1.0,16.5,3,3,0,0,0,0,0,0,1.0,1.0,B.orientation,0.005523926426501909,0.017453292519943295,rad,0.3164976705793421,,,,,,AL90/CLEAN-S/SAME/0,0.0
AL90/D-C-0-wrong/B/0,AL90,D-C-0-wrong,S,B,0,"{""clock_enabled"": true, ""clock_ppm"": 0, ""map_control"": ""wrong""}",stress,True,stress_completed,False,1.0,1.0,1.0,16.5,3,3,0,0,0,0,0,0,1.0,1.0,interval_speed,1.050627824701555,0.10471975511965977,rad/s,10.032756699068267,elevation;interval_speed;AL90:rep-1.start_us;AL90:rep-1.end_us;AL90:rep-1.start_confirmation;AL90:rep-1.end_confirmation;AL90:rep-2.start_us;AL90:rep-2.end_us;AL90:rep-2.start_confirmation;AL90:rep-2.end_confirmation;AL90:rep-3.start_us;AL90:rep-3.end_us;AL90:rep-3.start_confirmation;AL90:rep-3.end_confirmation,,,,,AL90/CLEAN-S/SAME/0,0.0
AL90/D-C-H-minus-exact/B/0,AL90,D-C-H-minus-exact,S,B,0,"{""clock_enabled"": true, ""clock_ppm"": -500, ""map_control"": ""exact""}",W,True,complete,True,0.9993939393939393,1.0,1.0,16.5,3,3,0,0,0,0,0,0,1.0,1.0,B.orientation,0.004968528861502654,0.017453292519943295,rad,0.284675734153042,,,,,,AL90/CLEAN-S/SAME/0,0.0
AL90/D-C-H-minus-wrong/B/0,AL90,D-C-H-minus-wrong,S,B,0,"{""clock_enabled"": true, ""clock_ppm"": -500, ""map_control"": ""wrong""}",stress,True,stress_completed,False,1.0,1.0,1.0,16.5,3,3,0,0,0,0,0,0,1.0,1.0,interval_speed,1.0507981441536522,0.10471975511965977,rad/s,10.034383130030626,elevation;interval_speed;AL90:rep-1.start_us;AL90:rep-1.end_us;AL90:rep-1.start_confirmation;AL90:rep-1.end_confirmation;AL90:rep-2.start_us;AL90:rep-2.end_us;AL90:rep-2.start_confirmation;AL90:rep-2.end_confirmation;AL90:rep-3.start_us;AL90:rep-3.end_us;AL90:rep-3.start_confirmation;AL90:rep-3.end_confirmation,,,,,AL90/CLEAN-S/SAME/0,0.0
AL90/D-C-H-plus-exact/B/0,AL90,D-C-H-plus-exact,S,B,0,"{""clock_enabled"": true, ""clock_ppm"": 500, ""map_control"": ""exact""}",W,True,complete,True,1.0,1.0,1.0,16.5,3,3,0,0,0,0,0,0,1.0,1.0,B.orientation,0.006079504312698605,0.017453292519943295,rad,0.34832993864921236,,,,,,AL90/CLEAN-S/SAME/0,0.0
AL90/D-C-H-plus-wrong/B/0,AL90,D-C-H-plus-wrong,S,B,0,"{""clock_enabled"": true, ""clock_ppm"": 500, ""map_control"": ""wrong""}",stress,True,stress_completed,False,1.0,1.0,1.0,16.5,3,3,0,0,0,0,0,0,1.0,1.0,interval_speed,1.05046854671666,0.10471975511965977,rad/s,10.03123570635096,elevation;interval_speed;AL90:rep-1.start_us;AL90:rep-1.end_us;AL90:rep-1.start_confirmation;AL90:rep-1.end_confirmation;AL90:rep-2.start_us;AL90:rep-2.end_us;AL90:rep-2.start_confirmation;AL90:rep-2.end_confirmation;AL90:rep-3.start_us;AL90:rep-3.end_us;AL90:rep-3.start_confirmation;AL90:rep-3.end_confirmation,,,,,AL90/CLEAN-S/SAME/0,0.0
AL90/D-C-L-minus-exact/B/0,AL90,D-C-L-minus-exact,S,B,0,"{""clock_enabled"": true, ""clock_ppm"": -100, ""map_control"": ""exact""}",W,True,complete,True,0.9993939393939393,1.0,1.0,16.5,3,3,0,0,0,0,0,0,1.0,1.0,B.orientation,0.005413240858342696,0.017453292519943295,rad,0.31015585467081164,,,,,,AL90/CLEAN-S/SAME/0,0.0
AL90/D-C-L-minus-wrong/B/0,AL90,D-C-L-minus-wrong,S,B,0,"{""clock_enabled"": true, ""clock_ppm"": -100, ""map_control"": ""wrong""}",stress,True,stress_completed,False,1.0,1.0,1.0,16.5,3,3,0,0,0,0,0,0,1.0,1.0,interval_speed,1.05066297367612,0.10471975511965977,rad/s,10.033092347051065,elevation;interval_speed;AL90:rep-1.start_us;AL90:rep-1.end_us;AL90:rep-1.start_confirmation;AL90:rep-1.end_confirmation;AL90:rep-2.start_us;AL90:rep-2.end_us;AL90:rep-2.start_confirmation;AL90:rep-2.end_confirmation;AL90:rep-3.start_us;AL90:rep-3.end_us;AL90:rep-3.start_confirmation;AL90:rep-3.end_confirmation,,,,,AL90/CLEAN-S/SAME/0,0.0
AL90/D-C-L-plus-exact/B/0,AL90,D-C-L-plus-exact,S,B,0,"{""clock_enabled"": true, ""clock_ppm"": 100, ""map_control"": ""exact""}",W,True,complete,True,0.9993939393939393,1.0,1.0,16.5,3,3,0,0,0,0,0,0,1.0,1.0,B.orientation,0.005635209019009494,0.017453292519943295,rad,0.3228736934633009,,,,,,AL90/CLEAN-S/SAME/0,0.0
AL90/D-C-L-plus-wrong/B/0,AL90,D-C-L-plus-wrong,S,B,0,"{""clock_enabled"": true, ""clock_ppm"": 100, ""map_control"": ""wrong""}",stress,True,stress_completed,False,1.0,1.0,1.0,16.5,3,3,0,0,0,0,0,0,1.0,1.0,interval_speed,1.0505959790575559,0.10471975511965977,rad/s,10.032452595568763,elevation;interval_speed;AL90:rep-1.start_us;AL90:rep-1.end_us;AL90:rep-1.start_confirmation;AL90:rep-1.end_confirmation;AL90:rep-2.start_us;AL90:rep-2.end_us;AL90:rep-2.start_confirmation;AL90:rep-2.end_confirmation;AL90:rep-3.start_us;AL90:rep-3.end_us;AL90:rep-3.start_confirmation;AL90:rep-3.end_confirmation,,,,,AL90/CLEAN-S/SAME/0,0.0
AL90/D-C-X-minus-exact/B/0,AL90,D-C-X-minus-exact,S,B,0,"{""clock_enabled"": true, ""clock_ppm"": -5000, ""map_control"": ""exact""}",stress,True,stress_completed,True,0.9993939393939393,1.0,1.0,16.5,3,3,0,0,0,0,0,0,1.0,1.0,B.orientation,3.743171691424703e-05,0.017453292519943295,rad,0.002144679399114812,,,,,,AL90/CLEAN-S/SAME/0,0.0
AL90/D-C-X-minus-wrong/B/0,AL90,D-C-X-minus-wrong,S,B,0,"{""clock_enabled"": true, ""clock_ppm"": -5000, ""map_control"": ""wrong""}",stress,True,stress_completed,False,1.0,1.0,1.0,16.5,3,3,0,0,0,0,0,0,1.0,1.0,interval_speed,1.052451570258185,0.10471975511965977,rad/s,10.050172186285039,elevation;interval_speed;AL90:rep-1.start_us;AL90:rep-1.end_us;AL90:rep-1.start_confirmation;AL90:rep-1.end_confirmation;AL90:rep-1.peak_support;AL90:rep-2.start_us;AL90:rep-2.end_us;AL90:rep-2.start_confirmation;AL90:rep-2.end_confirmation;AL90:rep-2.peak_support;AL90:rep-3.start_us;AL90:rep-3.end_us;AL90:rep-3.start_confirmation;AL90:rep-3.end_confirmation;AL90:rep-3.peak_support,,,,,AL90/CLEAN-S/SAME/0,0.0
AL90/D-C-X-plus-exact/B/0,AL90,D-C-X-plus-exact,S,B,0,"{""clock_enabled"": true, ""clock_ppm"": 5000, ""map_control"": ""exact""}",stress,True,stress_completed,True,1.0,1.0,1.0,16.5,3,3,0,0,0,0,0,0,1.0,1.0,B.orientation,0.011068878157928737,0.017453292519943295,rad,0.6342000023938577,,,,,,AL90/CLEAN-S/SAME/0,0.0
AL90/D-C-X-plus-wrong/B/0,AL90,D-C-X-plus-wrong,S,B,0,"{""clock_enabled"": true, ""clock_ppm"": 5000, ""map_control"": ""wrong""}",stress,True,stress_completed,False,1.0,1.0,1.0,16.5,3,3,0,0,0,0,0,0,1.0,1.0,interval_speed,1.0491353299223463,0.10471975511965977,rad/s,10.018504423769272,elevation;interval_speed;AL90:rep-1.start_us;AL90:rep-1.end_us;AL90:rep-1.start_confirmation;AL90:rep-1.end_confirmation;AL90:rep-2.start_us;AL90:rep-2.end_us;AL90:rep-2.start_confirmation;AL90:rep-2.end_confirmation;AL90:rep-3.start_us;AL90:rep-3.end_us;AL90:rep-3.start_confirmation;AL90:rep-3.end_confirmation,,,,,AL90/CLEAN-S/SAME/0,0.0
AL90/D-H-H-sensor/A/0,AL90,D-H-H-sensor,S,A,0,"{""heading_path"": ""sensor"", ""heading_rate_rads"": 0.00034906585039886593}",W,True,complete,True,1.0,1.0,1.0,16.5,3,3,0,0,0,0,0,0,1.0,1.0,A.orientation,0.007505005966673157,0.017453292519943295,rad,0.43000516711087244,,,,,,AL90/CLEAN-S/SAME/0,0.005759586531581288
AL90/D-H-H-sensor/B/0,AL90,D-H-H-sensor,S,B,0,"{""heading_path"": ""sensor"", ""heading_rate_rads"": 0.00034906585039886593}",W,True,complete,True,1.0,1.0,1.0,16.5,3,3,0,0,0,0,0,0,1.0,1.0,B.orientation,0.008193530254836897,0.017453292519943295,rad,0.4694547029149041,,,,,,AL90/CLEAN-S/SAME/0,0.0
AL90/D-H-H-sensor/SAME/0,AL90,D-H-H-sensor,S,SAME,0,"{""heading_path"": ""sensor"", ""heading_rate_rads"": 0.00034906585039886593}",W,True,complete,True,1.0,1.0,1.0,16.5,3,3,0,0,0,0,0,0,1.0,1.0,B.orientation,0.008193530254836897,0.017453292519943295,rad,0.4694547029149041,,,,,,AL90/CLEAN-S/SAME/0,0.005759586531581288
AL90/D-H-H-sensor/DIFF/0,AL90,D-H-H-sensor,S,DIFF,0,"{""heading_path"": ""sensor"", ""heading_rate_rads"": 0.00034906585039886593}",W,True,complete,True,1.0,1.0,1.0,16.5,3,3,0,0,0,0,0,0,1.0,1.0,B.orientation,0.008192990614467125,0.017453292519943295,rad,0.46942378379926125,,,,,,AL90/CLEAN-S/SAME/0,0.005759586531581288
AL90/D-H-H-world/A/0,AL90,D-H-H-world,E,A,0,"{""heading_path"": ""world"", ""heading_rate_rads"": 0.00034906585039886593}",W,True,complete,True,1.0,1.0,1.0,16.5,3,3,0,0,0,0,0,0,1.0,1.0,A.orientation,0.005759586531581288,0.017453292519943295,rad,0.33,,,,,,AL90/CLEAN-E/SAME/0,0.005759586531581288
AL90/D-H-H-world/B/0,AL90,D-H-H-world,E,B,0,"{""heading_path"": ""world"", ""heading_rate_rads"": 0.00034906585039886593}",W,True,complete,True,1.0,1.0,1.0,16.5,3,3,0,0,0,0,0,0,1.0,1.0,B.orientation,0.005759586531581288,0.017453292519943295,rad,0.33,,,,,,AL90/CLEAN-E/SAME/0,0.0
AL90/D-H-H-world/SAME/0,AL90,D-H-H-world,E,SAME,0,"{""heading_path"": ""world"", ""heading_rate_rads"": 0.00034906585039886593}",W,True,complete,True,1.0,1.0,1.0,16.5,3,3,0,0,0,0,0,0,1.0,1.0,A.orientation,0.005759586531581288,0.017453292519943295,rad,0.33,,,,,,AL90/CLEAN-E/SAME/0,0.005759586531581288
AL90/D-H-H-world/DIFF/0,AL90,D-H-H-world,E,DIFF,0,"{""heading_path"": ""world"", ""heading_rate_rads"": 0.00034906585039886593}",W,True,complete,True,1.0,1.0,1.0,16.5,3,3,0,0,0,0,0,0,1.0,1.0,A.orientation,0.005759586531581288,0.017453292519943295,rad,0.33,,,,,,AL90/CLEAN-E/SAME/0,0.005759586531581288
AL90/D-H-L-sensor/A/0,AL90,D-H-L-sensor,S,A,0,"{""heading_path"": ""sensor"", ""heading_rate_rads"": 3.490658503988659e-05}",W,True,complete,True,1.0,1.0,1.0,16.5,3,3,0,0,0,0,0,0,1.0,1.0,B.orientation,0.005523926426501909,0.017453292519943295,rad,0.3164976705793421,,,,,,AL90/CLEAN-S/SAME/0,0.0005759586531581287
AL90/D-H-L-sensor/B/0,AL90,D-H-L-sensor,S,B,0,"{""heading_path"": ""sensor"", ""heading_rate_rads"": 3.490658503988659e-05}",W,True,complete,True,1.0,1.0,1.0,16.5,3,3,0,0,0,0,0,0,1.0,1.0,B.orientation,0.005529190849507634,0.017453292519943295,rad,0.31679929979914173,,,,,,AL90/CLEAN-S/SAME/0,0.0
AL90/D-H-L-sensor/SAME/0,AL90,D-H-L-sensor,S,SAME,0,"{""heading_path"": ""sensor"", ""heading_rate_rads"": 3.490658503988659e-05}",W,True,complete,True,1.0,1.0,1.0,16.5,3,3,0,0,0,0,0,0,1.0,1.0,B.orientation,0.005529190849507634,0.017453292519943295,rad,0.31679929979914173,,,,,,AL90/CLEAN-S/SAME/0,0.0005759586531581287
AL90/D-H-L-sensor/DIFF/0,AL90,D-H-L-sensor,S,DIFF,0,"{""heading_path"": ""sensor"", ""heading_rate_rads"": 3.490658503988659e-05}",W,True,complete,True,1.0,1.0,1.0,16.5,3,3,0,0,0,0,0,0,1.0,1.0,B.orientation,0.005529196077765581,0.017453292519943295,rad,0.31679959935625635,,,,,,AL90/CLEAN-S/SAME/0,0.0005759586531581287
AL90/D-H-L-world/A/0,AL90,D-H-L-world,E,A,0,"{""heading_path"": ""world"", ""heading_rate_rads"": 3.490658503988659e-05}",W,True,complete,True,1.0,1.0,1.0,16.5,3,3,0,0,0,0,0,0,1.0,1.0,A.orientation,0.0005759586531581287,0.017453292519943295,rad,0.032999999999999995,,,,,,AL90/CLEAN-E/SAME/0,0.0005759586531581287
AL90/D-H-L-world/B/0,AL90,D-H-L-world,E,B,0,"{""heading_path"": ""world"", ""heading_rate_rads"": 3.490658503988659e-05}",W,True,complete,True,1.0,1.0,1.0,16.5,3,3,0,0,0,0,0,0,1.0,1.0,B.orientation,0.0005759586531581287,0.017453292519943295,rad,0.032999999999999995,,,,,,AL90/CLEAN-E/SAME/0,0.0
AL90/D-H-L-world/SAME/0,AL90,D-H-L-world,E,SAME,0,"{""heading_path"": ""world"", ""heading_rate_rads"": 3.490658503988659e-05}",W,True,complete,True,1.0,1.0,1.0,16.5,3,3,0,0,0,0,0,0,1.0,1.0,A.orientation,0.0005759586531581287,0.017453292519943295,rad,0.032999999999999995,,,,,,AL90/CLEAN-E/SAME/0,0.0005759586531581287
AL90/D-H-L-world/DIFF/0,AL90,D-H-L-world,E,DIFF,0,"{""heading_path"": ""world"", ""heading_rate_rads"": 3.490658503988659e-05}",W,True,complete,True,1.0,1.0,1.0,16.5,3,3,0,0,0,0,0,0,1.0,1.0,A.orientation,0.0005759586531581287,0.017453292519943295,rad,0.032999999999999995,,,,,,AL90/CLEAN-E/SAME/0,0.0005759586531581287
AL90/D-H-X-sensor/A/0,AL90,D-H-X-sensor,S,A,0,"{""heading_path"": ""sensor"", ""heading_rate_rads"": 0.003490658503988659}",stress,True,stress_completed,False,1.0,1.0,0.0,16.5,3,3,0,0,0,0,0,0,1.0,1.0,A.orientation,0.07504911366428586,0.017453292519943295,rad,4.299997469161177,A.orientation,thorax_drift_exceeded,,,,AL90/CLEAN-S/SAME/0,0.05759586531581288
AL90/D-H-X-sensor/B/0,AL90,D-H-X-sensor,S,B,0,"{""heading_path"": ""sensor"", ""heading_rate_rads"": 0.003490658503988659}",stress,True,stress_completed,False,1.0,1.0,1.0,16.5,3,3,0,0,0,0,0,0,1.0,1.0,B.orientation,0.07508750040294597,0.017453292519943295,rad,4.302196867275672,B.orientation,,,,,AL90/CLEAN-S/SAME/0,0.0
AL90/D-H-X-sensor/SAME/0,AL90,D-H-X-sensor,S,SAME,0,"{""heading_path"": ""sensor"", ""heading_rate_rads"": 0.003490658503988659}",stress,True,stress_completed,False,1.0,1.0,0.0,16.5,3,3,0,0,0,0,0,0,1.0,1.0,B.orientation,0.07508750040294597,0.017453292519943295,rad,4.302196867275672,A.orientation;B.orientation,thorax_drift_exceeded,,,,AL90/CLEAN-S/SAME/0,0.05759586531581288
AL90/D-H-X-sensor/DIFF/0,AL90,D-H-X-sensor,S,DIFF,0,"{""heading_path"": ""sensor"", ""heading_rate_rads"": 0.003490658503988659}",stress,True,stress_completed,False,1.0,1.0,0.0,16.5,3,3,0,0,0,0,0,0,1.0,1.0,B.orientation,0.07508849574491716,0.017453292519943295,rad,4.302253896169794,A.orientation;B.orientation,thorax_drift_exceeded,,,,AL90/CLEAN-S/SAME/0,0.05759586531581288
AL90/D-H-X-world/A/0,AL90,D-H-X-world,E,A,0,"{""heading_path"": ""world"", ""heading_rate_rads"": 0.003490658503988659}",stress,True,stress_completed,False,1.0,1.0,0.0,16.5,3,3,0,0,0,0,0,0,1.0,1.0,A.orientation,0.05759586531581289,0.017453292519943295,rad,3.300000000000001,A.orientation;A.initialization,thorax_drift_exceeded,,,,AL90/CLEAN-E/SAME/0,0.05759586531581288
AL90/D-H-X-world/B/0,AL90,D-H-X-world,E,B,0,"{""heading_path"": ""world"", ""heading_rate_rads"": 0.003490658503988659}",stress,True,stress_completed,False,1.0,1.0,1.0,16.5,3,3,0,0,0,0,0,0,1.0,1.0,B.orientation,0.05759586531581289,0.017453292519943295,rad,3.300000000000001,B.orientation;B.initialization,,,,,AL90/CLEAN-E/SAME/0,0.0
AL90/D-H-X-world/SAME/0,AL90,D-H-X-world,E,SAME,0,"{""heading_path"": ""world"", ""heading_rate_rads"": 0.003490658503988659}",stress,True,stress_completed,False,1.0,1.0,0.0,16.5,3,3,0,0,0,0,0,0,1.0,1.0,A.orientation,0.05759586531581289,0.017453292519943295,rad,3.300000000000001,A.orientation;A.initialization;B.orientation;B.initialization,thorax_drift_exceeded,,,,AL90/CLEAN-E/SAME/0,0.05759586531581288
AL90/D-H-X-world/DIFF/0,AL90,D-H-X-world,E,DIFF,0,"{""heading_path"": ""world"", ""heading_rate_rads"": 0.003490658503988659}",stress,True,stress_completed,False,1.0,1.0,0.0,16.5,3,3,0,0,0,0,0,0,1.0,1.0,A.orientation,0.05759586531581289,0.017453292519943295,rad,3.300000000000001,A.orientation;A.initialization;B.orientation;B.initialization,thorax_drift_exceeded,,,,AL90/CLEAN-E/SAME/0,0.05759586531581288
AL90/I-JL/SAME/1103,AL90,I-JL,S,SAME,1103,"{""loss"": ""sample-per"", ""sample_jitter_us"": 1000}",W,False,complete,False,1.0,1.0,1.0,16.5,3,3,0,0,16,16,0,0,0.9925615992561599,0.9925615992561599,interval_speed,1.043734569097148,0.10471975511965977,rad/s,9.966930956862031,interval_speed,,,,,AL90/CLEAN-S/SAME/0,0.0
AL90/I-JL/SAME/2207,AL90,I-JL,S,SAME,2207,"{""loss"": ""sample-per"", ""sample_jitter_us"": 1000}",W,False,complete,False,1.0,1.0,1.0,16.5,3,3,0,0,16,16,0,0,0.9925615992561599,0.9925615992561599,interval_speed,1.0440862955605168,0.10471975511965977,rad/s,9.970289697177712,interval_speed,,,,,AL90/CLEAN-S/SAME/0,0.0
AL90/I-JL/SAME/3301,AL90,I-JL,S,SAME,3301,"{""loss"": ""sample-per"", ""sample_jitter_us"": 1000}",W,False,complete,False,1.0,1.0,1.0,16.5,3,3,0,0,16,16,0,0,0.9925615992561599,0.9925615992561599,interval_speed,0.9964343416252139,0.10471975511965977,rad/s,9.515247056170267,interval_speed,,,,,AL90/CLEAN-S/SAME/0,0.0
AL90/I-JL/SAME/4409,AL90,I-JL,S,SAME,4409,"{""loss"": ""sample-per"", ""sample_jitter_us"": 1000}",W,False,complete,False,1.0,1.0,1.0,16.5,3,3,0,0,16,16,0,0,0.9925615992561599,0.9925615992561599,interval_speed,0.9723609039789395,0.10471975511965977,rad/s,9.285362660253123,interval_speed,,,,,AL90/CLEAN-S/SAME/0,0.0
AL90/I-JL/SAME/5519,AL90,I-JL,S,SAME,5519,"{""loss"": ""sample-per"", ""sample_jitter_us"": 1000}",W,False,complete,False,1.0,1.0,1.0,16.5,3,3,0,0,16,16,0,0,0.9925615992561599,0.9925615992561599,interval_speed,1.0304557509781451,0.10471975511965977,rad/s,9.840127584338578,interval_speed,,,,,AL90/CLEAN-S/SAME/0,0.0
AL90/I-NB/DIFF/1103,AL90,I-NB,S,DIFF,1103,"{""accel_sigma"": 0.02, ""bias_rads"": 0.00034906585039886593, ""gyro_sigma"": 0.005}",W,True,complete,True,1.0,1.0,1.0,16.5,3,3,0,0,0,0,0,0,1.0,1.0,B.orientation,0.007049653501777221,0.017453292519943295,rad,0.4039153926814563,,,,,,AL90/CLEAN-S/SAME/0,0.0
AL90/I-NB/DIFF/2207,AL90,I-NB,S,DIFF,2207,"{""accel_sigma"": 0.02, ""bias_rads"": 0.00034906585039886593, ""gyro_sigma"": 0.005}",W,True,complete,True,1.0,1.0,1.0,16.5,3,3,0,0,0,0,0,0,1.0,1.0,B.orientation,0.007033817805684041,0.017453292519943295,rad,0.40300807412966533,,,,,,AL90/CLEAN-S/SAME/0,0.0
AL90/I-NB/DIFF/3301,AL90,I-NB,S,DIFF,3301,"{""accel_sigma"": 0.02, ""bias_rads"": 0.00034906585039886593, ""gyro_sigma"": 0.005}",W,True,complete,True,1.0,1.0,1.0,16.5,3,3,0,0,0,0,0,0,1.0,1.0,B.orientation,0.008422775966148358,0.017453292519943295,rad,0.48258951464452526,,,,,,AL90/CLEAN-S/SAME/0,0.0
AL90/I-NB/DIFF/4409,AL90,I-NB,S,DIFF,4409,"{""accel_sigma"": 0.02, ""bias_rads"": 0.00034906585039886593, ""gyro_sigma"": 0.005}",W,True,complete,True,1.0,1.0,1.0,16.5,3,3,0,0,0,0,0,0,1.0,1.0,B.orientation,0.005861767493062452,0.017453292519943295,rad,0.33585453783945957,,,,,,AL90/CLEAN-S/SAME/0,0.0
AL90/I-NB/DIFF/5519,AL90,I-NB,S,DIFF,5519,"{""accel_sigma"": 0.02, ""bias_rads"": 0.00034906585039886593, ""gyro_sigma"": 0.005}",W,True,complete,True,1.0,1.0,1.0,16.5,3,3,0,0,0,0,0,0,1.0,1.0,B.orientation,0.007142294510759141,0.017453292519943295,rad,0.4092233315059539,,,,,,AL90/CLEAN-S/SAME/0,0.0
AL90/J-S-H/A/1103,AL90,J-S-H,S,A,1103,"{""sample_jitter_us"": 1000}",W,True,complete,True,1.0,1.0,1.0,16.5,3,3,0,0,0,0,0,0,1.0,1.0,B.orientation,0.005523926426501909,0.017453292519943295,rad,0.3164976705793421,,,,,,AL90/CLEAN-S/SAME/0,0.0
AL90/J-S-H/A/2207,AL90,J-S-H,S,A,2207,"{""sample_jitter_us"": 1000}",W,True,complete,True,1.0,1.0,1.0,16.5,3,3,0,0,0,0,0,0,1.0,1.0,B.orientation,0.005523926426501909,0.017453292519943295,rad,0.3164976705793421,,,,,,AL90/CLEAN-S/SAME/0,0.0
AL90/J-S-H/A/3301,AL90,J-S-H,S,A,3301,"{""sample_jitter_us"": 1000}",W,True,complete,True,1.0,1.0,1.0,16.5,3,3,0,0,0,0,0,0,1.0,1.0,B.orientation,0.005523926426501909,0.017453292519943295,rad,0.3164976705793421,,,,,,AL90/CLEAN-S/SAME/0,0.0
AL90/J-S-H/A/4409,AL90,J-S-H,S,A,4409,"{""sample_jitter_us"": 1000}",W,True,complete,True,1.0,1.0,1.0,16.5,3,3,0,0,0,0,0,0,1.0,1.0,B.orientation,0.005523926426501909,0.017453292519943295,rad,0.3164976705793421,,,,,,AL90/CLEAN-S/SAME/0,0.0
AL90/J-S-H/A/5519,AL90,J-S-H,S,A,5519,"{""sample_jitter_us"": 1000}",W,True,complete,True,1.0,1.0,1.0,16.5,3,3,0,0,0,0,0,0,1.0,1.0,B.orientation,0.005523926426501909,0.017453292519943295,rad,0.3164976705793421,,,,,,AL90/CLEAN-S/SAME/0,0.0
AL90/J-S-H/B/1103,AL90,J-S-H,S,B,1103,"{""sample_jitter_us"": 1000}",W,True,complete,True,1.0,1.0,1.0,16.5,3,3,0,0,0,0,0,0,1.0,1.0,B.orientation,0.005567259327979641,0.017453292519943295,rad,0.31898046294807236,,,,,,AL90/CLEAN-S/SAME/0,0.0
AL90/J-S-H/B/2207,AL90,J-S-H,S,B,2207,"{""sample_jitter_us"": 1000}",W,True,complete,True,1.0,1.0,1.0,16.5,3,3,0,0,0,0,0,0,1.0,1.0,B.orientation,0.005558795833199632,0.017453292519943295,rad,0.3184955404172468,,,,,,AL90/CLEAN-S/SAME/0,0.0
AL90/J-S-H/B/3301,AL90,J-S-H,S,B,3301,"{""sample_jitter_us"": 1000}",W,True,complete,True,1.0,1.0,1.0,16.5,3,3,0,0,0,0,0,0,1.0,1.0,B.orientation,0.0055618351616468584,0.017453292519943295,rad,0.31866968110982696,,,,,,AL90/CLEAN-S/SAME/0,0.0
AL90/J-S-H/B/4409,AL90,J-S-H,S,B,4409,"{""sample_jitter_us"": 1000}",W,True,complete,True,1.0,1.0,1.0,16.5,3,3,0,0,0,0,0,0,1.0,1.0,B.orientation,0.005562312328446791,0.017453292519943295,rad,0.3186970207535869,,,,,,AL90/CLEAN-S/SAME/0,0.0
AL90/J-S-H/B/5519,AL90,J-S-H,S,B,5519,"{""sample_jitter_us"": 1000}",W,True,complete,True,1.0,1.0,1.0,16.5,3,3,0,0,0,0,0,0,1.0,1.0,B.orientation,0.005562789165651535,0.017453292519943295,rad,0.31872434151293355,,,,,,AL90/CLEAN-S/SAME/0,0.0
AL90/J-S-H/SAME/1103,AL90,J-S-H,S,SAME,1103,"{""sample_jitter_us"": 1000}",W,True,complete,True,1.0,1.0,1.0,16.5,3,3,0,0,0,0,0,0,1.0,1.0,B.orientation,0.005567259327979641,0.017453292519943295,rad,0.31898046294807236,,,,,,AL90/CLEAN-S/SAME/0,0.0
AL90/J-S-H/SAME/2207,AL90,J-S-H,S,SAME,2207,"{""sample_jitter_us"": 1000}",W,True,complete,True,1.0,1.0,1.0,16.5,3,3,0,0,0,0,0,0,1.0,1.0,B.orientation,0.005558795833199632,0.017453292519943295,rad,0.3184955404172468,,,,,,AL90/CLEAN-S/SAME/0,0.0
AL90/J-S-H/SAME/3301,AL90,J-S-H,S,SAME,3301,"{""sample_jitter_us"": 1000}",W,True,complete,True,1.0,1.0,1.0,16.5,3,3,0,0,0,0,0,0,1.0,1.0,B.orientation,0.0055618351616468584,0.017453292519943295,rad,0.31866968110982696,,,,,,AL90/CLEAN-S/SAME/0,0.0
AL90/J-S-H/SAME/4409,AL90,J-S-H,S,SAME,4409,"{""sample_jitter_us"": 1000}",W,True,complete,True,1.0,1.0,1.0,16.5,3,3,0,0,0,0,0,0,1.0,1.0,B.orientation,0.005562312328446791,0.017453292519943295,rad,0.3186970207535869,,,,,,AL90/CLEAN-S/SAME/0,0.0
AL90/J-S-H/SAME/5519,AL90,J-S-H,S,SAME,5519,"{""sample_jitter_us"": 1000}",W,True,complete,True,1.0,1.0,1.0,16.5,3,3,0,0,0,0,0,0,1.0,1.0,B.orientation,0.005562789165651535,0.017453292519943295,rad,0.31872434151293355,,,,,,AL90/CLEAN-S/SAME/0,0.0
AL90/J-S-L/A/1103,AL90,J-S-L,S,A,1103,"{""sample_jitter_us"": 100}",W,True,complete,True,1.0,1.0,1.0,16.5,3,3,0,0,0,0,0,0,1.0,1.0,B.orientation,0.005523926426501909,0.017453292519943295,rad,0.3164976705793421,,,,,,AL90/CLEAN-S/SAME/0,0.0
AL90/J-S-L/A/2207,AL90,J-S-L,S,A,2207,"{""sample_jitter_us"": 100}",W,True,complete,True,1.0,1.0,1.0,16.5,3,3,0,0,0,0,0,0,1.0,1.0,B.orientation,0.005523926426501909,0.017453292519943295,rad,0.3164976705793421,,,,,,AL90/CLEAN-S/SAME/0,0.0
AL90/J-S-L/A/3301,AL90,J-S-L,S,A,3301,"{""sample_jitter_us"": 100}",W,True,complete,True,1.0,1.0,1.0,16.5,3,3,0,0,0,0,0,0,1.0,1.0,B.orientation,0.005523926426501909,0.017453292519943295,rad,0.3164976705793421,,,,,,AL90/CLEAN-S/SAME/0,0.0
AL90/J-S-L/A/4409,AL90,J-S-L,S,A,4409,"{""sample_jitter_us"": 100}",W,True,complete,True,1.0,1.0,1.0,16.5,3,3,0,0,0,0,0,0,1.0,1.0,B.orientation,0.005523926426501909,0.017453292519943295,rad,0.3164976705793421,,,,,,AL90/CLEAN-S/SAME/0,0.0
AL90/J-S-L/A/5519,AL90,J-S-L,S,A,5519,"{""sample_jitter_us"": 100}",W,True,complete,True,1.0,1.0,1.0,16.5,3,3,0,0,0,0,0,0,1.0,1.0,B.orientation,0.005523926426501909,0.017453292519943295,rad,0.3164976705793421,,,,,,AL90/CLEAN-S/SAME/0,0.0
AL90/J-S-L/B/1103,AL90,J-S-L,S,B,1103,"{""sample_jitter_us"": 100}",W,True,complete,True,1.0,1.0,1.0,16.5,3,3,0,0,0,0,0,0,1.0,1.0,B.orientation,0.005524582568950477,0.017453292519943295,rad,0.31653526477240446,,,,,,AL90/CLEAN-S/SAME/0,0.0
AL90/J-S-L/B/2207,AL90,J-S-L,S,B,2207,"{""sample_jitter_us"": 100}",W,True,complete,True,1.0,1.0,1.0,16.5,3,3,0,0,0,0,0,0,1.0,1.0,B.orientation,0.00552428438287919,0.017453292519943295,rad,0.3165181799690101,,,,,,AL90/CLEAN-S/SAME/0,0.0
AL90/J-S-L/B/3301,AL90,J-S-L,S,B,3301,"{""sample_jitter_us"": 100}",W,True,complete,True,1.0,1.0,1.0,16.5,3,3,0,0,0,0,0,0,1.0,1.0,B.orientation,0.005525178283779862,0.017453292519943295,rad,0.31656939671792156,,,,,,AL90/CLEAN-S/SAME/0,0.0
AL90/J-S-L/B/4409,AL90,J-S-L,S,B,4409,"{""sample_jitter_us"": 100}",W,True,complete,True,1.0,1.0,1.0,16.5,3,3,0,0,0,0,0,0,1.0,1.0,B.orientation,0.005524344151931245,0.017453292519943295,rad,0.31652160448343836,,,,,,AL90/CLEAN-S/SAME/0,0.0
AL90/J-S-L/B/5519,AL90,J-S-L,S,B,5519,"{""sample_jitter_us"": 100}",W,True,complete,True,1.0,1.0,1.0,16.5,3,3,0,0,0,0,0,0,1.0,1.0,B.orientation,0.0055247608895320965,0.017453292519943295,rad,0.31654548178913156,,,,,,AL90/CLEAN-S/SAME/0,0.0
AL90/J-S-L/SAME/1103,AL90,J-S-L,S,SAME,1103,"{""sample_jitter_us"": 100}",W,True,complete,True,1.0,1.0,1.0,16.5,3,3,0,0,0,0,0,0,1.0,1.0,B.orientation,0.005524582568950477,0.017453292519943295,rad,0.31653526477240446,,,,,,AL90/CLEAN-S/SAME/0,0.0
AL90/J-S-L/SAME/2207,AL90,J-S-L,S,SAME,2207,"{""sample_jitter_us"": 100}",W,True,complete,True,1.0,1.0,1.0,16.5,3,3,0,0,0,0,0,0,1.0,1.0,B.orientation,0.00552428438287919,0.017453292519943295,rad,0.3165181799690101,,,,,,AL90/CLEAN-S/SAME/0,0.0
AL90/J-S-L/SAME/3301,AL90,J-S-L,S,SAME,3301,"{""sample_jitter_us"": 100}",W,True,complete,True,1.0,1.0,1.0,16.5,3,3,0,0,0,0,0,0,1.0,1.0,B.orientation,0.005525178283779862,0.017453292519943295,rad,0.31656939671792156,,,,,,AL90/CLEAN-S/SAME/0,0.0
AL90/J-S-L/SAME/4409,AL90,J-S-L,S,SAME,4409,"{""sample_jitter_us"": 100}",W,True,complete,True,1.0,1.0,1.0,16.5,3,3,0,0,0,0,0,0,1.0,1.0,B.orientation,0.005524344151931245,0.017453292519943295,rad,0.31652160448343836,,,,,,AL90/CLEAN-S/SAME/0,0.0
AL90/J-S-L/SAME/5519,AL90,J-S-L,S,SAME,5519,"{""sample_jitter_us"": 100}",W,True,complete,True,1.0,1.0,1.0,16.5,3,3,0,0,0,0,0,0,1.0,1.0,B.orientation,0.0055247608895320965,0.017453292519943295,rad,0.31654548178913156,,,,,,AL90/CLEAN-S/SAME/0,0.0
AL90/J-S-X/A/1103,AL90,J-S-X,S,A,1103,"{""sample_jitter_us"": 6000}",stress,True,expected_rejection,False,0.0,0.0,,16.5,3,,3,0,0,0,0,0,1.0,1.0,,,,,,,,ahrs,ValueError,timestamp_us must increase strictly within an epoch,AL90/CLEAN-S/SAME/0,
AL90/J-S-X/A/2207,AL90,J-S-X,S,A,2207,"{""sample_jitter_us"": 6000}",stress,True,expected_rejection,False,0.0,0.0,,16.5,3,,3,0,0,0,0,0,1.0,1.0,,,,,,,,ahrs,ValueError,timestamp_us must increase strictly within an epoch,AL90/CLEAN-S/SAME/0,
AL90/J-S-X/A/3301,AL90,J-S-X,S,A,3301,"{""sample_jitter_us"": 6000}",stress,True,expected_rejection,False,0.0,0.0,,16.5,3,,3,0,0,0,0,0,1.0,1.0,,,,,,,,ahrs,ValueError,timestamp_us must increase strictly within an epoch,AL90/CLEAN-S/SAME/0,
AL90/J-S-X/A/4409,AL90,J-S-X,S,A,4409,"{""sample_jitter_us"": 6000}",stress,True,expected_rejection,False,0.0,0.0,,16.5,3,,3,0,0,0,0,0,1.0,1.0,,,,,,,,ahrs,ValueError,timestamp_us must increase strictly within an epoch,AL90/CLEAN-S/SAME/0,
AL90/J-S-X/A/5519,AL90,J-S-X,S,A,5519,"{""sample_jitter_us"": 6000}",stress,True,expected_rejection,False,0.0,0.0,,16.5,3,,3,0,0,0,0,0,1.0,1.0,,,,,,,,ahrs,ValueError,timestamp_us must increase strictly within an epoch,AL90/CLEAN-S/SAME/0,
AL90/J-S-X/B/1103,AL90,J-S-X,S,B,1103,"{""sample_jitter_us"": 6000}",stress,True,expected_rejection,False,0.0,0.0,,16.5,3,,3,0,0,0,0,0,1.0,1.0,A.initialization,2.220446049250313e-16,0.017453292519943295,rad,1.2722218725854067e-14,,,ahrs,ValueError,timestamp_us must increase strictly within an epoch,AL90/CLEAN-S/SAME/0,
AL90/J-S-X/B/2207,AL90,J-S-X,S,B,2207,"{""sample_jitter_us"": 6000}",stress,True,expected_rejection,False,0.0,0.0,,16.5,3,,3,0,0,0,0,0,1.0,1.0,A.initialization,2.220446049250313e-16,0.017453292519943295,rad,1.2722218725854067e-14,,,ahrs,ValueError,timestamp_us must increase strictly within an epoch,AL90/CLEAN-S/SAME/0,
AL90/J-S-X/B/3301,AL90,J-S-X,S,B,3301,"{""sample_jitter_us"": 6000}",stress,True,expected_rejection,False,0.0,0.0,,16.5,3,,3,0,0,0,0,0,1.0,1.0,A.initialization,2.220446049250313e-16,0.017453292519943295,rad,1.2722218725854067e-14,,,ahrs,ValueError,timestamp_us must increase strictly within an epoch,AL90/CLEAN-S/SAME/0,
AL90/J-S-X/B/4409,AL90,J-S-X,S,B,4409,"{""sample_jitter_us"": 6000}",stress,True,expected_rejection,False,0.0,0.0,,16.5,3,,3,0,0,0,0,0,1.0,1.0,A.initialization,2.220446049250313e-16,0.017453292519943295,rad,1.2722218725854067e-14,,,ahrs,ValueError,timestamp_us must increase strictly within an epoch,AL90/CLEAN-S/SAME/0,
AL90/J-S-X/B/5519,AL90,J-S-X,S,B,5519,"{""sample_jitter_us"": 6000}",stress,True,expected_rejection,False,0.0,0.0,,16.5,3,,3,0,0,0,0,0,1.0,1.0,A.initialization,2.220446049250313e-16,0.017453292519943295,rad,1.2722218725854067e-14,,,ahrs,ValueError,timestamp_us must increase strictly within an epoch,AL90/CLEAN-S/SAME/0,
AL90/J-S-X/SAME/1103,AL90,J-S-X,S,SAME,1103,"{""sample_jitter_us"": 6000}",stress,True,expected_rejection,False,0.0,0.0,,16.5,3,,3,0,0,0,0,0,1.0,1.0,,,,,,,,ahrs,ValueError,timestamp_us must increase strictly within an epoch,AL90/CLEAN-S/SAME/0,
AL90/J-S-X/SAME/2207,AL90,J-S-X,S,SAME,2207,"{""sample_jitter_us"": 6000}",stress,True,expected_rejection,False,0.0,0.0,,16.5,3,,3,0,0,0,0,0,1.0,1.0,,,,,,,,ahrs,ValueError,timestamp_us must increase strictly within an epoch,AL90/CLEAN-S/SAME/0,
AL90/J-S-X/SAME/3301,AL90,J-S-X,S,SAME,3301,"{""sample_jitter_us"": 6000}",stress,True,expected_rejection,False,0.0,0.0,,16.5,3,,3,0,0,0,0,0,1.0,1.0,,,,,,,,ahrs,ValueError,timestamp_us must increase strictly within an epoch,AL90/CLEAN-S/SAME/0,
AL90/J-S-X/SAME/4409,AL90,J-S-X,S,SAME,4409,"{""sample_jitter_us"": 6000}",stress,True,expected_rejection,False,0.0,0.0,,16.5,3,,3,0,0,0,0,0,1.0,1.0,,,,,,,,ahrs,ValueError,timestamp_us must increase strictly within an epoch,AL90/CLEAN-S/SAME/0,
AL90/J-S-X/SAME/5519,AL90,J-S-X,S,SAME,5519,"{""sample_jitter_us"": 6000}",stress,True,expected_rejection,False,0.0,0.0,,16.5,3,,3,0,0,0,0,0,1.0,1.0,,,,,,,,ahrs,ValueError,timestamp_us must increase strictly within an epoch,AL90/CLEAN-S/SAME/0,
AL90/J-T-H/A/1103,AL90,J-T-H,S,A,1103,"{""timestamp_jitter_us"": 1000}",W,True,complete,True,1.0,1.0,1.0,16.5,3,3,0,0,0,0,0,0,1.0,1.0,B.orientation,0.005523926426501909,0.017453292519943295,rad,0.3164976705793421,,,,,,AL90/CLEAN-S/SAME/0,0.0
AL90/J-T-H/A/2207,AL90,J-T-H,S,A,2207,"{""timestamp_jitter_us"": 1000}",W,True,complete,True,1.0,1.0,1.0,16.5,3,3,0,0,0,0,0,0,1.0,1.0,B.orientation,0.005523926426501909,0.017453292519943295,rad,0.3164976705793421,,,,,,AL90/CLEAN-S/SAME/0,0.0
AL90/J-T-H/A/3301,AL90,J-T-H,S,A,3301,"{""timestamp_jitter_us"": 1000}",W,True,complete,True,1.0,1.0,1.0,16.5,3,3,0,0,0,0,0,0,1.0,1.0,B.orientation,0.005523926426501909,0.017453292519943295,rad,0.3164976705793421,,,,,,AL90/CLEAN-S/SAME/0,0.0
AL90/J-T-H/A/4409,AL90,J-T-H,S,A,4409,"{""timestamp_jitter_us"": 1000}",W,True,complete,True,1.0,1.0,1.0,16.5,3,3,0,0,0,0,0,0,1.0,1.0,B.orientation,0.005523926426501909,0.017453292519943295,rad,0.3164976705793421,,,,,,AL90/CLEAN-S/SAME/0,0.0
AL90/J-T-H/A/5519,AL90,J-T-H,S,A,5519,"{""timestamp_jitter_us"": 1000}",W,True,complete,True,1.0,1.0,1.0,16.5,3,3,0,0,0,0,0,0,1.0,1.0,B.orientation,0.005523926426501909,0.017453292519943295,rad,0.3164976705793421,,,,,,AL90/CLEAN-S/SAME/0,0.0
AL90/J-T-H/B/1103,AL90,J-T-H,S,B,1103,"{""timestamp_jitter_us"": 1000}",W,True,complete,True,1.0,1.0,1.0,16.5,3,3,0,0,0,0,0,0,1.0,1.0,B.orientation,0.006282188280147097,0.017453292519943295,rad,0.3599428745589779,,,,,,AL90/CLEAN-S/SAME/0,0.0
AL90/J-T-H/B/2207,AL90,J-T-H,S,B,2207,"{""timestamp_jitter_us"": 1000}",W,True,complete,True,1.0,1.0,1.0,16.5,3,3,0,0,0,0,0,0,1.0,1.0,B.orientation,0.006479320062861367,0.017453292519943295,rad,0.3712376937163956,,,,,,AL90/CLEAN-S/SAME/0,0.0
AL90/J-T-H/B/3301,AL90,J-T-H,S,B,3301,"{""timestamp_jitter_us"": 1000}",W,True,complete,True,1.0,1.0,1.0,16.5,3,3,0,0,0,0,0,0,1.0,1.0,B.orientation,0.00621701004179632,0.017453292519943295,rad,0.35620843658538065,,,,,,AL90/CLEAN-S/SAME/0,0.0
AL90/J-T-H/B/4409,AL90,J-T-H,S,B,4409,"{""timestamp_jitter_us"": 1000}",W,True,complete,True,1.0,1.0,1.0,16.5,3,3,0,0,0,0,0,0,1.0,1.0,B.orientation,0.006169947819196325,0.017453292519943295,rad,0.3535119698558957,,,,,,AL90/CLEAN-S/SAME/0,0.0
AL90/J-T-H/B/5519,AL90,J-T-H,S,B,5519,"{""timestamp_jitter_us"": 1000}",W,True,complete,True,1.0,1.0,1.0,16.5,3,3,0,0,0,0,0,0,1.0,1.0,B.orientation,0.0062669396355219936,0.017453292519943295,rad,0.3590691915786646,,,,,,AL90/CLEAN-S/SAME/0,0.0
AL90/J-T-H/SAME/1103,AL90,J-T-H,S,SAME,1103,"{""timestamp_jitter_us"": 1000}",W,True,complete,True,1.0,1.0,1.0,16.5,3,3,0,0,0,0,0,0,1.0,1.0,B.orientation,0.006282188280147097,0.017453292519943295,rad,0.3599428745589779,,,,,,AL90/CLEAN-S/SAME/0,0.0
AL90/J-T-H/SAME/2207,AL90,J-T-H,S,SAME,2207,"{""timestamp_jitter_us"": 1000}",W,True,complete,True,1.0,1.0,1.0,16.5,3,3,0,0,0,0,0,0,1.0,1.0,B.orientation,0.006479320062861367,0.017453292519943295,rad,0.3712376937163956,,,,,,AL90/CLEAN-S/SAME/0,0.0
AL90/J-T-H/SAME/3301,AL90,J-T-H,S,SAME,3301,"{""timestamp_jitter_us"": 1000}",W,True,complete,True,1.0,1.0,1.0,16.5,3,3,0,0,0,0,0,0,1.0,1.0,B.orientation,0.00621701004179632,0.017453292519943295,rad,0.35620843658538065,,,,,,AL90/CLEAN-S/SAME/0,0.0
AL90/J-T-H/SAME/4409,AL90,J-T-H,S,SAME,4409,"{""timestamp_jitter_us"": 1000}",W,True,complete,True,1.0,1.0,1.0,16.5,3,3,0,0,0,0,0,0,1.0,1.0,B.orientation,0.006169947819196325,0.017453292519943295,rad,0.3535119698558957,,,,,,AL90/CLEAN-S/SAME/0,0.0
AL90/J-T-H/SAME/5519,AL90,J-T-H,S,SAME,5519,"{""timestamp_jitter_us"": 1000}",W,True,complete,True,1.0,1.0,1.0,16.5,3,3,0,0,0,0,0,0,1.0,1.0,B.orientation,0.0062669396355219936,0.017453292519943295,rad,0.3590691915786646,,,,,,AL90/CLEAN-S/SAME/0,0.0
AL90/J-T-L/A/1103,AL90,J-T-L,S,A,1103,"{""timestamp_jitter_us"": 100}",W,True,complete,True,1.0,1.0,1.0,16.5,3,3,0,0,0,0,0,0,1.0,1.0,B.orientation,0.005523926426501909,0.017453292519943295,rad,0.3164976705793421,,,,,,AL90/CLEAN-S/SAME/0,0.0
AL90/J-T-L/A/2207,AL90,J-T-L,S,A,2207,"{""timestamp_jitter_us"": 100}",W,True,complete,True,1.0,1.0,1.0,16.5,3,3,0,0,0,0,0,0,1.0,1.0,B.orientation,0.005523926426501909,0.017453292519943295,rad,0.3164976705793421,,,,,,AL90/CLEAN-S/SAME/0,0.0
AL90/J-T-L/A/3301,AL90,J-T-L,S,A,3301,"{""timestamp_jitter_us"": 100}",W,True,complete,True,1.0,1.0,1.0,16.5,3,3,0,0,0,0,0,0,1.0,1.0,B.orientation,0.005523926426501909,0.017453292519943295,rad,0.3164976705793421,,,,,,AL90/CLEAN-S/SAME/0,0.0
AL90/J-T-L/A/4409,AL90,J-T-L,S,A,4409,"{""timestamp_jitter_us"": 100}",W,True,complete,True,1.0,1.0,1.0,16.5,3,3,0,0,0,0,0,0,1.0,1.0,B.orientation,0.005523926426501909,0.017453292519943295,rad,0.3164976705793421,,,,,,AL90/CLEAN-S/SAME/0,0.0
AL90/J-T-L/A/5519,AL90,J-T-L,S,A,5519,"{""timestamp_jitter_us"": 100}",W,True,complete,True,1.0,1.0,1.0,16.5,3,3,0,0,0,0,0,0,1.0,1.0,B.orientation,0.005523926426501909,0.017453292519943295,rad,0.3164976705793421,,,,,,AL90/CLEAN-S/SAME/0,0.0
AL90/J-T-L/B/1103,AL90,J-T-L,S,B,1103,"{""timestamp_jitter_us"": 100}",W,True,complete,True,1.0,1.0,1.0,16.5,3,3,0,0,0,0,0,0,1.0,1.0,B.orientation,0.005528218603678588,0.017453292519943295,rad,0.3167435942164882,,,,,,AL90/CLEAN-S/SAME/0,0.0
AL90/J-T-L/B/2207,AL90,J-T-L,S,B,2207,"{""timestamp_jitter_us"": 100}",W,True,complete,True,1.0,1.0,1.0,16.5,3,3,0,0,0,0,0,0,1.0,1.0,B.orientation,0.005529529901486938,0.017453292519943295,rad,0.3168187260465914,,,,,,AL90/CLEAN-S/SAME/0,0.0
AL90/J-T-L/B/3301,AL90,J-T-L,S,B,3301,"{""timestamp_jitter_us"": 100}",W,True,complete,True,1.0,1.0,1.0,16.5,3,3,0,0,0,0,0,0,1.0,1.0,B.orientation,0.005537570277862443,0.017453292519943295,rad,0.3172794056786045,,,,,,AL90/CLEAN-S/SAME/0,0.0
AL90/J-T-L/B/4409,AL90,J-T-L,S,B,4409,"{""timestamp_jitter_us"": 100}",W,True,complete,True,1.0,1.0,1.0,16.5,3,3,0,0,0,0,0,0,1.0,1.0,B.orientation,0.005564720623672506,0.017453292519943295,rad,0.31883500590584185,,,,,,AL90/CLEAN-S/SAME/0,0.0
AL90/J-T-L/B/5519,AL90,J-T-L,S,B,5519,"{""timestamp_jitter_us"": 100}",W,True,complete,True,1.0,1.0,1.0,16.5,3,3,0,0,0,0,0,0,1.0,1.0,B.orientation,0.005528070177038269,0.017453292519943295,rad,0.31673508999643063,,,,,,AL90/CLEAN-S/SAME/0,0.0
AL90/J-T-L/SAME/1103,AL90,J-T-L,S,SAME,1103,"{""timestamp_jitter_us"": 100}",W,True,complete,True,1.0,1.0,1.0,16.5,3,3,0,0,0,0,0,0,1.0,1.0,B.orientation,0.005528218603678588,0.017453292519943295,rad,0.3167435942164882,,,,,,AL90/CLEAN-S/SAME/0,0.0
AL90/J-T-L/SAME/2207,AL90,J-T-L,S,SAME,2207,"{""timestamp_jitter_us"": 100}",W,True,complete,True,1.0,1.0,1.0,16.5,3,3,0,0,0,0,0,0,1.0,1.0,B.orientation,0.005529529901486938,0.017453292519943295,rad,0.3168187260465914,,,,,,AL90/CLEAN-S/SAME/0,0.0
AL90/J-T-L/SAME/3301,AL90,J-T-L,S,SAME,3301,"{""timestamp_jitter_us"": 100}",W,True,complete,True,1.0,1.0,1.0,16.5,3,3,0,0,0,0,0,0,1.0,1.0,B.orientation,0.005537570277862443,0.017453292519943295,rad,0.3172794056786045,,,,,,AL90/CLEAN-S/SAME/0,0.0
AL90/J-T-L/SAME/4409,AL90,J-T-L,S,SAME,4409,"{""timestamp_jitter_us"": 100}",W,True,complete,True,1.0,1.0,1.0,16.5,3,3,0,0,0,0,0,0,1.0,1.0,B.orientation,0.005564720623672506,0.017453292519943295,rad,0.31883500590584185,,,,,,AL90/CLEAN-S/SAME/0,0.0
AL90/J-T-L/SAME/5519,AL90,J-T-L,S,SAME,5519,"{""timestamp_jitter_us"": 100}",W,True,complete,True,1.0,1.0,1.0,16.5,3,3,0,0,0,0,0,0,1.0,1.0,B.orientation,0.005528070177038269,0.017453292519943295,rad,0.31673508999643063,,,,,,AL90/CLEAN-S/SAME/0,0.0
AL90/J-T-X/A/1103,AL90,J-T-X,S,A,1103,"{""timestamp_jitter_us"": 6000}",stress,True,expected_rejection,False,0.0,0.0,,16.5,3,,3,0,0,0,0,0,1.0,1.0,,,,,,,,ahrs,ValueError,timestamp_us must increase strictly within an epoch,AL90/CLEAN-S/SAME/0,
AL90/J-T-X/A/2207,AL90,J-T-X,S,A,2207,"{""timestamp_jitter_us"": 6000}",stress,True,expected_rejection,False,0.0,0.0,,16.5,3,,3,0,0,0,0,0,1.0,1.0,,,,,,,,ahrs,ValueError,timestamp_us must increase strictly within an epoch,AL90/CLEAN-S/SAME/0,
AL90/J-T-X/A/3301,AL90,J-T-X,S,A,3301,"{""timestamp_jitter_us"": 6000}",stress,True,expected_rejection,False,0.0,0.0,,16.5,3,,3,0,0,0,0,0,1.0,1.0,,,,,,,,ahrs,ValueError,timestamp_us must increase strictly within an epoch,AL90/CLEAN-S/SAME/0,
AL90/J-T-X/A/4409,AL90,J-T-X,S,A,4409,"{""timestamp_jitter_us"": 6000}",stress,True,expected_rejection,False,0.0,0.0,,16.5,3,,3,0,0,0,0,0,1.0,1.0,,,,,,,,ahrs,ValueError,timestamp_us must increase strictly within an epoch,AL90/CLEAN-S/SAME/0,
AL90/J-T-X/A/5519,AL90,J-T-X,S,A,5519,"{""timestamp_jitter_us"": 6000}",stress,True,expected_rejection,False,0.0,0.0,,16.5,3,,3,0,0,0,0,0,1.0,1.0,,,,,,,,ahrs,ValueError,timestamp_us must increase strictly within an epoch,AL90/CLEAN-S/SAME/0,
AL90/J-T-X/B/1103,AL90,J-T-X,S,B,1103,"{""timestamp_jitter_us"": 6000}",stress,True,expected_rejection,False,0.0,0.0,,16.5,3,,3,0,0,0,0,0,1.0,1.0,A.initialization,2.220446049250313e-16,0.017453292519943295,rad,1.2722218725854067e-14,,,ahrs,ValueError,timestamp_us must increase strictly within an epoch,AL90/CLEAN-S/SAME/0,
AL90/J-T-X/B/2207,AL90,J-T-X,S,B,2207,"{""timestamp_jitter_us"": 6000}",stress,True,expected_rejection,False,0.0,0.0,,16.5,3,,3,0,0,0,0,0,1.0,1.0,A.initialization,2.220446049250313e-16,0.017453292519943295,rad,1.2722218725854067e-14,,,ahrs,ValueError,timestamp_us must increase strictly within an epoch,AL90/CLEAN-S/SAME/0,
AL90/J-T-X/B/3301,AL90,J-T-X,S,B,3301,"{""timestamp_jitter_us"": 6000}",stress,True,expected_rejection,False,0.0,0.0,,16.5,3,,3,0,0,0,0,0,1.0,1.0,A.initialization,2.220446049250313e-16,0.017453292519943295,rad,1.2722218725854067e-14,,,ahrs,ValueError,timestamp_us must increase strictly within an epoch,AL90/CLEAN-S/SAME/0,
AL90/J-T-X/B/4409,AL90,J-T-X,S,B,4409,"{""timestamp_jitter_us"": 6000}",stress,True,expected_rejection,False,0.0,0.0,,16.5,3,,3,0,0,0,0,0,1.0,1.0,A.initialization,2.220446049250313e-16,0.017453292519943295,rad,1.2722218725854067e-14,,,ahrs,ValueError,timestamp_us must increase strictly within an epoch,AL90/CLEAN-S/SAME/0,
AL90/J-T-X/B/5519,AL90,J-T-X,S,B,5519,"{""timestamp_jitter_us"": 6000}",stress,True,expected_rejection,False,0.0,0.0,,16.5,3,,3,0,0,0,0,0,1.0,1.0,A.initialization,2.220446049250313e-16,0.017453292519943295,rad,1.2722218725854067e-14,,,ahrs,ValueError,timestamp_us must increase strictly within an epoch,AL90/CLEAN-S/SAME/0,
AL90/J-T-X/SAME/1103,AL90,J-T-X,S,SAME,1103,"{""timestamp_jitter_us"": 6000}",stress,True,expected_rejection,False,0.0,0.0,,16.5,3,,3,0,0,0,0,0,1.0,1.0,,,,,,,,ahrs,ValueError,timestamp_us must increase strictly within an epoch,AL90/CLEAN-S/SAME/0,
AL90/J-T-X/SAME/2207,AL90,J-T-X,S,SAME,2207,"{""timestamp_jitter_us"": 6000}",stress,True,expected_rejection,False,0.0,0.0,,16.5,3,,3,0,0,0,0,0,1.0,1.0,,,,,,,,ahrs,ValueError,timestamp_us must increase strictly within an epoch,AL90/CLEAN-S/SAME/0,
AL90/J-T-X/SAME/3301,AL90,J-T-X,S,SAME,3301,"{""timestamp_jitter_us"": 6000}",stress,True,expected_rejection,False,0.0,0.0,,16.5,3,,3,0,0,0,0,0,1.0,1.0,,,,,,,,ahrs,ValueError,timestamp_us must increase strictly within an epoch,AL90/CLEAN-S/SAME/0,
AL90/J-T-X/SAME/4409,AL90,J-T-X,S,SAME,4409,"{""timestamp_jitter_us"": 6000}",stress,True,expected_rejection,False,0.0,0.0,,16.5,3,,3,0,0,0,0,0,1.0,1.0,,,,,,,,ahrs,ValueError,timestamp_us must increase strictly within an epoch,AL90/CLEAN-S/SAME/0,
AL90/J-T-X/SAME/5519,AL90,J-T-X,S,SAME,5519,"{""timestamp_jitter_us"": 6000}",stress,True,expected_rejection,False,0.0,0.0,,16.5,3,,3,0,0,0,0,0,1.0,1.0,,,,,,,,ahrs,ValueError,timestamp_us must increase strictly within an epoch,AL90/CLEAN-S/SAME/0,
AL90/L-P-BURST/A/0,AL90,L-P-BURST,Q,A,0,"{""loss"": ""packet-burst""}",rejection,True,expected_rejection,False,0.0,0.0,,16.5,3,,3,0,8,0,2,0,0.9962807996280799,1.0,,,,,,,,ahrs,ValueError,observed timestamp gap exceeds max_gap_s,AL90/CLEAN-Q/SAME/0,
AL90/L-P-BURST/B/0,AL90,L-P-BURST,Q,B,0,"{""loss"": ""packet-burst""}",rejection,True,expected_rejection,False,0.0,0.0,,16.5,3,,3,0,0,8,0,2,1.0,0.9962807996280799,A.initialization,2.220446049250313e-16,0.017453292519943295,rad,1.2722218725854067e-14,,,ahrs,ValueError,observed timestamp gap exceeds max_gap_s,AL90/CLEAN-Q/SAME/0,
AL90/L-P-BURST/SAME/0,AL90,L-P-BURST,Q,SAME,0,"{""loss"": ""packet-burst""}",rejection,True,expected_rejection,False,0.0,0.0,,16.5,3,,3,0,8,8,2,2,0.9962807996280799,0.9962807996280799,,,,,,,,ahrs,ValueError,observed timestamp gap exceeds max_gap_s,AL90/CLEAN-Q/SAME/0,
AL90/L-P-ONE/A/0,AL90,L-P-ONE,Q,A,0,"{""loss"": ""packet-one""}",W,True,complete,True,1.0,1.0,1.0,16.5,3,3,0,0,4,0,1,0,0.99814039981404,1.0,B.orientation,0.005663104217917617,0.017453292519943295,rad,0.32447197062941424,,,,,,AL90/CLEAN-Q/SAME/0,0.0
AL90/L-P-ONE/B/0,AL90,L-P-ONE,Q,B,0,"{""loss"": ""packet-one""}",W,False,complete,False,1.0,1.0,1.0,16.5,3,3,0,0,0,4,0,1,1.0,0.99814039981404,interval_speed,1.03428372321723,0.10471975511965977,rad/s,9.876682026570712,B.orientation;interval_speed,,,,,AL90/CLEAN-Q/SAME/0,0.0
AL90/L-P-ONE/SAME/0,AL90,L-P-ONE,Q,SAME,0,"{""loss"": ""packet-one""}",W,False,complete,False,1.0,1.0,1.0,16.5,3,3,0,0,4,4,1,1,0.99814039981404,0.99814039981404,interval_speed,1.03428372321723,0.10471975511965977,rad/s,9.876682026570712,B.orientation;interval_speed,,,,,AL90/CLEAN-Q/SAME/0,0.0
AL90/L-P-PER/A/0,AL90,L-P-PER,Q,A,0,"{""loss"": ""packet-per""}",W,True,complete,True,1.0,1.0,1.0,16.5,3,3,0,0,64,0,16,0,0.9702463970246397,1.0,B.orientation,0.005663104217917617,0.017453292519943295,rad,0.32447197062941424,,,,,,AL90/CLEAN-Q/SAME/0,0.0
AL90/L-P-PER/B/0,AL90,L-P-PER,Q,B,0,"{""loss"": ""packet-per""}",W,False,complete,False,1.0,1.0,1.0,16.5,3,3,0,0,0,64,0,16,1.0,0.9702463970246397,interval_speed,1.0685454713695424,0.10471975511965977,rad/s,10.20385762121532,interval_speed,,,,,AL90/CLEAN-Q/SAME/0,0.0
AL90/L-P-PER/SAME/0,AL90,L-P-PER,Q,SAME,0,"{""loss"": ""packet-per""}",W,False,complete,False,1.0,1.0,1.0,16.5,3,3,0,0,64,64,16,16,0.9702463970246397,0.9702463970246397,interval_speed,1.0685454713695424,0.10471975511965977,rad/s,10.20385762121532,interval_speed,,,,,AL90/CLEAN-Q/SAME/0,0.0
AL90/L-S-BURST/A/0,AL90,L-S-BURST,S,A,0,"{""loss"": ""sample-burst""}",rejection,True,expected_rejection,False,0.0,0.0,,16.5,3,,3,0,7,0,1,0,0.9967456996745699,1.0,,,,,,,,ahrs,ValueError,observed timestamp gap exceeds max_gap_s,AL90/CLEAN-S/SAME/0,
AL90/L-S-BURST/B/0,AL90,L-S-BURST,S,B,0,"{""loss"": ""sample-burst""}",rejection,True,expected_rejection,False,0.0,0.0,,16.5,3,,3,0,0,7,0,1,1.0,0.9967456996745699,A.initialization,2.220446049250313e-16,0.017453292519943295,rad,1.2722218725854067e-14,,,ahrs,ValueError,observed timestamp gap exceeds max_gap_s,AL90/CLEAN-S/SAME/0,
AL90/L-S-BURST/SAME/0,AL90,L-S-BURST,S,SAME,0,"{""loss"": ""sample-burst""}",rejection,True,expected_rejection,False,0.0,0.0,,16.5,3,,3,0,7,7,1,1,0.9967456996745699,0.9967456996745699,,,,,,,,ahrs,ValueError,observed timestamp gap exceeds max_gap_s,AL90/CLEAN-S/SAME/0,
AL90/L-S-ONE/A/0,AL90,L-S-ONE,S,A,0,"{""loss"": ""sample-one""}",W,True,complete,True,1.0,1.0,1.0,16.5,3,3,0,0,1,0,0,0,0.99953509995351,1.0,B.orientation,0.005523926426501909,0.017453292519943295,rad,0.3164976705793421,,,,,,AL90/CLEAN-S/SAME/0,0.0
AL90/L-S-ONE/B/0,AL90,L-S-ONE,S,B,0,"{""loss"": ""sample-one""}",W,False,complete,False,1.0,1.0,1.0,16.5,3,3,0,0,0,1,0,0,1.0,0.99953509995351,interval_speed,1.0447120304578532,0.10471975511965977,rad/s,9.976265025296284,interval_speed,,,,,AL90/CLEAN-S/SAME/0,0.0
AL90/L-S-ONE/SAME/0,AL90,L-S-ONE,S,SAME,0,"{""loss"": ""sample-one""}",W,False,complete,False,1.0,1.0,1.0,16.5,3,3,0,0,1,1,0,0,0.99953509995351,0.99953509995351,interval_speed,1.0447120304578532,0.10471975511965977,rad/s,9.976265025296284,interval_speed,,,,,AL90/CLEAN-S/SAME/0,0.0
AL90/L-S-PER/A/0,AL90,L-S-PER,S,A,0,"{""loss"": ""sample-per""}",W,True,complete,True,1.0,1.0,1.0,16.5,3,3,0,0,16,0,0,0,0.9925615992561599,1.0,B.orientation,0.005523926426501909,0.017453292519943295,rad,0.3164976705793421,,,,,,AL90/CLEAN-S/SAME/0,0.0
AL90/L-S-PER/B/0,AL90,L-S-PER,S,B,0,"{""loss"": ""sample-per""}",W,False,complete,False,1.0,1.0,1.0,16.5,3,3,0,0,0,16,0,0,1.0,0.9925615992561599,interval_speed,1.0528204185765153,0.10471975511965977,rad/s,10.053694428271845,interval_speed,,,,,AL90/CLEAN-S/SAME/0,0.0
AL90/L-S-PER/SAME/0,AL90,L-S-PER,S,SAME,0,"{""loss"": ""sample-per""}",W,False,complete,False,1.0,1.0,1.0,16.5,3,3,0,0,16,16,0,0,0.9925615992561599,0.9925615992561599,interval_speed,1.0528204185765153,0.10471975511965977,rad/s,10.053694428271845,interval_speed,,,,,AL90/CLEAN-S/SAME/0,0.0
AL90/N-A-H/A/1103,AL90,N-A-H,S,A,1103,"{""accel_sigma"": 0.02}",W,True,complete,True,1.0,1.0,1.0,16.5,3,3,0,0,0,0,0,0,1.0,1.0,B.orientation,0.005523926426501909,0.017453292519943295,rad,0.3164976705793421,,,,,,AL90/CLEAN-S/SAME/0,0.0
AL90/N-A-H/A/2207,AL90,N-A-H,S,A,2207,"{""accel_sigma"": 0.02}",W,True,complete,True,1.0,1.0,1.0,16.5,3,3,0,0,0,0,0,0,1.0,1.0,B.orientation,0.005523926426501909,0.017453292519943295,rad,0.3164976705793421,,,,,,AL90/CLEAN-S/SAME/0,0.0
AL90/N-A-H/A/3301,AL90,N-A-H,S,A,3301,"{""accel_sigma"": 0.02}",W,True,complete,True,1.0,1.0,1.0,16.5,3,3,0,0,0,0,0,0,1.0,1.0,B.orientation,0.005523926426501909,0.017453292519943295,rad,0.3164976705793421,,,,,,AL90/CLEAN-S/SAME/0,0.0
AL90/N-A-H/A/4409,AL90,N-A-H,S,A,4409,"{""accel_sigma"": 0.02}",W,True,complete,True,1.0,1.0,1.0,16.5,3,3,0,0,0,0,0,0,1.0,1.0,B.orientation,0.005523926426501909,0.017453292519943295,rad,0.3164976705793421,,,,,,AL90/CLEAN-S/SAME/0,0.0
AL90/N-A-H/A/5519,AL90,N-A-H,S,A,5519,"{""accel_sigma"": 0.02}",W,True,complete,True,1.0,1.0,1.0,16.5,3,3,0,0,0,0,0,0,1.0,1.0,B.orientation,0.005523926426501909,0.017453292519943295,rad,0.3164976705793421,,,,,,AL90/CLEAN-S/SAME/0,0.0
AL90/N-A-H/B/1103,AL90,N-A-H,S,B,1103,"{""accel_sigma"": 0.02}",W,True,complete,True,1.0,1.0,1.0,16.5,3,3,0,0,0,0,0,0,1.0,1.0,B.orientation,0.005530921781785185,0.017453292519943295,rad,0.31689847491326834,,,,,,AL90/CLEAN-S/SAME/0,0.0
AL90/N-A-H/B/2207,AL90,N-A-H,S,B,2207,"{""accel_sigma"": 0.02}",W,True,complete,True,1.0,1.0,1.0,16.5,3,3,0,0,0,0,0,0,1.0,1.0,B.orientation,0.005643729466901561,0.017453292519943295,rad,0.3233618791670775,,,,,,AL90/CLEAN-S/SAME/0,0.0
AL90/N-A-H/B/3301,AL90,N-A-H,S,B,3301,"{""accel_sigma"": 0.02}",W,True,complete,True,1.0,1.0,1.0,16.5,3,3,0,0,0,0,0,0,1.0,1.0,B.orientation,0.005611178729455199,0.017453292519943295,rad,0.32149685929136246,,,,,,AL90/CLEAN-S/SAME/0,0.0
AL90/N-A-H/B/4409,AL90,N-A-H,S,B,4409,"{""accel_sigma"": 0.02}",W,True,complete,True,1.0,1.0,1.0,16.5,3,3,0,0,0,0,0,0,1.0,1.0,B.orientation,0.005539821597038117,0.017453292519943295,rad,0.31740839676570753,,,,,,AL90/CLEAN-S/SAME/0,0.0
AL90/N-A-H/B/5519,AL90,N-A-H,S,B,5519,"{""accel_sigma"": 0.02}",W,True,complete,True,1.0,1.0,1.0,16.5,3,3,0,0,0,0,0,0,1.0,1.0,B.orientation,0.005586789430542766,0.017453292519943295,rad,0.32009945539839707,,,,,,AL90/CLEAN-S/SAME/0,0.0
AL90/N-A-H/SAME/1103,AL90,N-A-H,S,SAME,1103,"{""accel_sigma"": 0.02}",W,True,complete,True,1.0,1.0,1.0,16.5,3,3,0,0,0,0,0,0,1.0,1.0,B.orientation,0.005530921781785185,0.017453292519943295,rad,0.31689847491326834,,,,,,AL90/CLEAN-S/SAME/0,0.0
AL90/N-A-H/SAME/2207,AL90,N-A-H,S,SAME,2207,"{""accel_sigma"": 0.02}",W,True,complete,True,1.0,1.0,1.0,16.5,3,3,0,0,0,0,0,0,1.0,1.0,B.orientation,0.005643729466901561,0.017453292519943295,rad,0.3233618791670775,,,,,,AL90/CLEAN-S/SAME/0,0.0
AL90/N-A-H/SAME/3301,AL90,N-A-H,S,SAME,3301,"{""accel_sigma"": 0.02}",W,True,complete,True,1.0,1.0,1.0,16.5,3,3,0,0,0,0,0,0,1.0,1.0,B.orientation,0.005611178729455199,0.017453292519943295,rad,0.32149685929136246,,,,,,AL90/CLEAN-S/SAME/0,0.0
AL90/N-A-H/SAME/4409,AL90,N-A-H,S,SAME,4409,"{""accel_sigma"": 0.02}",W,True,complete,True,1.0,1.0,1.0,16.5,3,3,0,0,0,0,0,0,1.0,1.0,B.orientation,0.005539821597038117,0.017453292519943295,rad,0.31740839676570753,,,,,,AL90/CLEAN-S/SAME/0,0.0
AL90/N-A-H/SAME/5519,AL90,N-A-H,S,SAME,5519,"{""accel_sigma"": 0.02}",W,True,complete,True,1.0,1.0,1.0,16.5,3,3,0,0,0,0,0,0,1.0,1.0,B.orientation,0.005586789430542766,0.017453292519943295,rad,0.32009945539839707,,,,,,AL90/CLEAN-S/SAME/0,0.0
AL90/N-A-L/A/1103,AL90,N-A-L,S,A,1103,"{""accel_sigma"": 0.005}",W,True,complete,True,1.0,1.0,1.0,16.5,3,3,0,0,0,0,0,0,1.0,1.0,B.orientation,0.005523926426501909,0.017453292519943295,rad,0.3164976705793421,,,,,,AL90/CLEAN-S/SAME/0,0.0
AL90/N-A-L/A/2207,AL90,N-A-L,S,A,2207,"{""accel_sigma"": 0.005}",W,True,complete,True,1.0,1.0,1.0,16.5,3,3,0,0,0,0,0,0,1.0,1.0,B.orientation,0.005523926426501909,0.017453292519943295,rad,0.3164976705793421,,,,,,AL90/CLEAN-S/SAME/0,0.0
AL90/N-A-L/A/3301,AL90,N-A-L,S,A,3301,"{""accel_sigma"": 0.005}",W,True,complete,True,1.0,1.0,1.0,16.5,3,3,0,0,0,0,0,0,1.0,1.0,B.orientation,0.005523926426501909,0.017453292519943295,rad,0.3164976705793421,,,,,,AL90/CLEAN-S/SAME/0,0.0
AL90/N-A-L/A/4409,AL90,N-A-L,S,A,4409,"{""accel_sigma"": 0.005}",W,True,complete,True,1.0,1.0,1.0,16.5,3,3,0,0,0,0,0,0,1.0,1.0,B.orientation,0.005523926426501909,0.017453292519943295,rad,0.3164976705793421,,,,,,AL90/CLEAN-S/SAME/0,0.0
AL90/N-A-L/A/5519,AL90,N-A-L,S,A,5519,"{""accel_sigma"": 0.005}",W,True,complete,True,1.0,1.0,1.0,16.5,3,3,0,0,0,0,0,0,1.0,1.0,B.orientation,0.005523926426501909,0.017453292519943295,rad,0.3164976705793421,,,,,,AL90/CLEAN-S/SAME/0,0.0
AL90/N-A-L/B/1103,AL90,N-A-L,S,B,1103,"{""accel_sigma"": 0.005}",W,True,complete,True,1.0,1.0,1.0,16.5,3,3,0,0,0,0,0,0,1.0,1.0,B.orientation,0.005525362638038934,0.017453292519943295,rad,0.31657995943890166,,,,,,AL90/CLEAN-S/SAME/0,0.0
AL90/N-A-L/B/2207,AL90,N-A-L,S,B,2207,"{""accel_sigma"": 0.005}",W,True,complete,True,1.0,1.0,1.0,16.5,3,3,0,0,0,0,0,0,1.0,1.0,B.orientation,0.005553570949731631,0.017453292519943295,rad,0.3181961766460827,,,,,,AL90/CLEAN-S/SAME/0,0.0
AL90/N-A-L/B/3301,AL90,N-A-L,S,B,3301,"{""accel_sigma"": 0.005}",W,True,complete,True,1.0,1.0,1.0,16.5,3,3,0,0,0,0,0,0,1.0,1.0,B.orientation,0.005545046958179686,0.017453292519943295,rad,0.3177077879055511,,,,,,AL90/CLEAN-S/SAME/0,0.0
AL90/N-A-L/B/4409,AL90,N-A-L,S,B,4409,"{""accel_sigma"": 0.005}",W,True,complete,True,1.0,1.0,1.0,16.5,3,3,0,0,0,0,0,0,1.0,1.0,B.orientation,0.0055285620692628835,0.017453292519943295,rad,0.3167632733448763,,,,,,AL90/CLEAN-S/SAME/0,0.0
AL90/N-A-L/B/5519,AL90,N-A-L,S,B,5519,"{""accel_sigma"": 0.005}",W,True,complete,True,1.0,1.0,1.0,16.5,3,3,0,0,0,0,0,0,1.0,1.0,B.orientation,0.005539518172788008,0.017453292519943295,rad,0.3173910118367744,,,,,,AL90/CLEAN-S/SAME/0,0.0
AL90/N-A-L/SAME/1103,AL90,N-A-L,S,SAME,1103,"{""accel_sigma"": 0.005}",W,True,complete,True,1.0,1.0,1.0,16.5,3,3,0,0,0,0,0,0,1.0,1.0,B.orientation,0.005525362638038934,0.017453292519943295,rad,0.31657995943890166,,,,,,AL90/CLEAN-S/SAME/0,0.0
AL90/N-A-L/SAME/2207,AL90,N-A-L,S,SAME,2207,"{""accel_sigma"": 0.005}",W,True,complete,True,1.0,1.0,1.0,16.5,3,3,0,0,0,0,0,0,1.0,1.0,B.orientation,0.005553570949731631,0.017453292519943295,rad,0.3181961766460827,,,,,,AL90/CLEAN-S/SAME/0,0.0
AL90/N-A-L/SAME/3301,AL90,N-A-L,S,SAME,3301,"{""accel_sigma"": 0.005}",W,True,complete,True,1.0,1.0,1.0,16.5,3,3,0,0,0,0,0,0,1.0,1.0,B.orientation,0.005545046958179686,0.017453292519943295,rad,0.3177077879055511,,,,,,AL90/CLEAN-S/SAME/0,0.0
AL90/N-A-L/SAME/4409,AL90,N-A-L,S,SAME,4409,"{""accel_sigma"": 0.005}",W,True,complete,True,1.0,1.0,1.0,16.5,3,3,0,0,0,0,0,0,1.0,1.0,B.orientation,0.0055285620692628835,0.017453292519943295,rad,0.3167632733448763,,,,,,AL90/CLEAN-S/SAME/0,0.0
AL90/N-A-L/SAME/5519,AL90,N-A-L,S,SAME,5519,"{""accel_sigma"": 0.005}",W,True,complete,True,1.0,1.0,1.0,16.5,3,3,0,0,0,0,0,0,1.0,1.0,B.orientation,0.005539518172788008,0.017453292519943295,rad,0.3173910118367744,,,,,,AL90/CLEAN-S/SAME/0,0.0
AL90/N-A-X/A/1103,AL90,N-A-X,S,A,1103,"{""accel_sigma"": 0.2}",stress,True,stress_completed,True,1.0,1.0,1.0,16.5,3,3,0,0,0,0,0,0,1.0,1.0,interval_speed,0.0397071696224236,0.10471975511965977,rad/s,0.3791755392958238,,,,,,AL90/CLEAN-S/SAME/0,0.0
AL90/N-A-X/A/2207,AL90,N-A-X,S,A,2207,"{""accel_sigma"": 0.2}",stress,True,stress_completed,True,1.0,1.0,1.0,16.5,3,3,0,0,0,0,0,0,1.0,1.0,AL90:rep-1.hold_speed_max_rads,0.03845875905562925,0.10471975511965977,rad/s,0.36725409653301533,,,,,,AL90/CLEAN-S/SAME/0,0.0
AL90/N-A-X/A/3301,AL90,N-A-X,S,A,3301,"{""accel_sigma"": 0.2}",stress,True,stress_completed,True,1.0,1.0,1.0,16.5,3,3,0,0,0,0,0,0,1.0,1.0,AL90:rep-1.return_speed_max_rads,0.03982757234452172,0.10471975511965977,rad/s,0.380325300598842,,,,,,AL90/CLEAN-S/SAME/0,0.0
AL90/N-A-X/A/4409,AL90,N-A-X,S,A,4409,"{""accel_sigma"": 0.2}",stress,True,stress_completed,True,1.0,1.0,1.0,16.5,3,3,0,0,0,0,0,0,1.0,1.0,interval_speed,0.0402528533408254,0.10471975511965977,rad/s,0.3843864349647286,,,,,,AL90/CLEAN-S/SAME/0,0.0
AL90/N-A-X/A/5519,AL90,N-A-X,S,A,5519,"{""accel_sigma"": 0.2}",stress,True,stress_completed,True,1.0,1.0,1.0,16.5,3,3,0,0,0,0,0,0,1.0,1.0,interval_speed,0.043094285140951705,0.10471975511965977,rad/s,0.4115201099516448,,,,,,AL90/CLEAN-S/SAME/0,0.0
AL90/N-A-X/B/1103,AL90,N-A-X,S,B,1103,"{""accel_sigma"": 0.2}",stress,True,stress_completed,True,1.0,1.0,1.0,16.5,3,3,0,0,0,0,0,0,1.0,1.0,B.orientation,0.006691148503536187,0.017453292519943295,rad,0.3833745693479001,,,,,,AL90/CLEAN-S/SAME/0,0.0
AL90/N-A-X/B/2207,AL90,N-A-X,S,B,2207,"{""accel_sigma"": 0.2}",stress,True,stress_completed,True,1.0,1.0,1.0,16.5,3,3,0,0,0,0,0,0,1.0,1.0,B.orientation,0.0070098836256492335,0.017453292519943295,rad,0.4016367466275646,,,,,,AL90/CLEAN-S/SAME/0,0.0
AL90/N-A-X/B/3301,AL90,N-A-X,S,B,3301,"{""accel_sigma"": 0.2}",stress,True,stress_completed,True,1.0,1.0,1.0,16.5,3,3,0,0,0,0,0,0,1.0,1.0,B.orientation,0.006872226415684381,0.017453292519943295,rad,0.3937495694770323,,,,,,AL90/CLEAN-S/SAME/0,0.0
AL90/N-A-X/B/4409,AL90,N-A-X,S,B,4409,"{""accel_sigma"": 0.2}",stress,True,stress_completed,True,1.0,1.0,1.0,16.5,3,3,0,0,0,0,0,0,1.0,1.0,AL90:rep-1.hold_speed_max_rads,0.03645217658646028,0.10471975511965977,rad/s,0.3480926454116283,,,,,,AL90/CLEAN-S/SAME/0,0.0
AL90/N-A-X/B/5519,AL90,N-A-X,S,B,5519,"{""accel_sigma"": 0.2}",stress,True,stress_completed,True,1.0,1.0,1.0,16.5,3,3,0,0,0,0,0,0,1.0,1.0,AL90:rep-3.elevation_speed_max_rads,0.041947749985167704,0.10471975511965977,rad/s,0.4005715057033452,,,,,,AL90/CLEAN-S/SAME/0,0.0
AL90/N-A-X/SAME/1103,AL90,N-A-X,S,SAME,1103,"{""accel_sigma"": 0.2}",stress,True,stress_completed,True,1.0,1.0,1.0,16.5,3,3,0,0,0,0,0,0,1.0,1.0,interval_speed,0.05124186400848363,0.10471975511965977,rad/s,0.48932375701157116,,,,,,AL90/CLEAN-S/SAME/0,0.0
AL90/N-A-X/SAME/2207,AL90,N-A-X,S,SAME,2207,"{""accel_sigma"": 0.2}",stress,True,stress_completed,True,1.0,1.0,1.0,16.5,3,3,0,0,0,0,0,0,1.0,1.0,AL90:rep-1.hold_speed_max_rads,0.06035876513539574,0.10471975511965977,rad/s,0.5763837498132591,,,,,,AL90/CLEAN-S/SAME/0,0.0
AL90/N-A-X/SAME/3301,AL90,N-A-X,S,SAME,3301,"{""accel_sigma"": 0.2}",stress,True,stress_completed,True,1.0,1.0,1.0,16.5,3,3,0,0,0,0,0,0,1.0,1.0,AL90:rep-3.hold_speed_max_rads,0.06271912196886004,0.10471975511965977,rad/s,0.5989234972636538,,,,,,AL90/CLEAN-S/SAME/0,0.0
AL90/N-A-X/SAME/4409,AL90,N-A-X,S,SAME,4409,"{""accel_sigma"": 0.2}",stress,True,stress_completed,True,1.0,1.0,1.0,16.5,3,3,0,0,0,0,0,0,1.0,1.0,interval_speed,0.0622289106197238,0.10471975511965977,rad/s,0.594242323701167,,,,,,AL90/CLEAN-S/SAME/0,0.0
AL90/N-A-X/SAME/5519,AL90,N-A-X,S,SAME,5519,"{""accel_sigma"": 0.2}",stress,True,stress_completed,True,1.0,1.0,1.0,16.5,3,3,0,0,0,0,0,0,1.0,1.0,interval_speed,0.06342503912768227,0.10471975511965977,rad/s,0.6056645095780504,,,,,,AL90/CLEAN-S/SAME/0,0.0
AL90/N-G-H/A/1103,AL90,N-G-H,S,A,1103,"{""gyro_sigma"": 0.005}",W,True,complete,True,1.0,1.0,1.0,16.5,3,3,0,0,0,0,0,0,1.0,1.0,B.orientation,0.005523926426501909,0.017453292519943295,rad,0.3164976705793421,,,,,,AL90/CLEAN-S/SAME/0,0.0
AL90/N-G-H/A/2207,AL90,N-G-H,S,A,2207,"{""gyro_sigma"": 0.005}",W,True,complete,True,1.0,1.0,1.0,16.5,3,3,0,0,0,0,0,0,1.0,1.0,B.orientation,0.005523926426501909,0.017453292519943295,rad,0.3164976705793421,,,,,,AL90/CLEAN-S/SAME/0,0.0
AL90/N-G-H/A/3301,AL90,N-G-H,S,A,3301,"{""gyro_sigma"": 0.005}",W,True,complete,True,1.0,1.0,1.0,16.5,3,3,0,0,0,0,0,0,1.0,1.0,B.orientation,0.005523926426501909,0.017453292519943295,rad,0.3164976705793421,,,,,,AL90/CLEAN-S/SAME/0,0.0
AL90/N-G-H/A/4409,AL90,N-G-H,S,A,4409,"{""gyro_sigma"": 0.005}",W,True,complete,True,1.0,1.0,1.0,16.5,3,3,0,0,0,0,0,0,1.0,1.0,B.orientation,0.005523926426501909,0.017453292519943295,rad,0.3164976705793421,,,,,,AL90/CLEAN-S/SAME/0,0.0
AL90/N-G-H/A/5519,AL90,N-G-H,S,A,5519,"{""gyro_sigma"": 0.005}",W,True,complete,True,1.0,1.0,1.0,16.5,3,3,0,0,0,0,0,0,1.0,1.0,B.orientation,0.005523926426501909,0.017453292519943295,rad,0.3164976705793421,,,,,,AL90/CLEAN-S/SAME/0,0.0
AL90/N-G-H/B/1103,AL90,N-G-H,S,B,1103,"{""gyro_sigma"": 0.005}",W,True,complete,True,1.0,1.0,1.0,16.5,3,3,0,0,0,0,0,0,1.0,1.0,B.orientation,0.00686098202088995,0.017453292519943295,rad,0.39310531311213254,,,,,,AL90/CLEAN-S/SAME/0,0.0
AL90/N-G-H/B/2207,AL90,N-G-H,S,B,2207,"{""gyro_sigma"": 0.005}",W,True,complete,True,1.0,1.0,1.0,16.5,3,3,0,0,0,0,0,0,1.0,1.0,B.orientation,0.005480998890728743,0.017453292519943295,rad,0.3140381039546429,,,,,,AL90/CLEAN-S/SAME/0,0.0
AL90/N-G-H/B/3301,AL90,N-G-H,S,B,3301,"{""gyro_sigma"": 0.005}",W,True,complete,True,1.0,1.0,1.0,16.5,3,3,0,0,0,0,0,0,1.0,1.0,B.orientation,0.0067155334459219,0.017453292519943295,rad,0.3847717236302711,,,,,,AL90/CLEAN-S/SAME/0,0.0
AL90/N-G-H/B/4409,AL90,N-G-H,S,B,4409,"{""gyro_sigma"": 0.005}",W,True,complete,True,1.0,1.0,1.0,16.5,3,3,0,0,0,0,0,0,1.0,1.0,B.orientation,0.005885534116519592,0.017453292519943295,rad,0.33721626505683033,,,,,,AL90/CLEAN-S/SAME/0,0.0
AL90/N-G-H/B/5519,AL90,N-G-H,S,B,5519,"{""gyro_sigma"": 0.005}",W,True,complete,True,1.0,1.0,1.0,16.5,3,3,0,0,0,0,0,0,1.0,1.0,B.orientation,0.0055489389368396464,0.017453292519943295,rad,0.3179307818567218,,,,,,AL90/CLEAN-S/SAME/0,0.0
AL90/N-G-H/SAME/1103,AL90,N-G-H,S,SAME,1103,"{""gyro_sigma"": 0.005}",W,True,complete,True,1.0,1.0,1.0,16.5,3,3,0,0,0,0,0,0,1.0,1.0,B.orientation,0.00686098202088995,0.017453292519943295,rad,0.39310531311213254,,,,,,AL90/CLEAN-S/SAME/0,0.0
AL90/N-G-H/SAME/2207,AL90,N-G-H,S,SAME,2207,"{""gyro_sigma"": 0.005}",W,True,complete,True,1.0,1.0,1.0,16.5,3,3,0,0,0,0,0,0,1.0,1.0,B.orientation,0.005480998890728743,0.017453292519943295,rad,0.3140381039546429,,,,,,AL90/CLEAN-S/SAME/0,0.0
AL90/N-G-H/SAME/3301,AL90,N-G-H,S,SAME,3301,"{""gyro_sigma"": 0.005}",W,True,complete,True,1.0,1.0,1.0,16.5,3,3,0,0,0,0,0,0,1.0,1.0,B.orientation,0.0067155334459219,0.017453292519943295,rad,0.3847717236302711,,,,,,AL90/CLEAN-S/SAME/0,0.0
AL90/N-G-H/SAME/4409,AL90,N-G-H,S,SAME,4409,"{""gyro_sigma"": 0.005}",W,True,complete,True,1.0,1.0,1.0,16.5,3,3,0,0,0,0,0,0,1.0,1.0,B.orientation,0.005885534116519592,0.017453292519943295,rad,0.33721626505683033,,,,,,AL90/CLEAN-S/SAME/0,0.0
AL90/N-G-H/SAME/5519,AL90,N-G-H,S,SAME,5519,"{""gyro_sigma"": 0.005}",W,True,complete,True,1.0,1.0,1.0,16.5,3,3,0,0,0,0,0,0,1.0,1.0,B.orientation,0.0055489389368396464,0.017453292519943295,rad,0.3179307818567218,,,,,,AL90/CLEAN-S/SAME/0,0.0
AL90/N-G-L/A/1103,AL90,N-G-L,S,A,1103,"{""gyro_sigma"": 0.001}",W,True,complete,True,1.0,1.0,1.0,16.5,3,3,0,0,0,0,0,0,1.0,1.0,B.orientation,0.005523926426501909,0.017453292519943295,rad,0.3164976705793421,,,,,,AL90/CLEAN-S/SAME/0,0.0
AL90/N-G-L/A/2207,AL90,N-G-L,S,A,2207,"{""gyro_sigma"": 0.001}",W,True,complete,True,1.0,1.0,1.0,16.5,3,3,0,0,0,0,0,0,1.0,1.0,B.orientation,0.005523926426501909,0.017453292519943295,rad,0.3164976705793421,,,,,,AL90/CLEAN-S/SAME/0,0.0
AL90/N-G-L/A/3301,AL90,N-G-L,S,A,3301,"{""gyro_sigma"": 0.001}",W,True,complete,True,1.0,1.0,1.0,16.5,3,3,0,0,0,0,0,0,1.0,1.0,B.orientation,0.005523926426501909,0.017453292519943295,rad,0.3164976705793421,,,,,,AL90/CLEAN-S/SAME/0,0.0
AL90/N-G-L/A/4409,AL90,N-G-L,S,A,4409,"{""gyro_sigma"": 0.001}",W,True,complete,True,1.0,1.0,1.0,16.5,3,3,0,0,0,0,0,0,1.0,1.0,B.orientation,0.005523926426501909,0.017453292519943295,rad,0.3164976705793421,,,,,,AL90/CLEAN-S/SAME/0,0.0
AL90/N-G-L/A/5519,AL90,N-G-L,S,A,5519,"{""gyro_sigma"": 0.001}",W,True,complete,True,1.0,1.0,1.0,16.5,3,3,0,0,0,0,0,0,1.0,1.0,B.orientation,0.005523926426501909,0.017453292519943295,rad,0.3164976705793421,,,,,,AL90/CLEAN-S/SAME/0,0.0
AL90/N-G-L/B/1103,AL90,N-G-L,S,B,1103,"{""gyro_sigma"": 0.001}",W,True,complete,True,1.0,1.0,1.0,16.5,3,3,0,0,0,0,0,0,1.0,1.0,B.orientation,0.005779495053851554,0.017453292519943295,rad,0.3311406743024285,,,,,,AL90/CLEAN-S/SAME/0,0.0
AL90/N-G-L/B/2207,AL90,N-G-L,S,B,2207,"{""gyro_sigma"": 0.001}",W,True,complete,True,1.0,1.0,1.0,16.5,3,3,0,0,0,0,0,0,1.0,1.0,B.orientation,0.005491652950108319,0.017453292519943295,rad,0.31464853659177433,,,,,,AL90/CLEAN-S/SAME/0,0.0
AL90/N-G-L/B/3301,AL90,N-G-L,S,B,3301,"{""gyro_sigma"": 0.001}",W,True,complete,True,1.0,1.0,1.0,16.5,3,3,0,0,0,0,0,0,1.0,1.0,B.orientation,0.005658544144866717,0.017453292519943295,rad,0.32421069768932637,,,,,,AL90/CLEAN-S/SAME/0,0.0
AL90/N-G-L/B/4409,AL90,N-G-L,S,B,4409,"{""gyro_sigma"": 0.001}",W,True,complete,True,1.0,1.0,1.0,16.5,3,3,0,0,0,0,0,0,1.0,1.0,B.orientation,0.005529997545133093,0.017453292519943295,rad,0.3168455200538322,,,,,,AL90/CLEAN-S/SAME/0,0.0
AL90/N-G-L/B/5519,AL90,N-G-L,S,B,5519,"{""gyro_sigma"": 0.001}",W,True,complete,True,1.0,1.0,1.0,16.5,3,3,0,0,0,0,0,0,1.0,1.0,B.orientation,0.005425324507426195,0.017453292519943295,rad,0.3108481967644132,,,,,,AL90/CLEAN-S/SAME/0,0.0
AL90/N-G-L/SAME/1103,AL90,N-G-L,S,SAME,1103,"{""gyro_sigma"": 0.001}",W,True,complete,True,1.0,1.0,1.0,16.5,3,3,0,0,0,0,0,0,1.0,1.0,B.orientation,0.005779495053851554,0.017453292519943295,rad,0.3311406743024285,,,,,,AL90/CLEAN-S/SAME/0,0.0
AL90/N-G-L/SAME/2207,AL90,N-G-L,S,SAME,2207,"{""gyro_sigma"": 0.001}",W,True,complete,True,1.0,1.0,1.0,16.5,3,3,0,0,0,0,0,0,1.0,1.0,B.orientation,0.005491652950108319,0.017453292519943295,rad,0.31464853659177433,,,,,,AL90/CLEAN-S/SAME/0,0.0
AL90/N-G-L/SAME/3301,AL90,N-G-L,S,SAME,3301,"{""gyro_sigma"": 0.001}",W,True,complete,True,1.0,1.0,1.0,16.5,3,3,0,0,0,0,0,0,1.0,1.0,B.orientation,0.005658544144866717,0.017453292519943295,rad,0.32421069768932637,,,,,,AL90/CLEAN-S/SAME/0,0.0
AL90/N-G-L/SAME/4409,AL90,N-G-L,S,SAME,4409,"{""gyro_sigma"": 0.001}",W,True,complete,True,1.0,1.0,1.0,16.5,3,3,0,0,0,0,0,0,1.0,1.0,B.orientation,0.005529997545133093,0.017453292519943295,rad,0.3168455200538322,,,,,,AL90/CLEAN-S/SAME/0,0.0
AL90/N-G-L/SAME/5519,AL90,N-G-L,S,SAME,5519,"{""gyro_sigma"": 0.001}",W,True,complete,True,1.0,1.0,1.0,16.5,3,3,0,0,0,0,0,0,1.0,1.0,B.orientation,0.005425324507426195,0.017453292519943295,rad,0.3108481967644132,,,,,,AL90/CLEAN-S/SAME/0,0.0
AL90/N-G-X/A/1103,AL90,N-G-X,S,A,1103,"{""gyro_sigma"": 0.05}",stress,True,stress_completed,False,1.0,1.0,1.0,16.5,3,3,0,0,0,0,0,0,1.0,1.0,AL90:rep-1.hold_duration_s,1.0,0.2,s,5.0,A.orientation;A.initialization;interval_speed;AL90:rep-1.return_duration_s;AL90:rep-1.hold_duration_s;AL90:rep-1.rep_speed_max_rads;AL90:rep-1.elevation_speed_max_rads;AL90:rep-1.return_speed_mean_rads;AL90:rep-1.return_speed_max_rads;AL90:rep-1.hold_speed_mean_rads;AL90:rep-1.hold_speed_max_rads;AL90:rep-2.elevation_duration_s;AL90:rep-2.return_duration_s;AL90:rep-2.hold_duration_s;AL90:rep-2.elevation_speed_mean_rads;AL90:rep-2.return_speed_mean_rads;AL90:rep-2.return_speed_max_rads;AL90:rep-2.hold_speed_mean_rads;AL90:rep-2.hold_speed_max_rads;AL90:rep-3.return_duration_s;AL90:rep-3.hold_duration_s;AL90:rep-3.rep_speed_max_rads;AL90:rep-3.elevation_speed_max_rads;AL90:rep-3.return_speed_mean_rads;AL90:rep-3.return_speed_max_rads;AL90:rep-3.hold_speed_mean_rads;AL90:rep-3.hold_speed_max_rads;summary.elevation_duration_s.maximum;summary.return_duration_s.mean;summary.return_duration_s.maximum;summary.hold_duration_s.mean;summary.hold_duration_s.maximum;summary.rep_speed_max_rads.mean;summary.rep_speed_max_rads.maximum;summary.elevation_speed_max_rads.mean;summary.elevation_speed_max_rads.maximum;summary.return_speed_mean_rads.mean;summary.return_speed_mean_rads.maximum;summary.return_speed_max_rads.mean;summary.return_speed_max_rads.maximum;summary.hold_speed_mean_rads.support;summary.hold_speed_max_rads.support,,,,,AL90/CLEAN-S/SAME/0,0.0
AL90/N-G-X/A/2207,AL90,N-G-X,S,A,2207,"{""gyro_sigma"": 0.05}",stress,True,stress_completed,False,1.0,1.0,1.0,16.5,3,3,0,0,0,0,0,0,1.0,1.0,AL90:rep-1.hold_duration_s,1.0,0.2,s,5.0,A.orientation;interval_speed;AL90:rep-1.elevation_duration_s;AL90:rep-1.return_duration_s;AL90:rep-1.hold_duration_s;AL90:rep-1.rep_speed_max_rads;AL90:rep-1.elevation_speed_mean_rads;AL90:rep-1.elevation_speed_max_rads;AL90:rep-1.return_speed_mean_rads;AL90:rep-1.return_speed_max_rads;AL90:rep-1.hold_speed_mean_rads;AL90:rep-1.hold_speed_max_rads;AL90:rep-2.elevation_duration_s;AL90:rep-2.hold_duration_s;AL90:rep-2.rep_speed_max_rads;AL90:rep-2.elevation_speed_mean_rads;AL90:rep-2.elevation_speed_max_rads;AL90:rep-2.return_speed_max_rads;AL90:rep-2.hold_speed_mean_rads;AL90:rep-2.hold_speed_max_rads;AL90:rep-3.return_duration_s;AL90:rep-3.hold_duration_s;AL90:rep-3.rep_speed_max_rads;AL90:rep-3.elevation_speed_max_rads;AL90:rep-3.return_speed_mean_rads;AL90:rep-3.return_speed_max_rads;AL90:rep-3.hold_speed_mean_rads;AL90:rep-3.hold_speed_max_rads;summary.elevation_duration_s.mean;summary.elevation_duration_s.maximum;summary.return_duration_s.mean;summary.return_duration_s.maximum;summary.hold_duration_s.mean;summary.hold_duration_s.maximum;summary.rep_speed_max_rads.mean;summary.rep_speed_max_rads.maximum;summary.elevation_speed_mean_rads.mean;summary.elevation_speed_max_rads.mean;summary.elevation_speed_max_rads.maximum;summary.return_speed_mean_rads.mean;summary.return_speed_max_rads.mean;summary.return_speed_max_rads.maximum;summary.hold_speed_mean_rads.support;summary.hold_speed_max_rads.support,,,,,AL90/CLEAN-S/SAME/0,0.0
AL90/N-G-X/A/3301,AL90,N-G-X,S,A,3301,"{""gyro_sigma"": 0.05}",stress,True,stress_completed,False,1.0,1.0,1.0,16.5,3,3,0,0,0,0,0,0,1.0,1.0,AL90:rep-1.hold_duration_s,1.0,0.2,s,5.0,A.orientation;interval_speed;AL90:rep-1.return_duration_s;AL90:rep-1.hold_duration_s;AL90:rep-1.rep_speed_max_rads;AL90:rep-1.elevation_speed_max_rads;AL90:rep-1.return_speed_mean_rads;AL90:rep-1.return_speed_max_rads;AL90:rep-1.hold_speed_mean_rads;AL90:rep-1.hold_speed_max_rads;AL90:rep-2.elevation_duration_s;AL90:rep-2.return_duration_s;AL90:rep-2.hold_duration_s;AL90:rep-2.rep_speed_max_rads;AL90:rep-2.elevation_speed_mean_rads;AL90:rep-2.elevation_speed_max_rads;AL90:rep-2.return_speed_mean_rads;AL90:rep-2.return_speed_max_rads;AL90:rep-2.hold_speed_mean_rads;AL90:rep-2.hold_speed_max_rads;AL90:rep-3.return_duration_s;AL90:rep-3.hold_duration_s;AL90:rep-3.rep_speed_max_rads;AL90:rep-3.elevation_speed_max_rads;AL90:rep-3.return_speed_mean_rads;AL90:rep-3.return_speed_max_rads;AL90:rep-3.hold_speed_mean_rads;AL90:rep-3.hold_speed_max_rads;summary.elevation_duration_s.maximum;summary.return_duration_s.mean;summary.return_duration_s.maximum;summary.hold_duration_s.mean;summary.hold_duration_s.maximum;summary.rep_speed_max_rads.mean;summary.rep_speed_max_rads.maximum;summary.elevation_speed_max_rads.mean;summary.elevation_speed_max_rads.maximum;summary.return_speed_mean_rads.mean;summary.return_speed_mean_rads.maximum;summary.return_speed_max_rads.mean;summary.return_speed_max_rads.maximum;summary.hold_speed_mean_rads.support;summary.hold_speed_max_rads.support,,,,,AL90/CLEAN-S/SAME/0,0.0
AL90/N-G-X/A/4409,AL90,N-G-X,S,A,4409,"{""gyro_sigma"": 0.05}",stress,True,stress_completed,False,1.0,1.0,1.0,16.5,3,3,0,0,0,0,0,0,1.0,1.0,AL90:rep-1.hold_duration_s,1.0,0.2,s,5.0,interval_speed;AL90:rep-1.elevation_duration_s;AL90:rep-1.return_duration_s;AL90:rep-1.hold_duration_s;AL90:rep-1.rep_speed_max_rads;AL90:rep-1.elevation_speed_mean_rads;AL90:rep-1.elevation_speed_max_rads;AL90:rep-1.return_speed_mean_rads;AL90:rep-1.return_speed_max_rads;AL90:rep-1.hold_speed_mean_rads;AL90:rep-1.hold_speed_max_rads;AL90:rep-2.elevation_duration_s;AL90:rep-2.return_duration_s;AL90:rep-2.hold_duration_s;AL90:rep-2.rep_speed_max_rads;AL90:rep-2.elevation_speed_mean_rads;AL90:rep-2.elevation_speed_max_rads;AL90:rep-2.return_speed_mean_rads;AL90:rep-2.return_speed_max_rads;AL90:rep-2.hold_speed_mean_rads;AL90:rep-2.hold_speed_max_rads;AL90:rep-3.return_duration_s;AL90:rep-3.hold_duration_s;AL90:rep-3.rep_speed_max_rads;AL90:rep-3.elevation_speed_max_rads;AL90:rep-3.return_speed_mean_rads;AL90:rep-3.return_speed_max_rads;AL90:rep-3.hold_speed_mean_rads;AL90:rep-3.hold_speed_max_rads;summary.elevation_duration_s.mean;summary.elevation_duration_s.maximum;summary.return_duration_s.mean;summary.return_duration_s.maximum;summary.hold_duration_s.mean;summary.hold_duration_s.maximum;summary.rep_speed_max_rads.mean;summary.rep_speed_max_rads.maximum;summary.elevation_speed_mean_rads.mean;summary.elevation_speed_max_rads.mean;summary.elevation_speed_max_rads.maximum;summary.return_speed_mean_rads.mean;summary.return_speed_mean_rads.maximum;summary.return_speed_max_rads.mean;summary.return_speed_max_rads.maximum;summary.hold_speed_mean_rads.support;summary.hold_speed_max_rads.support,,,,,AL90/CLEAN-S/SAME/0,0.0
AL90/N-G-X/A/5519,AL90,N-G-X,S,A,5519,"{""gyro_sigma"": 0.05}",stress,True,stress_completed,False,1.0,1.0,1.0,16.5,3,3,0,0,0,0,0,0,1.0,1.0,AL90:rep-1.elevation_duration_s,1.01,0.2,s,5.05,A.orientation;interval_speed;AL90:rep-1.elevation_duration_s;AL90:rep-1.hold_duration_s;AL90:rep-1.rep_speed_max_rads;AL90:rep-1.elevation_speed_mean_rads;AL90:rep-1.elevation_speed_max_rads;AL90:rep-1.return_speed_max_rads;AL90:rep-1.hold_speed_mean_rads;AL90:rep-1.hold_speed_max_rads;AL90:rep-2.return_duration_s;AL90:rep-2.hold_duration_s;AL90:rep-2.rep_speed_max_rads;AL90:rep-2.elevation_speed_max_rads;AL90:rep-2.return_speed_mean_rads;AL90:rep-2.return_speed_max_rads;AL90:rep-2.hold_speed_mean_rads;AL90:rep-2.hold_speed_max_rads;AL90:rep-3.return_duration_s;AL90:rep-3.hold_duration_s;AL90:rep-3.rep_speed_max_rads;AL90:rep-3.elevation_speed_max_rads;AL90:rep-3.return_speed_mean_rads;AL90:rep-3.return_speed_max_rads;AL90:rep-3.hold_speed_mean_rads;AL90:rep-3.hold_speed_max_rads;summary.elevation_duration_s.mean;summary.elevation_duration_s.maximum;summary.return_duration_s.mean;summary.return_duration_s.maximum;summary.hold_duration_s.mean;summary.hold_duration_s.maximum;summary.rep_speed_max_rads.mean;summary.rep_speed_max_rads.maximum;summary.elevation_speed_mean_rads.mean;summary.elevation_speed_max_rads.mean;summary.elevation_speed_max_rads.maximum;summary.return_speed_mean_rads.mean;summary.return_speed_max_rads.mean;summary.return_speed_max_rads.maximum;summary.hold_speed_mean_rads.support;summary.hold_speed_max_rads.support,,,,,AL90/CLEAN-S/SAME/0,0.0
AL90/N-G-X/B/1103,AL90,N-G-X,S,B,1103,"{""gyro_sigma"": 0.05}",stress,True,stress_completed,False,1.0,1.0,1.0,16.5,3,3,0,0,0,0,0,0,1.0,1.0,AL90:rep-1.hold_duration_s,1.0,0.2,s,5.0,B.orientation;B.initialization;interval_speed;AL90:rep-1.return_duration_s;AL90:rep-1.hold_duration_s;AL90:rep-1.rep_speed_max_rads;AL90:rep-1.elevation_speed_max_rads;AL90:rep-1.return_speed_mean_rads;AL90:rep-1.return_speed_max_rads;AL90:rep-1.hold_speed_mean_rads;AL90:rep-1.hold_speed_max_rads;AL90:rep-2.elevation_duration_s;AL90:rep-2.return_duration_s;AL90:rep-2.hold_duration_s;AL90:rep-2.rep_speed_max_rads;AL90:rep-2.elevation_speed_mean_rads;AL90:rep-2.elevation_speed_max_rads;AL90:rep-2.return_speed_mean_rads;AL90:rep-2.return_speed_max_rads;AL90:rep-2.hold_speed_mean_rads;AL90:rep-2.hold_speed_max_rads;AL90:rep-3.return_duration_s;AL90:rep-3.hold_duration_s;AL90:rep-3.rep_speed_max_rads;AL90:rep-3.elevation_speed_max_rads;AL90:rep-3.return_speed_mean_rads;AL90:rep-3.return_speed_max_rads;AL90:rep-3.hold_speed_mean_rads;AL90:rep-3.hold_speed_max_rads;summary.elevation_duration_s.maximum;summary.return_duration_s.mean;summary.return_duration_s.maximum;summary.hold_duration_s.mean;summary.hold_duration_s.maximum;summary.rep_speed_max_rads.mean;summary.rep_speed_max_rads.maximum;summary.elevation_speed_max_rads.mean;summary.elevation_speed_max_rads.maximum;summary.return_speed_mean_rads.mean;summary.return_speed_mean_rads.maximum;summary.return_speed_max_rads.mean;summary.return_speed_max_rads.maximum;summary.hold_speed_mean_rads.support;summary.hold_speed_max_rads.support,,,,,AL90/CLEAN-S/SAME/0,0.0
AL90/N-G-X/B/2207,AL90,N-G-X,S,B,2207,"{""gyro_sigma"": 0.05}",stress,True,stress_completed,False,1.0,1.0,1.0,16.5,3,3,0,0,0,0,0,0,1.0,1.0,AL90:rep-1.hold_duration_s,1.0,0.2,s,5.0,B.orientation;interval_speed;AL90:rep-1.elevation_duration_s;AL90:rep-1.return_duration_s;AL90:rep-1.hold_duration_s;AL90:rep-1.rep_speed_max_rads;AL90:rep-1.elevation_speed_mean_rads;AL90:rep-1.elevation_speed_max_rads;AL90:rep-1.return_speed_max_rads;AL90:rep-1.hold_speed_mean_rads;AL90:rep-1.hold_speed_max_rads;AL90:rep-2.elevation_duration_s;AL90:rep-2.hold_duration_s;AL90:rep-2.rep_speed_max_rads;AL90:rep-2.elevation_speed_mean_rads;AL90:rep-2.elevation_speed_max_rads;AL90:rep-2.return_speed_max_rads;AL90:rep-2.hold_speed_mean_rads;AL90:rep-2.hold_speed_max_rads;AL90:rep-3.elevation_duration_s;AL90:rep-3.return_duration_s;AL90:rep-3.hold_duration_s;AL90:rep-3.rep_speed_max_rads;AL90:rep-3.elevation_speed_mean_rads;AL90:rep-3.elevation_speed_max_rads;AL90:rep-3.return_speed_mean_rads;AL90:rep-3.return_speed_max_rads;AL90:rep-3.hold_speed_mean_rads;AL90:rep-3.hold_speed_max_rads;summary.elevation_duration_s.mean;summary.elevation_duration_s.maximum;summary.return_duration_s.mean;summary.return_duration_s.maximum;summary.hold_duration_s.mean;summary.hold_duration_s.maximum;summary.rep_speed_max_rads.mean;summary.rep_speed_max_rads.maximum;summary.elevation_speed_mean_rads.mean;summary.elevation_speed_mean_rads.maximum;summary.elevation_speed_max_rads.mean;summary.elevation_speed_max_rads.maximum;summary.return_speed_max_rads.mean;summary.return_speed_max_rads.maximum;summary.hold_speed_mean_rads.support;summary.hold_speed_max_rads.support,,,,,AL90/CLEAN-S/SAME/0,0.0
AL90/N-G-X/B/3301,AL90,N-G-X,S,B,3301,"{""gyro_sigma"": 0.05}",stress,True,stress_completed,False,1.0,1.0,1.0,16.5,3,3,0,0,0,0,0,0,1.0,1.0,AL90:rep-1.hold_duration_s,1.0,0.2,s,5.0,B.orientation;interval_speed;AL90:rep-1.elevation_duration_s;AL90:rep-1.return_duration_s;AL90:rep-1.hold_duration_s;AL90:rep-1.elevation_speed_mean_rads;AL90:rep-1.return_speed_mean_rads;AL90:rep-1.return_speed_max_rads;AL90:rep-1.hold_speed_mean_rads;AL90:rep-1.hold_speed_max_rads;AL90:rep-2.return_duration_s;AL90:rep-2.hold_duration_s;AL90:rep-2.rep_speed_max_rads;AL90:rep-2.elevation_speed_max_rads;AL90:rep-2.return_speed_mean_rads;AL90:rep-2.return_speed_max_rads;AL90:rep-2.hold_speed_mean_rads;AL90:rep-2.hold_speed_max_rads;AL90:rep-3.return_duration_s;AL90:rep-3.hold_duration_s;AL90:rep-3.rep_speed_max_rads;AL90:rep-3.elevation_speed_max_rads;AL90:rep-3.return_speed_mean_rads;AL90:rep-3.return_speed_max_rads;AL90:rep-3.hold_speed_mean_rads;AL90:rep-3.hold_speed_max_rads;summary.elevation_duration_s.maximum;summary.return_duration_s.mean;summary.return_duration_s.maximum;summary.hold_duration_s.mean;summary.hold_duration_s.maximum;summary.rep_speed_max_rads.mean;summary.rep_speed_max_rads.maximum;summary.elevation_speed_mean_rads.mean;summary.elevation_speed_max_rads.mean;summary.elevation_speed_max_rads.maximum;summary.return_speed_mean_rads.mean;summary.return_speed_mean_rads.maximum;summary.return_speed_max_rads.mean;summary.return_speed_max_rads.maximum;summary.hold_speed_mean_rads.support;summary.hold_speed_max_rads.support,,,,,AL90/CLEAN-S/SAME/0,0.0
AL90/N-G-X/B/4409,AL90,N-G-X,S,B,4409,"{""gyro_sigma"": 0.05}",stress,True,stress_completed,False,1.0,1.0,1.0,16.5,3,3,0,0,0,0,0,0,1.0,1.0,AL90:rep-1.hold_duration_s,1.0,0.2,s,5.0,B.orientation;interval_speed;AL90:rep-1.return_duration_s;AL90:rep-1.hold_duration_s;AL90:rep-1.rep_speed_max_rads;AL90:rep-1.elevation_speed_max_rads;AL90:rep-1.return_speed_mean_rads;AL90:rep-1.return_speed_max_rads;AL90:rep-1.hold_speed_mean_rads;AL90:rep-1.hold_speed_max_rads;AL90:rep-2.elevation_duration_s;AL90:rep-2.return_duration_s;AL90:rep-2.hold_duration_s;AL90:rep-2.rep_speed_max_rads;AL90:rep-2.elevation_speed_mean_rads;AL90:rep-2.elevation_speed_max_rads;AL90:rep-2.return_speed_mean_rads;AL90:rep-2.hold_speed_mean_rads;AL90:rep-2.hold_speed_max_rads;AL90:rep-3.elevation_duration_s;AL90:rep-3.hold_duration_s;AL90:rep-3.rep_speed_max_rads;AL90:rep-3.elevation_speed_mean_rads;AL90:rep-3.elevation_speed_max_rads;AL90:rep-3.return_speed_max_rads;AL90:rep-3.hold_speed_mean_rads;AL90:rep-3.hold_speed_max_rads;summary.elevation_duration_s.mean;summary.elevation_duration_s.maximum;summary.return_duration_s.mean;summary.return_duration_s.maximum;summary.hold_duration_s.mean;summary.hold_duration_s.maximum;summary.rep_speed_max_rads.mean;summary.rep_speed_max_rads.maximum;summary.elevation_speed_mean_rads.mean;summary.elevation_speed_max_rads.mean;summary.elevation_speed_max_rads.maximum;summary.return_speed_mean_rads.mean;summary.return_speed_max_rads.mean;summary.return_speed_max_rads.maximum;summary.hold_speed_mean_rads.support;summary.hold_speed_max_rads.support,,,,,AL90/CLEAN-S/SAME/0,0.0
AL90/N-G-X/B/5519,AL90,N-G-X,S,B,5519,"{""gyro_sigma"": 0.05}",stress,True,stress_completed,False,1.0,1.0,1.0,16.5,3,3,0,0,0,0,0,0,1.0,1.0,AL90:rep-1.hold_duration_s,1.0,0.2,s,5.0,B.orientation;interval_speed;AL90:rep-1.return_duration_s;AL90:rep-1.hold_duration_s;AL90:rep-1.rep_speed_max_rads;AL90:rep-1.elevation_speed_max_rads;AL90:rep-1.return_speed_mean_rads;AL90:rep-1.return_speed_max_rads;AL90:rep-1.hold_speed_mean_rads;AL90:rep-1.hold_speed_max_rads;AL90:rep-2.elevation_duration_s;AL90:rep-2.return_duration_s;AL90:rep-2.hold_duration_s;AL90:rep-2.rep_speed_max_rads;AL90:rep-2.elevation_speed_mean_rads;AL90:rep-2.elevation_speed_max_rads;AL90:rep-2.return_speed_mean_rads;AL90:rep-2.return_speed_max_rads;AL90:rep-2.hold_speed_mean_rads;AL90:rep-2.hold_speed_max_rads;AL90:rep-3.elevation_duration_s;AL90:rep-3.return_duration_s;AL90:rep-3.hold_duration_s;AL90:rep-3.rep_speed_max_rads;AL90:rep-3.elevation_speed_mean_rads;AL90:rep-3.elevation_speed_max_rads;AL90:rep-3.return_speed_mean_rads;AL90:rep-3.return_speed_max_rads;AL90:rep-3.hold_speed_mean_rads;AL90:rep-3.hold_speed_max_rads;summary.elevation_duration_s.mean;summary.elevation_duration_s.maximum;summary.return_duration_s.mean;summary.return_duration_s.maximum;summary.hold_duration_s.mean;summary.hold_duration_s.maximum;summary.rep_speed_max_rads.mean;summary.rep_speed_max_rads.maximum;summary.elevation_speed_mean_rads.mean;summary.elevation_speed_max_rads.mean;summary.elevation_speed_max_rads.maximum;summary.return_speed_mean_rads.mean;summary.return_speed_mean_rads.maximum;summary.return_speed_max_rads.mean;summary.return_speed_max_rads.maximum;summary.hold_speed_mean_rads.support;summary.hold_speed_max_rads.support,,,,,AL90/CLEAN-S/SAME/0,0.0
AL90/N-G-X/SAME/1103,AL90,N-G-X,S,SAME,1103,"{""gyro_sigma"": 0.05}",stress,True,stress_completed,False,1.0,1.0,1.0,16.5,3,3,0,0,0,0,0,0,1.0,1.0,AL90:rep-1.hold_duration_s,1.0,0.2,s,5.0,A.orientation;A.initialization;B.orientation;B.initialization;interval_speed;AL90:rep-1.return_duration_s;AL90:rep-1.hold_duration_s;AL90:rep-1.rep_speed_max_rads;AL90:rep-1.elevation_speed_max_rads;AL90:rep-1.return_speed_mean_rads;AL90:rep-1.return_speed_max_rads;AL90:rep-1.hold_speed_mean_rads;AL90:rep-1.hold_speed_max_rads;AL90:rep-2.elevation_duration_s;AL90:rep-2.return_duration_s;AL90:rep-2.hold_duration_s;AL90:rep-2.rep_speed_max_rads;AL90:rep-2.elevation_speed_mean_rads;AL90:rep-2.elevation_speed_max_rads;AL90:rep-2.return_speed_mean_rads;AL90:rep-2.return_speed_max_rads;AL90:rep-2.hold_speed_mean_rads;AL90:rep-2.hold_speed_max_rads;AL90:rep-3.return_duration_s;AL90:rep-3.hold_duration_s;AL90:rep-3.rep_speed_max_rads;AL90:rep-3.elevation_speed_max_rads;AL90:rep-3.return_speed_mean_rads;AL90:rep-3.return_speed_max_rads;AL90:rep-3.hold_speed_mean_rads;AL90:rep-3.hold_speed_max_rads;summary.elevation_duration_s.maximum;summary.return_duration_s.mean;summary.return_duration_s.maximum;summary.hold_duration_s.mean;summary.hold_duration_s.maximum;summary.rep_speed_max_rads.mean;summary.rep_speed_max_rads.maximum;summary.elevation_speed_max_rads.mean;summary.elevation_speed_max_rads.maximum;summary.return_speed_mean_rads.mean;summary.return_speed_mean_rads.maximum;summary.return_speed_max_rads.mean;summary.return_speed_max_rads.maximum;summary.hold_speed_mean_rads.support;summary.hold_speed_max_rads.support,,,,,AL90/CLEAN-S/SAME/0,0.0
AL90/N-G-X/SAME/2207,AL90,N-G-X,S,SAME,2207,"{""gyro_sigma"": 0.05}",stress,True,stress_completed,False,1.0,1.0,1.0,16.5,3,3,0,0,0,0,0,0,1.0,1.0,AL90:rep-1.hold_duration_s,1.0,0.2,s,5.0,A.orientation;B.orientation;interval_speed;AL90:rep-1.elevation_duration_s;AL90:rep-1.return_duration_s;AL90:rep-1.hold_duration_s;AL90:rep-1.rep_speed_max_rads;AL90:rep-1.elevation_speed_mean_rads;AL90:rep-1.elevation_speed_max_rads;AL90:rep-1.return_speed_max_rads;AL90:rep-1.hold_speed_mean_rads;AL90:rep-1.hold_speed_max_rads;AL90:rep-2.elevation_duration_s;AL90:rep-2.hold_duration_s;AL90:rep-2.rep_speed_max_rads;AL90:rep-2.elevation_speed_mean_rads;AL90:rep-2.elevation_speed_max_rads;AL90:rep-2.return_speed_max_rads;AL90:rep-2.hold_speed_mean_rads;AL90:rep-2.hold_speed_max_rads;AL90:rep-3.return_duration_s;AL90:rep-3.hold_duration_s;AL90:rep-3.rep_speed_max_rads;AL90:rep-3.elevation_speed_max_rads;AL90:rep-3.return_speed_mean_rads;AL90:rep-3.return_speed_max_rads;AL90:rep-3.hold_speed_mean_rads;AL90:rep-3.hold_speed_max_rads;summary.elevation_duration_s.mean;summary.elevation_duration_s.maximum;summary.return_duration_s.mean;summary.return_duration_s.maximum;summary.hold_duration_s.mean;summary.hold_duration_s.maximum;summary.rep_speed_max_rads.mean;summary.rep_speed_max_rads.maximum;summary.elevation_speed_mean_rads.mean;summary.elevation_speed_max_rads.mean;summary.elevation_speed_max_rads.maximum;summary.return_speed_mean_rads.mean;summary.return_speed_max_rads.mean;summary.return_speed_max_rads.maximum;summary.hold_speed_mean_rads.support;summary.hold_speed_max_rads.support,,,,,AL90/CLEAN-S/SAME/0,0.0
AL90/N-G-X/SAME/3301,AL90,N-G-X,S,SAME,3301,"{""gyro_sigma"": 0.05}",stress,True,stress_completed,False,1.0,1.0,1.0,16.5,3,3,0,0,0,0,0,0,1.0,1.0,AL90:rep-1.hold_duration_s,1.0,0.2,s,5.0,A.orientation;B.orientation;interval_speed;AL90:rep-1.elevation_duration_s;AL90:rep-1.return_duration_s;AL90:rep-1.hold_duration_s;AL90:rep-1.rep_speed_max_rads;AL90:rep-1.elevation_speed_mean_rads;AL90:rep-1.elevation_speed_max_rads;AL90:rep-1.return_speed_mean_rads;AL90:rep-1.return_speed_max_rads;AL90:rep-1.hold_speed_mean_rads;AL90:rep-1.hold_speed_max_rads;AL90:rep-2.return_duration_s;AL90:rep-2.hold_duration_s;AL90:rep-2.rep_speed_max_rads;AL90:rep-2.elevation_speed_max_rads;AL90:rep-2.return_speed_mean_rads;AL90:rep-2.return_speed_max_rads;AL90:rep-2.hold_speed_mean_rads;AL90:rep-2.hold_speed_max_rads;AL90:rep-3.return_duration_s;AL90:rep-3.hold_duration_s;AL90:rep-3.rep_speed_max_rads;AL90:rep-3.elevation_speed_max_rads;AL90:rep-3.return_speed_mean_rads;AL90:rep-3.return_speed_max_rads;AL90:rep-3.hold_speed_mean_rads;AL90:rep-3.hold_speed_max_rads;summary.elevation_duration_s.maximum;summary.return_duration_s.mean;summary.return_duration_s.maximum;summary.hold_duration_s.mean;summary.hold_duration_s.maximum;summary.rep_speed_max_rads.mean;summary.rep_speed_max_rads.maximum;summary.elevation_speed_max_rads.mean;summary.elevation_speed_max_rads.maximum;summary.return_speed_mean_rads.mean;summary.return_speed_mean_rads.maximum;summary.return_speed_max_rads.mean;summary.return_speed_max_rads.maximum;summary.hold_speed_mean_rads.support;summary.hold_speed_max_rads.support,,,,,AL90/CLEAN-S/SAME/0,0.0
AL90/N-G-X/SAME/4409,AL90,N-G-X,S,SAME,4409,"{""gyro_sigma"": 0.05}",stress,True,stress_completed,False,1.0,1.0,1.0,16.5,3,3,0,0,0,0,0,0,1.0,1.0,AL90:rep-1.hold_duration_s,1.0,0.2,s,5.0,B.orientation;interval_speed;AL90:rep-1.return_duration_s;AL90:rep-1.hold_duration_s;AL90:rep-1.rep_speed_max_rads;AL90:rep-1.elevation_speed_max_rads;AL90:rep-1.return_speed_mean_rads;AL90:rep-1.return_speed_max_rads;AL90:rep-1.hold_speed_mean_rads;AL90:rep-1.hold_speed_max_rads;AL90:rep-2.elevation_duration_s;AL90:rep-2.return_duration_s;AL90:rep-2.hold_duration_s;AL90:rep-2.rep_speed_max_rads;AL90:rep-2.elevation_speed_mean_rads;AL90:rep-2.elevation_speed_max_rads;AL90:rep-2.return_speed_mean_rads;AL90:rep-2.return_speed_max_rads;AL90:rep-2.hold_speed_mean_rads;AL90:rep-2.hold_speed_max_rads;AL90:rep-3.elevation_duration_s;AL90:rep-3.hold_duration_s;AL90:rep-3.rep_speed_max_rads;AL90:rep-3.elevation_speed_mean_rads;AL90:rep-3.elevation_speed_max_rads;AL90:rep-3.return_speed_max_rads;AL90:rep-3.hold_speed_mean_rads;AL90:rep-3.hold_speed_max_rads;summary.elevation_duration_s.mean;summary.elevation_duration_s.maximum;summary.return_duration_s.mean;summary.return_duration_s.maximum;summary.hold_duration_s.mean;summary.hold_duration_s.maximum;summary.rep_speed_max_rads.mean;summary.rep_speed_max_rads.maximum;summary.elevation_speed_mean_rads.mean;summary.elevation_speed_max_rads.mean;summary.elevation_speed_max_rads.maximum;summary.return_speed_mean_rads.mean;summary.return_speed_max_rads.mean;summary.return_speed_max_rads.maximum;summary.hold_speed_mean_rads.support;summary.hold_speed_max_rads.support,,,,,AL90/CLEAN-S/SAME/0,0.0
AL90/N-G-X/SAME/5519,AL90,N-G-X,S,SAME,5519,"{""gyro_sigma"": 0.05}",stress,True,stress_completed,False,1.0,1.0,1.0,16.5,3,3,0,0,0,0,0,0,1.0,1.0,AL90:rep-1.elevation_duration_s,1.0000000000000002,0.2,s,5.000000000000001,A.orientation;B.orientation;interval_speed;AL90:rep-1.elevation_duration_s;AL90:rep-1.hold_duration_s;AL90:rep-1.rep_speed_max_rads;AL90:rep-1.elevation_speed_mean_rads;AL90:rep-1.elevation_speed_max_rads;AL90:rep-1.return_speed_max_rads;AL90:rep-1.hold_speed_mean_rads;AL90:rep-1.hold_speed_max_rads;AL90:rep-2.return_duration_s;AL90:rep-2.hold_duration_s;AL90:rep-2.rep_speed_max_rads;AL90:rep-2.elevation_speed_max_rads;AL90:rep-2.return_speed_mean_rads;AL90:rep-2.return_speed_max_rads;AL90:rep-2.hold_speed_mean_rads;AL90:rep-2.hold_speed_max_rads;AL90:rep-3.elevation_duration_s;AL90:rep-3.return_duration_s;AL90:rep-3.hold_duration_s;AL90:rep-3.rep_speed_max_rads;AL90:rep-3.elevation_speed_mean_rads;AL90:rep-3.elevation_speed_max_rads;AL90:rep-3.return_speed_mean_rads;AL90:rep-3.return_speed_max_rads;AL90:rep-3.hold_speed_mean_rads;AL90:rep-3.hold_speed_max_rads;summary.elevation_duration_s.mean;summary.elevation_duration_s.maximum;summary.return_duration_s.mean;summary.return_duration_s.maximum;summary.hold_duration_s.mean;summary.hold_duration_s.maximum;summary.rep_speed_max_rads.mean;summary.rep_speed_max_rads.maximum;summary.elevation_speed_mean_rads.mean;summary.elevation_speed_max_rads.mean;summary.elevation_speed_max_rads.maximum;summary.return_speed_mean_rads.mean;summary.return_speed_max_rads.mean;summary.return_speed_max_rads.maximum;summary.hold_speed_mean_rads.support;summary.hold_speed_max_rads.support,,,,,AL90/CLEAN-S/SAME/0,0.0
AR90/B-C-H/A/0,AR90,B-C-H,S,A,0,"{""bias_rads"": 0.00034906585039886593}",W,True,complete,True,1.0,1.0,1.0,16.5,3,3,0,0,0,0,0,0,1.0,1.0,B.orientation,0.005523926426501909,0.017453292519943295,rad,0.3164976705793421,,,,,,AR90/CLEAN-S/SAME/0,0.0
AR90/B-C-H/B/0,AR90,B-C-H,S,B,0,"{""bias_rads"": 0.00034906585039886593}",W,True,complete,True,1.0,1.0,1.0,16.5,3,3,0,0,0,0,0,0,1.0,1.0,B.orientation,0.005558230672362963,0.017453292519943295,rad,0.31846315908655964,,,,,,AR90/CLEAN-S/SAME/0,0.0
AR90/B-C-H/SAME/0,AR90,B-C-H,S,SAME,0,"{""bias_rads"": 0.00034906585039886593}",W,True,complete,True,1.0,1.0,1.0,16.5,3,3,0,0,0,0,0,0,1.0,1.0,B.orientation,0.005558230672362963,0.017453292519943295,rad,0.31846315908655964,,,,,,AR90/CLEAN-S/SAME/0,0.0
AR90/B-C-H/DIFF/0,AR90,B-C-H,S,DIFF,0,"{""bias_rads"": 0.00034906585039886593}",W,True,complete,True,1.0,1.0,1.0,16.5,3,3,0,0,0,0,0,0,1.0,1.0,B.orientation,0.005558262190842216,0.017453292519943295,rad,0.3184649649623975,,,,,,AR90/CLEAN-S/SAME/0,0.0
AR90/B-C-L/A/0,AR90,B-C-L,S,A,0,"{""bias_rads"": 3.490658503988659e-05}",W,True,complete,True,1.0,1.0,1.0,16.5,3,3,0,0,0,0,0,0,1.0,1.0,B.orientation,0.005523926426501909,0.017453292519943295,rad,0.3164976705793421,,,,,,AR90/CLEAN-S/SAME/0,0.0
AR90/B-C-L/B/0,AR90,B-C-L,S,B,0,"{""bias_rads"": 3.490658503988659e-05}",W,True,complete,True,1.0,1.0,1.0,16.5,3,3,0,0,0,0,0,0,1.0,1.0,B.orientation,0.0055244867772861455,0.017453292519943295,rad,0.3165297763143257,,,,,,AR90/CLEAN-S/SAME/0,0.0
AR90/B-C-L/SAME/0,AR90,B-C-L,S,SAME,0,"{""bias_rads"": 3.490658503988659e-05}",W,True,complete,True,1.0,1.0,1.0,16.5,3,3,0,0,0,0,0,0,1.0,1.0,B.orientation,0.0055244867772861455,0.017453292519943295,rad,0.3165297763143257,,,,,,AR90/CLEAN-S/SAME/0,0.0
AR90/B-C-L/DIFF/0,AR90,B-C-L,S,DIFF,0,"{""bias_rads"": 3.490658503988659e-05}",W,True,complete,True,1.0,1.0,1.0,16.5,3,3,0,0,0,0,0,0,1.0,1.0,B.orientation,0.005524369226906208,0.017453292519943295,rad,0.31652304117367513,,,,,,AR90/CLEAN-S/SAME/0,0.0
AR90/B-C-X/A/0,AR90,B-C-X,S,A,0,"{""bias_rads"": 0.017453292519943295}",stress,True,stress_completed,False,1.0,1.0,1.0,16.5,3,3,0,0,0,0,0,0,1.0,1.0,A.orientation,0.03491293134363569,0.017453292519943295,rad,2.0003636164203313,A.orientation;A.initialization,,,,,AR90/CLEAN-S/SAME/0,0.0
AR90/B-C-X/B/0,AR90,B-C-X,S,B,0,"{""bias_rads"": 0.017453292519943295}",stress,True,stress_completed,False,1.0,1.0,1.0,16.5,3,3,0,0,0,0,0,0,1.0,1.0,B.orientation,0.17100848523063972,0.017453292519943295,rad,9.798064464640929,B.orientation;B.initialization,,,,,AR90/CLEAN-S/SAME/0,0.0
AR90/B-C-X/SAME/0,AR90,B-C-X,S,SAME,0,"{""bias_rads"": 0.017453292519943295}",stress,True,stress_completed,False,1.0,1.0,1.0,16.5,3,3,0,0,0,0,0,0,1.0,1.0,B.orientation,0.17100848523063972,0.017453292519943295,rad,9.798064464640929,A.orientation;A.initialization;B.orientation;B.initialization,,,,,AR90/CLEAN-S/SAME/0,0.0
AR90/B-C-X/DIFF/0,AR90,B-C-X,S,DIFF,0,"{""bias_rads"": 0.017453292519943295}",stress,True,stress_completed,False,1.0,1.0,1.0,16.5,3,3,0,0,0,0,0,0,1.0,1.0,B.orientation,0.1710072244122904,0.017453292519943295,rad,9.79799222507078,A.orientation;A.initialization;B.orientation;B.initialization;elevation,,,,,AR90/CLEAN-S/SAME/0,0.0
AR90/B-R-H/A/0,AR90,B-R-H,S,A,0,"{""ramp_rads"": 0.0006981317007977319}",W,True,complete,True,1.0,1.0,1.0,16.5,3,3,0,0,0,0,0,0,1.0,1.0,B.orientation,0.005523926426501909,0.017453292519943295,rad,0.3164976705793421,,,,,,AR90/CLEAN-S/SAME/0,0.0
AR90/B-R-H/B/0,AR90,B-R-H,S,B,0,"{""ramp_rads"": 0.0006981317007977319}",W,True,complete,True,1.0,1.0,1.0,16.5,3,3,0,0,0,0,0,0,1.0,1.0,B.orientation,0.005524649874960496,0.017453292519943295,rad,0.3165391211227144,,,,,,AR90/CLEAN-S/SAME/0,0.0
AR90/B-R-H/SAME/0,AR90,B-R-H,S,SAME,0,"{""ramp_rads"": 0.0006981317007977319}",W,True,complete,True,1.0,1.0,1.0,16.5,3,3,0,0,0,0,0,0,1.0,1.0,B.orientation,0.005524649874960496,0.017453292519943295,rad,0.3165391211227144,,,,,,AR90/CLEAN-S/SAME/0,0.0
AR90/B-R-H/DIFF/0,AR90,B-R-H,S,DIFF,0,"{""ramp_rads"": 0.0006981317007977319}",W,True,complete,True,1.0,1.0,1.0,16.5,3,3,0,0,0,0,0,0,1.0,1.0,B.orientation,0.0055245906902110726,0.017453292519943295,rad,0.3165357300863609,,,,,,AR90/CLEAN-S/SAME/0,0.0
AR90/B-R-L/A/0,AR90,B-R-L,S,A,0,"{""ramp_rads"": 6.981317007977319e-05}",W,True,complete,True,1.0,1.0,1.0,16.5,3,3,0,0,0,0,0,0,1.0,1.0,B.orientation,0.005523926426501909,0.017453292519943295,rad,0.3164976705793421,,,,,,AR90/CLEAN-S/SAME/0,0.0
AR90/B-R-L/B/0,AR90,B-R-L,S,B,0,"{""ramp_rads"": 6.981317007977319e-05}",W,True,complete,True,1.0,1.0,1.0,16.5,3,3,0,0,0,0,0,0,1.0,1.0,B.orientation,0.005524017749133274,0.017453292519943295,rad,0.31650290298069333,,,,,,AR90/CLEAN-S/SAME/0,0.0
AR90/B-R-L/SAME/0,AR90,B-R-L,S,SAME,0,"{""ramp_rads"": 6.981317007977319e-05}",W,True,complete,True,1.0,1.0,1.0,16.5,3,3,0,0,0,0,0,0,1.0,1.0,B.orientation,0.005524017749133274,0.017453292519943295,rad,0.31650290298069333,,,,,,AR90/CLEAN-S/SAME/0,0.0
AR90/B-R-L/DIFF/0,AR90,B-R-L,S,DIFF,0,"{""ramp_rads"": 6.981317007977319e-05}",W,True,complete,True,1.0,1.0,1.0,16.5,3,3,0,0,0,0,0,0,1.0,1.0,B.orientation,0.0055240177491332745,0.017453292519943295,rad,0.3165029029806934,,,,,,AR90/CLEAN-S/SAME/0,0.0
AR90/B-R-X/A/0,AR90,B-R-X,S,A,0,"{""ramp_rads"": 0.03490658503988659}",stress,True,stress_completed,False,1.0,1.0,1.0,16.5,3,3,0,0,0,0,0,0,1.0,1.0,A.orientation,0.06142187852797871,0.017453292519943295,rad,3.5192144094183933,A.orientation;elevation,,,,,AR90/CLEAN-S/SAME/0,0.0
AR90/B-R-X/B/0,AR90,B-R-X,S,B,0,"{""ramp_rads"": 0.03490658503988659}",stress,True,stress_completed,False,1.0,1.0,1.0,16.5,3,3,0,0,0,0,0,0,1.0,1.0,B.orientation,0.16438766650192546,0.017453292519943295,rad,9.41871949456443,B.orientation,,,,,AR90/CLEAN-S/SAME/0,0.0
AR90/B-R-X/SAME/0,AR90,B-R-X,S,SAME,0,"{""ramp_rads"": 0.03490658503988659}",stress,True,stress_completed,False,1.0,1.0,1.0,16.5,3,3,0,0,0,0,0,0,1.0,1.0,B.orientation,0.16438766650192546,0.017453292519943295,rad,9.41871949456443,A.orientation;B.orientation,,,,,AR90/CLEAN-S/SAME/0,0.0
AR90/B-R-X/DIFF/0,AR90,B-R-X,S,DIFF,0,"{""ramp_rads"": 0.03490658503988659}",stress,True,stress_completed,False,1.0,1.0,1.0,16.5,3,3,0,0,0,0,0,0,1.0,1.0,B.orientation,0.16438773361993692,0.017453292519943295,rad,9.418723340143215,A.orientation;B.orientation;elevation,,,,,AR90/CLEAN-S/SAME/0,0.0
AR90/C-APPLY/SAME/0,AR90,C-APPLY,S,SAME,0,"{""calibration"": true}",C,True,complete,True,1.0,1.0,1.0,16.5,3,3,0,0,0,0,0,0,1.0,1.0,B.orientation,0.005523926426501909,0.006981317007977318,rad,0.7912441764483552,,,,,,AR90/CLEAN-S/SAME/0,0.0
AR90/C-FIT-H/SAME/1103,AR90,C-FIT-H,S,SAME,1103,"{""accel_sigma"": 0.02, ""bias_rads"": 0.00034906585039886593, ""fit_gyro"": true, ""gyro_sigma"": 0.005}",W,True,complete,True,1.0,1.0,1.0,16.5,3,3,0,0,0,0,0,0,1.0,1.0,A.orientation,0.0070193063795830415,0.017453292519943295,rad,0.4021766306593621,,,,,,AR90/CLEAN-S/SAME/0,0.0
AR90/C-FIT-H/SAME/2207,AR90,C-FIT-H,S,SAME,2207,"{""accel_sigma"": 0.02, ""bias_rads"": 0.00034906585039886593, ""fit_gyro"": true, ""gyro_sigma"": 0.005}",W,True,complete,True,1.0,1.0,1.0,16.5,3,3,0,0,0,0,0,0,1.0,1.0,B.orientation,0.0056853969775698295,0.017453292519943295,rad,0.32574925167118557,,,,,,AR90/CLEAN-S/SAME/0,0.0
AR90/C-FIT-H/SAME/3301,AR90,C-FIT-H,S,SAME,3301,"{""accel_sigma"": 0.02, ""bias_rads"": 0.00034906585039886593, ""fit_gyro"": true, ""gyro_sigma"": 0.005}",W,True,complete,True,1.0,1.0,1.0,16.5,3,3,0,0,0,0,0,0,1.0,1.0,B.orientation,0.005365525244994103,0.017453292519943295,rad,0.3074219514090591,,,,,,AR90/CLEAN-S/SAME/0,0.0
AR90/C-FIT-H/SAME/4409,AR90,C-FIT-H,S,SAME,4409,"{""accel_sigma"": 0.02, ""bias_rads"": 0.00034906585039886593, ""fit_gyro"": true, ""gyro_sigma"": 0.005}",W,True,complete,True,1.0,1.0,1.0,16.5,3,3,0,0,0,0,0,0,1.0,1.0,B.orientation,0.005413728347774545,0.017453292519943295,rad,0.3101837857578138,,,,,,AR90/CLEAN-S/SAME/0,0.0
AR90/C-FIT-H/SAME/5519,AR90,C-FIT-H,S,SAME,5519,"{""accel_sigma"": 0.02, ""bias_rads"": 0.00034906585039886593, ""fit_gyro"": true, ""gyro_sigma"": 0.005}",W,True,complete,True,1.0,1.0,1.0,16.5,3,3,0,0,0,0,0,0,1.0,1.0,B.orientation,0.006601295699815732,0.017453292519943295,rad,0.37822638291730065,,,,,,AR90/CLEAN-S/SAME/0,0.0
AR90/C-FIT-L/SAME/1103,AR90,C-FIT-L,S,SAME,1103,"{""accel_sigma"": 0.02, ""bias_rads"": 3.490658503988659e-05, ""fit_gyro"": true, ""gyro_sigma"": 0.005}",W,True,complete,True,1.0,1.0,1.0,16.5,3,3,0,0,0,0,0,0,1.0,1.0,A.orientation,0.0070193063795830415,0.017453292519943295,rad,0.4021766306593621,,,,,,AR90/CLEAN-S/SAME/0,0.0
AR90/C-FIT-L/SAME/2207,AR90,C-FIT-L,S,SAME,2207,"{""accel_sigma"": 0.02, ""bias_rads"": 3.490658503988659e-05, ""fit_gyro"": true, ""gyro_sigma"": 0.005}",W,True,complete,True,1.0,1.0,1.0,16.5,3,3,0,0,0,0,0,0,1.0,1.0,B.orientation,0.0056853969775698295,0.017453292519943295,rad,0.32574925167118557,,,,,,AR90/CLEAN-S/SAME/0,0.0
AR90/C-FIT-L/SAME/3301,AR90,C-FIT-L,S,SAME,3301,"{""accel_sigma"": 0.02, ""bias_rads"": 3.490658503988659e-05, ""fit_gyro"": true, ""gyro_sigma"": 0.005}",W,True,complete,True,1.0,1.0,1.0,16.5,3,3,0,0,0,0,0,0,1.0,1.0,B.orientation,0.005365525244994103,0.017453292519943295,rad,0.3074219514090591,,,,,,AR90/CLEAN-S/SAME/0,0.0
AR90/C-FIT-L/SAME/4409,AR90,C-FIT-L,S,SAME,4409,"{""accel_sigma"": 0.02, ""bias_rads"": 3.490658503988659e-05, ""fit_gyro"": true, ""gyro_sigma"": 0.005}",W,True,complete,True,1.0,1.0,1.0,16.5,3,3,0,0,0,0,0,0,1.0,1.0,B.orientation,0.005413728347774545,0.017453292519943295,rad,0.3101837857578138,,,,,,AR90/CLEAN-S/SAME/0,0.0
AR90/C-FIT-L/SAME/5519,AR90,C-FIT-L,S,SAME,5519,"{""accel_sigma"": 0.02, ""bias_rads"": 3.490658503988659e-05, ""fit_gyro"": true, ""gyro_sigma"": 0.005}",W,True,complete,True,1.0,1.0,1.0,16.5,3,3,0,0,0,0,0,0,1.0,1.0,B.orientation,0.006601295699815732,0.017453292519943295,rad,0.37822638291730065,,,,,,AR90/CLEAN-S/SAME/0,0.0
AR90/CLEAN-E/SAME/0,AR90,CLEAN-E,E,SAME,0,{},C,True,complete,True,1.0,1.0,1.0,16.5,3,3,0,0,0,0,0,0,1.0,1.0,interval_speed,2.48245868306185e-13,1e-10,rad/s,0.00248245868306185,,,,,,AR90/CLEAN-E/SAME/0,0.0
AR90/CLEAN-Q/SAME/0,AR90,CLEAN-Q,Q,SAME,0,{},C,True,complete,True,1.0,1.0,1.0,16.5,3,3,0,0,0,0,0,0,1.0,1.0,B.orientation,0.005663104217917617,0.006981317007977318,rad,0.8111799265735357,,,,,,AR90/CLEAN-Q/SAME/0,0.0
AR90/CLEAN-S/SAME/0,AR90,CLEAN-S,S,SAME,0,{},C,True,complete,True,1.0,1.0,1.0,16.5,3,3,0,0,0,0,0,0,1.0,1.0,B.orientation,0.005523926426501909,0.006981317007977318,rad,0.7912441764483552,,,,,,AR90/CLEAN-S/SAME/0,0.0
AR90/D-C-0-exact/B/0,AR90,D-C-0-exact,S,B,0,"{""clock_enabled"": true, ""clock_ppm"": 0, ""map_control"": ""exact""}",W,True,complete,True,1.0,1.0,1.0,16.5,3,3,0,0,0,0,0,0,1.0,1.0,B.orientation,0.005523926426501909,0.017453292519943295,rad,0.3164976705793421,,,,,,AR90/CLEAN-S/SAME/0,0.0
AR90/D-C-0-wrong/B/0,AR90,D-C-0-wrong,S,B,0,"{""clock_enabled"": true, ""clock_ppm"": 0, ""map_control"": ""wrong""}",stress,True,stress_completed,False,1.0,1.0,1.0,16.5,3,3,0,0,0,0,0,0,1.0,1.0,interval_speed,1.050627824701544,0.10471975511965977,rad/s,10.03275669906816,elevation;interval_speed;AR90:rep-1.start_us;AR90:rep-1.end_us;AR90:rep-1.start_confirmation;AR90:rep-1.end_confirmation;AR90:rep-2.start_us;AR90:rep-2.end_us;AR90:rep-2.start_confirmation;AR90:rep-2.end_confirmation;AR90:rep-3.start_us;AR90:rep-3.end_us;AR90:rep-3.start_confirmation;AR90:rep-3.end_confirmation,,,,,AR90/CLEAN-S/SAME/0,0.0
AR90/D-C-H-minus-exact/B/0,AR90,D-C-H-minus-exact,S,B,0,"{""clock_enabled"": true, ""clock_ppm"": -500, ""map_control"": ""exact""}",W,True,complete,True,0.9993939393939393,1.0,1.0,16.5,3,3,0,0,0,0,0,0,1.0,1.0,B.orientation,0.004968528861502654,0.017453292519943295,rad,0.284675734153042,,,,,,AR90/CLEAN-S/SAME/0,0.0
AR90/D-C-H-minus-wrong/B/0,AR90,D-C-H-minus-wrong,S,B,0,"{""clock_enabled"": true, ""clock_ppm"": -500, ""map_control"": ""wrong""}",stress,True,stress_completed,False,1.0,1.0,1.0,16.5,3,3,0,0,0,0,0,0,1.0,1.0,interval_speed,1.0507981441536522,0.10471975511965977,rad/s,10.034383130030626,elevation;interval_speed;AR90:rep-1.start_us;AR90:rep-1.end_us;AR90:rep-1.start_confirmation;AR90:rep-1.end_confirmation;AR90:rep-2.start_us;AR90:rep-2.end_us;AR90:rep-2.start_confirmation;AR90:rep-2.end_confirmation;AR90:rep-3.start_us;AR90:rep-3.end_us;AR90:rep-3.start_confirmation;AR90:rep-3.end_confirmation,,,,,AR90/CLEAN-S/SAME/0,0.0
AR90/D-C-H-plus-exact/B/0,AR90,D-C-H-plus-exact,S,B,0,"{""clock_enabled"": true, ""clock_ppm"": 500, ""map_control"": ""exact""}",W,True,complete,True,1.0,1.0,1.0,16.5,3,3,0,0,0,0,0,0,1.0,1.0,B.orientation,0.006079504312698605,0.017453292519943295,rad,0.34832993864921236,,,,,,AR90/CLEAN-S/SAME/0,0.0
AR90/D-C-H-plus-wrong/B/0,AR90,D-C-H-plus-wrong,S,B,0,"{""clock_enabled"": true, ""clock_ppm"": 500, ""map_control"": ""wrong""}",stress,True,stress_completed,False,1.0,1.0,1.0,16.5,3,3,0,0,0,0,0,0,1.0,1.0,interval_speed,1.050468546716671,0.10471975511965977,rad/s,10.031235706351067,elevation;interval_speed;AR90:rep-1.start_us;AR90:rep-1.end_us;AR90:rep-1.start_confirmation;AR90:rep-1.end_confirmation;AR90:rep-2.start_us;AR90:rep-2.end_us;AR90:rep-2.start_confirmation;AR90:rep-2.end_confirmation;AR90:rep-3.start_us;AR90:rep-3.end_us;AR90:rep-3.start_confirmation;AR90:rep-3.end_confirmation,,,,,AR90/CLEAN-S/SAME/0,0.0
AR90/D-C-L-minus-exact/B/0,AR90,D-C-L-minus-exact,S,B,0,"{""clock_enabled"": true, ""clock_ppm"": -100, ""map_control"": ""exact""}",W,True,complete,True,0.9993939393939393,1.0,1.0,16.5,3,3,0,0,0,0,0,0,1.0,1.0,B.orientation,0.005413240858342696,0.017453292519943295,rad,0.31015585467081164,,,,,,AR90/CLEAN-S/SAME/0,0.0
AR90/D-C-L-minus-wrong/B/0,AR90,D-C-L-minus-wrong,S,B,0,"{""clock_enabled"": true, ""clock_ppm"": -100, ""map_control"": ""wrong""}",stress,True,stress_completed,False,1.0,1.0,1.0,16.5,3,3,0,0,0,0,0,0,1.0,1.0,interval_speed,1.05066297367612,0.10471975511965977,rad/s,10.033092347051065,elevation;interval_speed;AR90:rep-1.start_us;AR90:rep-1.end_us;AR90:rep-1.start_confirmation;AR90:rep-1.end_confirmation;AR90:rep-2.start_us;AR90:rep-2.end_us;AR90:rep-2.start_confirmation;AR90:rep-2.end_confirmation;AR90:rep-3.start_us;AR90:rep-3.end_us;AR90:rep-3.start_confirmation;AR90:rep-3.end_confirmation,,,,,AR90/CLEAN-S/SAME/0,0.0
AR90/D-C-L-plus-exact/B/0,AR90,D-C-L-plus-exact,S,B,0,"{""clock_enabled"": true, ""clock_ppm"": 100, ""map_control"": ""exact""}",W,True,complete,True,0.9993939393939393,1.0,1.0,16.5,3,3,0,0,0,0,0,0,1.0,1.0,B.orientation,0.005635209019009494,0.017453292519943295,rad,0.3228736934633009,,,,,,AR90/CLEAN-S/SAME/0,0.0
AR90/D-C-L-plus-wrong/B/0,AR90,D-C-L-plus-wrong,S,B,0,"{""clock_enabled"": true, ""clock_ppm"": 100, ""map_control"": ""wrong""}",stress,True,stress_completed,False,1.0,1.0,1.0,16.5,3,3,0,0,0,0,0,0,1.0,1.0,interval_speed,1.0505959790575445,0.10471975511965977,rad/s,10.032452595568655,elevation;interval_speed;AR90:rep-1.start_us;AR90:rep-1.end_us;AR90:rep-1.start_confirmation;AR90:rep-1.end_confirmation;AR90:rep-2.start_us;AR90:rep-2.end_us;AR90:rep-2.start_confirmation;AR90:rep-2.end_confirmation;AR90:rep-3.start_us;AR90:rep-3.end_us;AR90:rep-3.start_confirmation;AR90:rep-3.end_confirmation,,,,,AR90/CLEAN-S/SAME/0,0.0
AR90/D-C-X-minus-exact/B/0,AR90,D-C-X-minus-exact,S,B,0,"{""clock_enabled"": true, ""clock_ppm"": -5000, ""map_control"": ""exact""}",stress,True,stress_completed,True,0.9993939393939393,1.0,1.0,16.5,3,3,0,0,0,0,0,0,1.0,1.0,B.orientation,3.743171691424703e-05,0.017453292519943295,rad,0.002144679399114812,,,,,,AR90/CLEAN-S/SAME/0,0.0
AR90/D-C-X-minus-wrong/B/0,AR90,D-C-X-minus-wrong,S,B,0,"{""clock_enabled"": true, ""clock_ppm"": -5000, ""map_control"": ""wrong""}",stress,True,stress_completed,False,1.0,1.0,1.0,16.5,3,3,0,0,0,0,0,0,1.0,1.0,interval_speed,1.052451570258185,0.10471975511965977,rad/s,10.050172186285039,elevation;interval_speed;AR90:rep-1.start_us;AR90:rep-1.end_us;AR90:rep-1.start_confirmation;AR90:rep-1.end_confirmation;AR90:rep-1.peak_support;AR90:rep-2.start_us;AR90:rep-2.end_us;AR90:rep-2.start_confirmation;AR90:rep-2.end_confirmation;AR90:rep-2.peak_support;AR90:rep-3.start_us;AR90:rep-3.end_us;AR90:rep-3.start_confirmation;AR90:rep-3.end_confirmation;AR90:rep-3.peak_support,,,,,AR90/CLEAN-S/SAME/0,0.0
AR90/D-C-X-plus-exact/B/0,AR90,D-C-X-plus-exact,S,B,0,"{""clock_enabled"": true, ""clock_ppm"": 5000, ""map_control"": ""exact""}",stress,True,stress_completed,True,1.0,1.0,1.0,16.5,3,3,0,0,0,0,0,0,1.0,1.0,B.orientation,0.011068878157928737,0.017453292519943295,rad,0.6342000023938577,,,,,,AR90/CLEAN-S/SAME/0,0.0
AR90/D-C-X-plus-wrong/B/0,AR90,D-C-X-plus-wrong,S,B,0,"{""clock_enabled"": true, ""clock_ppm"": 5000, ""map_control"": ""wrong""}",stress,True,stress_completed,False,1.0,1.0,1.0,16.5,3,3,0,0,0,0,0,0,1.0,1.0,interval_speed,1.049135329922346,0.10471975511965977,rad/s,10.01850442376927,elevation;interval_speed;AR90:rep-1.start_us;AR90:rep-1.end_us;AR90:rep-1.start_confirmation;AR90:rep-1.end_confirmation;AR90:rep-2.start_us;AR90:rep-2.end_us;AR90:rep-2.start_confirmation;AR90:rep-2.end_confirmation;AR90:rep-3.start_us;AR90:rep-3.end_us;AR90:rep-3.start_confirmation;AR90:rep-3.end_confirmation,,,,,AR90/CLEAN-S/SAME/0,0.0
AR90/D-H-H-sensor/A/0,AR90,D-H-H-sensor,S,A,0,"{""heading_path"": ""sensor"", ""heading_rate_rads"": 0.00034906585039886593}",W,True,complete,True,1.0,1.0,1.0,16.5,3,3,0,0,0,0,0,0,1.0,1.0,A.orientation,0.007505005966673157,0.017453292519943295,rad,0.43000516711087244,,,,,,AR90/CLEAN-S/SAME/0,0.005759586531581288
AR90/D-H-H-sensor/B/0,AR90,D-H-H-sensor,S,B,0,"{""heading_path"": ""sensor"", ""heading_rate_rads"": 0.00034906585039886593}",W,True,complete,True,1.0,1.0,1.0,16.5,3,3,0,0,0,0,0,0,1.0,1.0,B.orientation,0.008192990614467125,0.017453292519943295,rad,0.46942378379926125,,,,,,AR90/CLEAN-S/SAME/0,0.0
AR90/D-H-H-sensor/SAME/0,AR90,D-H-H-sensor,S,SAME,0,"{""heading_path"": ""sensor"", ""heading_rate_rads"": 0.00034906585039886593}",W,True,complete,True,1.0,1.0,1.0,16.5,3,3,0,0,0,0,0,0,1.0,1.0,B.orientation,0.008192990614467125,0.017453292519943295,rad,0.46942378379926125,,,,,,AR90/CLEAN-S/SAME/0,0.005759586531581288
AR90/D-H-H-sensor/DIFF/0,AR90,D-H-H-sensor,S,DIFF,0,"{""heading_path"": ""sensor"", ""heading_rate_rads"": 0.00034906585039886593}",W,True,complete,True,1.0,1.0,1.0,16.5,3,3,0,0,0,0,0,0,1.0,1.0,B.orientation,0.008193530254836897,0.017453292519943295,rad,0.4694547029149041,,,,,,AR90/CLEAN-S/SAME/0,0.005759586531581288
AR90/D-H-H-world/A/0,AR90,D-H-H-world,E,A,0,"{""heading_path"": ""world"", ""heading_rate_rads"": 0.00034906585039886593}",W,True,complete,True,1.0,1.0,1.0,16.5,3,3,0,0,0,0,0,0,1.0,1.0,A.orientation,0.005759586531581288,0.017453292519943295,rad,0.33,,,,,,AR90/CLEAN-E/SAME/0,0.005759586531581288
AR90/D-H-H-world/B/0,AR90,D-H-H-world,E,B,0,"{""heading_path"": ""world"", ""heading_rate_rads"": 0.00034906585039886593}",W,True,complete,True,1.0,1.0,1.0,16.5,3,3,0,0,0,0,0,0,1.0,1.0,B.orientation,0.005759586531581288,0.017453292519943295,rad,0.33,,,,,,AR90/CLEAN-E/SAME/0,0.0
AR90/D-H-H-world/SAME/0,AR90,D-H-H-world,E,SAME,0,"{""heading_path"": ""world"", ""heading_rate_rads"": 0.00034906585039886593}",W,True,complete,True,1.0,1.0,1.0,16.5,3,3,0,0,0,0,0,0,1.0,1.0,A.orientation,0.005759586531581288,0.017453292519943295,rad,0.33,,,,,,AR90/CLEAN-E/SAME/0,0.005759586531581288
AR90/D-H-H-world/DIFF/0,AR90,D-H-H-world,E,DIFF,0,"{""heading_path"": ""world"", ""heading_rate_rads"": 0.00034906585039886593}",W,True,complete,True,1.0,1.0,1.0,16.5,3,3,0,0,0,0,0,0,1.0,1.0,A.orientation,0.005759586531581288,0.017453292519943295,rad,0.33,,,,,,AR90/CLEAN-E/SAME/0,0.005759586531581288
AR90/D-H-L-sensor/A/0,AR90,D-H-L-sensor,S,A,0,"{""heading_path"": ""sensor"", ""heading_rate_rads"": 3.490658503988659e-05}",W,True,complete,True,1.0,1.0,1.0,16.5,3,3,0,0,0,0,0,0,1.0,1.0,B.orientation,0.005523926426501909,0.017453292519943295,rad,0.3164976705793421,,,,,,AR90/CLEAN-S/SAME/0,0.0005759586531581287
AR90/D-H-L-sensor/B/0,AR90,D-H-L-sensor,S,B,0,"{""heading_path"": ""sensor"", ""heading_rate_rads"": 3.490658503988659e-05}",W,True,complete,True,1.0,1.0,1.0,16.5,3,3,0,0,0,0,0,0,1.0,1.0,B.orientation,0.005529196077765581,0.017453292519943295,rad,0.31679959935625635,,,,,,AR90/CLEAN-S/SAME/0,0.0
AR90/D-H-L-sensor/SAME/0,AR90,D-H-L-sensor,S,SAME,0,"{""heading_path"": ""sensor"", ""heading_rate_rads"": 3.490658503988659e-05}",W,True,complete,True,1.0,1.0,1.0,16.5,3,3,0,0,0,0,0,0,1.0,1.0,B.orientation,0.005529196077765581,0.017453292519943295,rad,0.31679959935625635,,,,,,AR90/CLEAN-S/SAME/0,0.0005759586531581287
AR90/D-H-L-sensor/DIFF/0,AR90,D-H-L-sensor,S,DIFF,0,"{""heading_path"": ""sensor"", ""heading_rate_rads"": 3.490658503988659e-05}",W,True,complete,True,1.0,1.0,1.0,16.5,3,3,0,0,0,0,0,0,1.0,1.0,B.orientation,0.005529190849507634,0.017453292519943295,rad,0.31679929979914173,,,,,,AR90/CLEAN-S/SAME/0,0.0005759586531581287
AR90/D-H-L-world/A/0,AR90,D-H-L-world,E,A,0,"{""heading_path"": ""world"", ""heading_rate_rads"": 3.490658503988659e-05}",W,True,complete,True,1.0,1.0,1.0,16.5,3,3,0,0,0,0,0,0,1.0,1.0,A.orientation,0.0005759586531581287,0.017453292519943295,rad,0.032999999999999995,,,,,,AR90/CLEAN-E/SAME/0,0.0005759586531581287
AR90/D-H-L-world/B/0,AR90,D-H-L-world,E,B,0,"{""heading_path"": ""world"", ""heading_rate_rads"": 3.490658503988659e-05}",W,True,complete,True,1.0,1.0,1.0,16.5,3,3,0,0,0,0,0,0,1.0,1.0,B.orientation,0.0005759586531581287,0.017453292519943295,rad,0.032999999999999995,,,,,,AR90/CLEAN-E/SAME/0,0.0
AR90/D-H-L-world/SAME/0,AR90,D-H-L-world,E,SAME,0,"{""heading_path"": ""world"", ""heading_rate_rads"": 3.490658503988659e-05}",W,True,complete,True,1.0,1.0,1.0,16.5,3,3,0,0,0,0,0,0,1.0,1.0,A.orientation,0.0005759586531581287,0.017453292519943295,rad,0.032999999999999995,,,,,,AR90/CLEAN-E/SAME/0,0.0005759586531581287
AR90/D-H-L-world/DIFF/0,AR90,D-H-L-world,E,DIFF,0,"{""heading_path"": ""world"", ""heading_rate_rads"": 3.490658503988659e-05}",W,True,complete,True,1.0,1.0,1.0,16.5,3,3,0,0,0,0,0,0,1.0,1.0,A.orientation,0.0005759586531581287,0.017453292519943295,rad,0.032999999999999995,,,,,,AR90/CLEAN-E/SAME/0,0.0005759586531581287
AR90/D-H-X-sensor/A/0,AR90,D-H-X-sensor,S,A,0,"{""heading_path"": ""sensor"", ""heading_rate_rads"": 0.003490658503988659}",stress,True,stress_completed,False,1.0,1.0,0.0,16.5,3,3,0,0,0,0,0,0,1.0,1.0,A.orientation,0.07504911366428586,0.017453292519943295,rad,4.299997469161177,A.orientation,thorax_drift_exceeded,,,,AR90/CLEAN-S/SAME/0,0.05759586531581288
AR90/D-H-X-sensor/B/0,AR90,D-H-X-sensor,S,B,0,"{""heading_path"": ""sensor"", ""heading_rate_rads"": 0.003490658503988659}",stress,True,stress_completed,False,1.0,1.0,1.0,16.5,3,3,0,0,0,0,0,0,1.0,1.0,B.orientation,0.07508849574491716,0.017453292519943295,rad,4.302253896169794,B.orientation,,,,,AR90/CLEAN-S/SAME/0,0.0
AR90/D-H-X-sensor/SAME/0,AR90,D-H-X-sensor,S,SAME,0,"{""heading_path"": ""sensor"", ""heading_rate_rads"": 0.003490658503988659}",stress,True,stress_completed,False,1.0,1.0,0.0,16.5,3,3,0,0,0,0,0,0,1.0,1.0,B.orientation,0.07508849574491716,0.017453292519943295,rad,4.302253896169794,A.orientation;B.orientation,thorax_drift_exceeded,,,,AR90/CLEAN-S/SAME/0,0.05759586531581288
AR90/D-H-X-sensor/DIFF/0,AR90,D-H-X-sensor,S,DIFF,0,"{""heading_path"": ""sensor"", ""heading_rate_rads"": 0.003490658503988659}",stress,True,stress_completed,False,1.0,1.0,0.0,16.5,3,3,0,0,0,0,0,0,1.0,1.0,B.orientation,0.07508750040294597,0.017453292519943295,rad,4.302196867275672,A.orientation;B.orientation,thorax_drift_exceeded,,,,AR90/CLEAN-S/SAME/0,0.05759586531581288
AR90/D-H-X-world/A/0,AR90,D-H-X-world,E,A,0,"{""heading_path"": ""world"", ""heading_rate_rads"": 0.003490658503988659}",stress,True,stress_completed,False,1.0,1.0,0.0,16.5,3,3,0,0,0,0,0,0,1.0,1.0,A.orientation,0.05759586531581289,0.017453292519943295,rad,3.300000000000001,A.orientation;A.initialization,thorax_drift_exceeded,,,,AR90/CLEAN-E/SAME/0,0.05759586531581288
AR90/D-H-X-world/B/0,AR90,D-H-X-world,E,B,0,"{""heading_path"": ""world"", ""heading_rate_rads"": 0.003490658503988659}",stress,True,stress_completed,False,1.0,1.0,1.0,16.5,3,3,0,0,0,0,0,0,1.0,1.0,B.orientation,0.05759586531581289,0.017453292519943295,rad,3.300000000000001,B.orientation;B.initialization,,,,,AR90/CLEAN-E/SAME/0,0.0
AR90/D-H-X-world/SAME/0,AR90,D-H-X-world,E,SAME,0,"{""heading_path"": ""world"", ""heading_rate_rads"": 0.003490658503988659}",stress,True,stress_completed,False,1.0,1.0,0.0,16.5,3,3,0,0,0,0,0,0,1.0,1.0,A.orientation,0.05759586531581289,0.017453292519943295,rad,3.300000000000001,A.orientation;A.initialization;B.orientation;B.initialization,thorax_drift_exceeded,,,,AR90/CLEAN-E/SAME/0,0.05759586531581288
AR90/D-H-X-world/DIFF/0,AR90,D-H-X-world,E,DIFF,0,"{""heading_path"": ""world"", ""heading_rate_rads"": 0.003490658503988659}",stress,True,stress_completed,False,1.0,1.0,0.0,16.5,3,3,0,0,0,0,0,0,1.0,1.0,A.orientation,0.05759586531581289,0.017453292519943295,rad,3.300000000000001,A.orientation;A.initialization;B.orientation;B.initialization,thorax_drift_exceeded,,,,AR90/CLEAN-E/SAME/0,0.05759586531581288
AR90/I-JL/SAME/1103,AR90,I-JL,S,SAME,1103,"{""loss"": ""sample-per"", ""sample_jitter_us"": 1000}",W,False,complete,False,1.0,1.0,1.0,16.5,3,3,0,0,16,16,0,0,0.9925615992561599,0.9925615992561599,interval_speed,1.043734569097148,0.10471975511965977,rad/s,9.966930956862031,interval_speed,,,,,AR90/CLEAN-S/SAME/0,0.0
AR90/I-JL/SAME/2207,AR90,I-JL,S,SAME,2207,"{""loss"": ""sample-per"", ""sample_jitter_us"": 1000}",W,False,complete,False,1.0,1.0,1.0,16.5,3,3,0,0,16,16,0,0,0.9925615992561599,0.9925615992561599,interval_speed,1.0440862955605168,0.10471975511965977,rad/s,9.970289697177712,interval_speed,,,,,AR90/CLEAN-S/SAME/0,0.0
AR90/I-JL/SAME/3301,AR90,I-JL,S,SAME,3301,"{""loss"": ""sample-per"", ""sample_jitter_us"": 1000}",W,False,complete,False,1.0,1.0,1.0,16.5,3,3,0,0,16,16,0,0,0.9925615992561599,0.9925615992561599,interval_speed,0.9964343416252139,0.10471975511965977,rad/s,9.515247056170267,interval_speed,,,,,AR90/CLEAN-S/SAME/0,0.0
AR90/I-JL/SAME/4409,AR90,I-JL,S,SAME,4409,"{""loss"": ""sample-per"", ""sample_jitter_us"": 1000}",W,False,complete,False,1.0,1.0,1.0,16.5,3,3,0,0,16,16,0,0,0.9925615992561599,0.9925615992561599,interval_speed,0.9723609039789395,0.10471975511965977,rad/s,9.285362660253123,interval_speed,,,,,AR90/CLEAN-S/SAME/0,0.0
AR90/I-JL/SAME/5519,AR90,I-JL,S,SAME,5519,"{""loss"": ""sample-per"", ""sample_jitter_us"": 1000}",W,False,complete,False,1.0,1.0,1.0,16.5,3,3,0,0,16,16,0,0,0.9925615992561599,0.9925615992561599,interval_speed,1.0304557509781451,0.10471975511965977,rad/s,9.840127584338578,interval_speed,,,,,AR90/CLEAN-S/SAME/0,0.0
AR90/I-NB/DIFF/1103,AR90,I-NB,S,DIFF,1103,"{""accel_sigma"": 0.02, ""bias_rads"": 0.00034906585039886593, ""gyro_sigma"": 0.005}",W,True,complete,True,1.0,1.0,1.0,16.5,3,3,0,0,0,0,0,0,1.0,1.0,interval_speed,0.030184556500338796,0.10471975511965977,rad/s,0.28824128232393126,,,,,,AR90/CLEAN-S/SAME/0,0.0
AR90/I-NB/DIFF/2207,AR90,I-NB,S,DIFF,2207,"{""accel_sigma"": 0.02, ""bias_rads"": 0.00034906585039886593, ""gyro_sigma"": 0.005}",W,True,complete,True,1.0,1.0,1.0,16.5,3,3,0,0,0,0,0,0,1.0,1.0,B.orientation,0.005791827084374752,0.017453292519943295,rad,0.33184724760423423,,,,,,AR90/CLEAN-S/SAME/0,0.0
AR90/I-NB/DIFF/3301,AR90,I-NB,S,DIFF,3301,"{""accel_sigma"": 0.02, ""bias_rads"": 0.00034906585039886593, ""gyro_sigma"": 0.005}",W,True,complete,True,1.0,1.0,1.0,16.5,3,3,0,0,0,0,0,0,1.0,1.0,B.orientation,0.005468861418392685,0.017453292519943295,rad,0.31334267801582993,,,,,,AR90/CLEAN-S/SAME/0,0.0
AR90/I-NB/DIFF/4409,AR90,I-NB,S,DIFF,4409,"{""accel_sigma"": 0.02, ""bias_rads"": 0.00034906585039886593, ""gyro_sigma"": 0.005}",W,True,complete,True,1.0,1.0,1.0,16.5,3,3,0,0,0,0,0,0,1.0,1.0,B.orientation,0.006263262836728541,0.017453292519943295,rad,0.358858526525681,,,,,,AR90/CLEAN-S/SAME/0,0.0
AR90/I-NB/DIFF/5519,AR90,I-NB,S,DIFF,5519,"{""accel_sigma"": 0.02, ""bias_rads"": 0.00034906585039886593, ""gyro_sigma"": 0.005}",W,True,complete,True,1.0,1.0,1.0,16.5,3,3,0,0,0,0,0,0,1.0,1.0,B.orientation,0.007410268760521407,0.017453292519943295,rad,0.42457712503551637,,,,,,AR90/CLEAN-S/SAME/0,0.0
AR90/J-S-H/A/1103,AR90,J-S-H,S,A,1103,"{""sample_jitter_us"": 1000}",W,True,complete,True,1.0,1.0,1.0,16.5,3,3,0,0,0,0,0,0,1.0,1.0,B.orientation,0.005523926426501909,0.017453292519943295,rad,0.3164976705793421,,,,,,AR90/CLEAN-S/SAME/0,0.0
AR90/J-S-H/A/2207,AR90,J-S-H,S,A,2207,"{""sample_jitter_us"": 1000}",W,True,complete,True,1.0,1.0,1.0,16.5,3,3,0,0,0,0,0,0,1.0,1.0,B.orientation,0.005523926426501909,0.017453292519943295,rad,0.3164976705793421,,,,,,AR90/CLEAN-S/SAME/0,0.0
AR90/J-S-H/A/3301,AR90,J-S-H,S,A,3301,"{""sample_jitter_us"": 1000}",W,True,complete,True,1.0,1.0,1.0,16.5,3,3,0,0,0,0,0,0,1.0,1.0,B.orientation,0.005523926426501909,0.017453292519943295,rad,0.3164976705793421,,,,,,AR90/CLEAN-S/SAME/0,0.0
AR90/J-S-H/A/4409,AR90,J-S-H,S,A,4409,"{""sample_jitter_us"": 1000}",W,True,complete,True,1.0,1.0,1.0,16.5,3,3,0,0,0,0,0,0,1.0,1.0,B.orientation,0.005523926426501909,0.017453292519943295,rad,0.3164976705793421,,,,,,AR90/CLEAN-S/SAME/0,0.0
AR90/J-S-H/A/5519,AR90,J-S-H,S,A,5519,"{""sample_jitter_us"": 1000}",W,True,complete,True,1.0,1.0,1.0,16.5,3,3,0,0,0,0,0,0,1.0,1.0,B.orientation,0.005523926426501909,0.017453292519943295,rad,0.3164976705793421,,,,,,AR90/CLEAN-S/SAME/0,0.0
AR90/J-S-H/B/1103,AR90,J-S-H,S,B,1103,"{""sample_jitter_us"": 1000}",W,True,complete,True,1.0,1.0,1.0,16.5,3,3,0,0,0,0,0,0,1.0,1.0,B.orientation,0.005567259327979641,0.017453292519943295,rad,0.31898046294807236,,,,,,AR90/CLEAN-S/SAME/0,0.0
AR90/J-S-H/B/2207,AR90,J-S-H,S,B,2207,"{""sample_jitter_us"": 1000}",W,True,complete,True,1.0,1.0,1.0,16.5,3,3,0,0,0,0,0,0,1.0,1.0,B.orientation,0.005558795833199632,0.017453292519943295,rad,0.3184955404172468,,,,,,AR90/CLEAN-S/SAME/0,0.0
AR90/J-S-H/B/3301,AR90,J-S-H,S,B,3301,"{""sample_jitter_us"": 1000}",W,True,complete,True,1.0,1.0,1.0,16.5,3,3,0,0,0,0,0,0,1.0,1.0,B.orientation,0.0055618351616468584,0.017453292519943295,rad,0.31866968110982696,,,,,,AR90/CLEAN-S/SAME/0,0.0
AR90/J-S-H/B/4409,AR90,J-S-H,S,B,4409,"{""sample_jitter_us"": 1000}",W,True,complete,True,1.0,1.0,1.0,16.5,3,3,0,0,0,0,0,0,1.0,1.0,B.orientation,0.005562312328446791,0.017453292519943295,rad,0.3186970207535869,,,,,,AR90/CLEAN-S/SAME/0,0.0
AR90/J-S-H/B/5519,AR90,J-S-H,S,B,5519,"{""sample_jitter_us"": 1000}",W,True,complete,True,1.0,1.0,1.0,16.5,3,3,0,0,0,0,0,0,1.0,1.0,B.orientation,0.005562789165651535,0.017453292519943295,rad,0.31872434151293355,,,,,,AR90/CLEAN-S/SAME/0,0.0
AR90/J-S-H/SAME/1103,AR90,J-S-H,S,SAME,1103,"{""sample_jitter_us"": 1000}",W,True,complete,True,1.0,1.0,1.0,16.5,3,3,0,0,0,0,0,0,1.0,1.0,B.orientation,0.005567259327979641,0.017453292519943295,rad,0.31898046294807236,,,,,,AR90/CLEAN-S/SAME/0,0.0
AR90/J-S-H/SAME/2207,AR90,J-S-H,S,SAME,2207,"{""sample_jitter_us"": 1000}",W,True,complete,True,1.0,1.0,1.0,16.5,3,3,0,0,0,0,0,0,1.0,1.0,B.orientation,0.005558795833199632,0.017453292519943295,rad,0.3184955404172468,,,,,,AR90/CLEAN-S/SAME/0,0.0
AR90/J-S-H/SAME/3301,AR90,J-S-H,S,SAME,3301,"{""sample_jitter_us"": 1000}",W,True,complete,True,1.0,1.0,1.0,16.5,3,3,0,0,0,0,0,0,1.0,1.0,B.orientation,0.0055618351616468584,0.017453292519943295,rad,0.31866968110982696,,,,,,AR90/CLEAN-S/SAME/0,0.0
AR90/J-S-H/SAME/4409,AR90,J-S-H,S,SAME,4409,"{""sample_jitter_us"": 1000}",W,True,complete,True,1.0,1.0,1.0,16.5,3,3,0,0,0,0,0,0,1.0,1.0,B.orientation,0.005562312328446791,0.017453292519943295,rad,0.3186970207535869,,,,,,AR90/CLEAN-S/SAME/0,0.0
AR90/J-S-H/SAME/5519,AR90,J-S-H,S,SAME,5519,"{""sample_jitter_us"": 1000}",W,True,complete,True,1.0,1.0,1.0,16.5,3,3,0,0,0,0,0,0,1.0,1.0,B.orientation,0.005562789165651535,0.017453292519943295,rad,0.31872434151293355,,,,,,AR90/CLEAN-S/SAME/0,0.0
AR90/J-S-L/A/1103,AR90,J-S-L,S,A,1103,"{""sample_jitter_us"": 100}",W,True,complete,True,1.0,1.0,1.0,16.5,3,3,0,0,0,0,0,0,1.0,1.0,B.orientation,0.005523926426501909,0.017453292519943295,rad,0.3164976705793421,,,,,,AR90/CLEAN-S/SAME/0,0.0
AR90/J-S-L/A/2207,AR90,J-S-L,S,A,2207,"{""sample_jitter_us"": 100}",W,True,complete,True,1.0,1.0,1.0,16.5,3,3,0,0,0,0,0,0,1.0,1.0,B.orientation,0.005523926426501909,0.017453292519943295,rad,0.3164976705793421,,,,,,AR90/CLEAN-S/SAME/0,0.0
AR90/J-S-L/A/3301,AR90,J-S-L,S,A,3301,"{""sample_jitter_us"": 100}",W,True,complete,True,1.0,1.0,1.0,16.5,3,3,0,0,0,0,0,0,1.0,1.0,B.orientation,0.005523926426501909,0.017453292519943295,rad,0.3164976705793421,,,,,,AR90/CLEAN-S/SAME/0,0.0
AR90/J-S-L/A/4409,AR90,J-S-L,S,A,4409,"{""sample_jitter_us"": 100}",W,True,complete,True,1.0,1.0,1.0,16.5,3,3,0,0,0,0,0,0,1.0,1.0,B.orientation,0.005523926426501909,0.017453292519943295,rad,0.3164976705793421,,,,,,AR90/CLEAN-S/SAME/0,0.0
AR90/J-S-L/A/5519,AR90,J-S-L,S,A,5519,"{""sample_jitter_us"": 100}",W,True,complete,True,1.0,1.0,1.0,16.5,3,3,0,0,0,0,0,0,1.0,1.0,B.orientation,0.005523926426501909,0.017453292519943295,rad,0.3164976705793421,,,,,,AR90/CLEAN-S/SAME/0,0.0
AR90/J-S-L/B/1103,AR90,J-S-L,S,B,1103,"{""sample_jitter_us"": 100}",W,True,complete,True,1.0,1.0,1.0,16.5,3,3,0,0,0,0,0,0,1.0,1.0,B.orientation,0.005524582568950477,0.017453292519943295,rad,0.31653526477240446,,,,,,AR90/CLEAN-S/SAME/0,0.0
AR90/J-S-L/B/2207,AR90,J-S-L,S,B,2207,"{""sample_jitter_us"": 100}",W,True,complete,True,1.0,1.0,1.0,16.5,3,3,0,0,0,0,0,0,1.0,1.0,B.orientation,0.00552428438287919,0.017453292519943295,rad,0.3165181799690101,,,,,,AR90/CLEAN-S/SAME/0,0.0
AR90/J-S-L/B/3301,AR90,J-S-L,S,B,3301,"{""sample_jitter_us"": 100}",W,True,complete,True,1.0,1.0,1.0,16.5,3,3,0,0,0,0,0,0,1.0,1.0,B.orientation,0.005525178283779862,0.017453292519943295,rad,0.31656939671792156,,,,,,AR90/CLEAN-S/SAME/0,0.0
AR90/J-S-L/B/4409,AR90,J-S-L,S,B,4409,"{""sample_jitter_us"": 100}",W,True,complete,True,1.0,1.0,1.0,16.5,3,3,0,0,0,0,0,0,1.0,1.0,B.orientation,0.005524344151931245,0.017453292519943295,rad,0.31652160448343836,,,,,,AR90/CLEAN-S/SAME/0,0.0
AR90/J-S-L/B/5519,AR90,J-S-L,S,B,5519,"{""sample_jitter_us"": 100}",W,True,complete,True,1.0,1.0,1.0,16.5,3,3,0,0,0,0,0,0,1.0,1.0,B.orientation,0.0055247608895320965,0.017453292519943295,rad,0.31654548178913156,,,,,,AR90/CLEAN-S/SAME/0,0.0
AR90/J-S-L/SAME/1103,AR90,J-S-L,S,SAME,1103,"{""sample_jitter_us"": 100}",W,True,complete,True,1.0,1.0,1.0,16.5,3,3,0,0,0,0,0,0,1.0,1.0,B.orientation,0.005524582568950477,0.017453292519943295,rad,0.31653526477240446,,,,,,AR90/CLEAN-S/SAME/0,0.0
AR90/J-S-L/SAME/2207,AR90,J-S-L,S,SAME,2207,"{""sample_jitter_us"": 100}",W,True,complete,True,1.0,1.0,1.0,16.5,3,3,0,0,0,0,0,0,1.0,1.0,B.orientation,0.00552428438287919,0.017453292519943295,rad,0.3165181799690101,,,,,,AR90/CLEAN-S/SAME/0,0.0
AR90/J-S-L/SAME/3301,AR90,J-S-L,S,SAME,3301,"{""sample_jitter_us"": 100}",W,True,complete,True,1.0,1.0,1.0,16.5,3,3,0,0,0,0,0,0,1.0,1.0,B.orientation,0.005525178283779862,0.017453292519943295,rad,0.31656939671792156,,,,,,AR90/CLEAN-S/SAME/0,0.0
AR90/J-S-L/SAME/4409,AR90,J-S-L,S,SAME,4409,"{""sample_jitter_us"": 100}",W,True,complete,True,1.0,1.0,1.0,16.5,3,3,0,0,0,0,0,0,1.0,1.0,B.orientation,0.005524344151931245,0.017453292519943295,rad,0.31652160448343836,,,,,,AR90/CLEAN-S/SAME/0,0.0
AR90/J-S-L/SAME/5519,AR90,J-S-L,S,SAME,5519,"{""sample_jitter_us"": 100}",W,True,complete,True,1.0,1.0,1.0,16.5,3,3,0,0,0,0,0,0,1.0,1.0,B.orientation,0.0055247608895320965,0.017453292519943295,rad,0.31654548178913156,,,,,,AR90/CLEAN-S/SAME/0,0.0
AR90/J-S-X/A/1103,AR90,J-S-X,S,A,1103,"{""sample_jitter_us"": 6000}",stress,True,expected_rejection,False,0.0,0.0,,16.5,3,,3,0,0,0,0,0,1.0,1.0,,,,,,,,ahrs,ValueError,timestamp_us must increase strictly within an epoch,AR90/CLEAN-S/SAME/0,
AR90/J-S-X/A/2207,AR90,J-S-X,S,A,2207,"{""sample_jitter_us"": 6000}",stress,True,expected_rejection,False,0.0,0.0,,16.5,3,,3,0,0,0,0,0,1.0,1.0,,,,,,,,ahrs,ValueError,timestamp_us must increase strictly within an epoch,AR90/CLEAN-S/SAME/0,
AR90/J-S-X/A/3301,AR90,J-S-X,S,A,3301,"{""sample_jitter_us"": 6000}",stress,True,expected_rejection,False,0.0,0.0,,16.5,3,,3,0,0,0,0,0,1.0,1.0,,,,,,,,ahrs,ValueError,timestamp_us must increase strictly within an epoch,AR90/CLEAN-S/SAME/0,
AR90/J-S-X/A/4409,AR90,J-S-X,S,A,4409,"{""sample_jitter_us"": 6000}",stress,True,expected_rejection,False,0.0,0.0,,16.5,3,,3,0,0,0,0,0,1.0,1.0,,,,,,,,ahrs,ValueError,timestamp_us must increase strictly within an epoch,AR90/CLEAN-S/SAME/0,
AR90/J-S-X/A/5519,AR90,J-S-X,S,A,5519,"{""sample_jitter_us"": 6000}",stress,True,expected_rejection,False,0.0,0.0,,16.5,3,,3,0,0,0,0,0,1.0,1.0,,,,,,,,ahrs,ValueError,timestamp_us must increase strictly within an epoch,AR90/CLEAN-S/SAME/0,
AR90/J-S-X/B/1103,AR90,J-S-X,S,B,1103,"{""sample_jitter_us"": 6000}",stress,True,expected_rejection,False,0.0,0.0,,16.5,3,,3,0,0,0,0,0,1.0,1.0,A.initialization,2.220446049250313e-16,0.017453292519943295,rad,1.2722218725854067e-14,,,ahrs,ValueError,timestamp_us must increase strictly within an epoch,AR90/CLEAN-S/SAME/0,
AR90/J-S-X/B/2207,AR90,J-S-X,S,B,2207,"{""sample_jitter_us"": 6000}",stress,True,expected_rejection,False,0.0,0.0,,16.5,3,,3,0,0,0,0,0,1.0,1.0,A.initialization,2.220446049250313e-16,0.017453292519943295,rad,1.2722218725854067e-14,,,ahrs,ValueError,timestamp_us must increase strictly within an epoch,AR90/CLEAN-S/SAME/0,
AR90/J-S-X/B/3301,AR90,J-S-X,S,B,3301,"{""sample_jitter_us"": 6000}",stress,True,expected_rejection,False,0.0,0.0,,16.5,3,,3,0,0,0,0,0,1.0,1.0,A.initialization,2.220446049250313e-16,0.017453292519943295,rad,1.2722218725854067e-14,,,ahrs,ValueError,timestamp_us must increase strictly within an epoch,AR90/CLEAN-S/SAME/0,
AR90/J-S-X/B/4409,AR90,J-S-X,S,B,4409,"{""sample_jitter_us"": 6000}",stress,True,expected_rejection,False,0.0,0.0,,16.5,3,,3,0,0,0,0,0,1.0,1.0,A.initialization,2.220446049250313e-16,0.017453292519943295,rad,1.2722218725854067e-14,,,ahrs,ValueError,timestamp_us must increase strictly within an epoch,AR90/CLEAN-S/SAME/0,
AR90/J-S-X/B/5519,AR90,J-S-X,S,B,5519,"{""sample_jitter_us"": 6000}",stress,True,expected_rejection,False,0.0,0.0,,16.5,3,,3,0,0,0,0,0,1.0,1.0,A.initialization,2.220446049250313e-16,0.017453292519943295,rad,1.2722218725854067e-14,,,ahrs,ValueError,timestamp_us must increase strictly within an epoch,AR90/CLEAN-S/SAME/0,
AR90/J-S-X/SAME/1103,AR90,J-S-X,S,SAME,1103,"{""sample_jitter_us"": 6000}",stress,True,expected_rejection,False,0.0,0.0,,16.5,3,,3,0,0,0,0,0,1.0,1.0,,,,,,,,ahrs,ValueError,timestamp_us must increase strictly within an epoch,AR90/CLEAN-S/SAME/0,
AR90/J-S-X/SAME/2207,AR90,J-S-X,S,SAME,2207,"{""sample_jitter_us"": 6000}",stress,True,expected_rejection,False,0.0,0.0,,16.5,3,,3,0,0,0,0,0,1.0,1.0,,,,,,,,ahrs,ValueError,timestamp_us must increase strictly within an epoch,AR90/CLEAN-S/SAME/0,
AR90/J-S-X/SAME/3301,AR90,J-S-X,S,SAME,3301,"{""sample_jitter_us"": 6000}",stress,True,expected_rejection,False,0.0,0.0,,16.5,3,,3,0,0,0,0,0,1.0,1.0,,,,,,,,ahrs,ValueError,timestamp_us must increase strictly within an epoch,AR90/CLEAN-S/SAME/0,
AR90/J-S-X/SAME/4409,AR90,J-S-X,S,SAME,4409,"{""sample_jitter_us"": 6000}",stress,True,expected_rejection,False,0.0,0.0,,16.5,3,,3,0,0,0,0,0,1.0,1.0,,,,,,,,ahrs,ValueError,timestamp_us must increase strictly within an epoch,AR90/CLEAN-S/SAME/0,
AR90/J-S-X/SAME/5519,AR90,J-S-X,S,SAME,5519,"{""sample_jitter_us"": 6000}",stress,True,expected_rejection,False,0.0,0.0,,16.5,3,,3,0,0,0,0,0,1.0,1.0,,,,,,,,ahrs,ValueError,timestamp_us must increase strictly within an epoch,AR90/CLEAN-S/SAME/0,
AR90/J-T-H/A/1103,AR90,J-T-H,S,A,1103,"{""timestamp_jitter_us"": 1000}",W,True,complete,True,1.0,1.0,1.0,16.5,3,3,0,0,0,0,0,0,1.0,1.0,B.orientation,0.005523926426501909,0.017453292519943295,rad,0.3164976705793421,,,,,,AR90/CLEAN-S/SAME/0,0.0
AR90/J-T-H/A/2207,AR90,J-T-H,S,A,2207,"{""timestamp_jitter_us"": 1000}",W,True,complete,True,1.0,1.0,1.0,16.5,3,3,0,0,0,0,0,0,1.0,1.0,B.orientation,0.005523926426501909,0.017453292519943295,rad,0.3164976705793421,,,,,,AR90/CLEAN-S/SAME/0,0.0
AR90/J-T-H/A/3301,AR90,J-T-H,S,A,3301,"{""timestamp_jitter_us"": 1000}",W,True,complete,True,1.0,1.0,1.0,16.5,3,3,0,0,0,0,0,0,1.0,1.0,B.orientation,0.005523926426501909,0.017453292519943295,rad,0.3164976705793421,,,,,,AR90/CLEAN-S/SAME/0,0.0
AR90/J-T-H/A/4409,AR90,J-T-H,S,A,4409,"{""timestamp_jitter_us"": 1000}",W,True,complete,True,1.0,1.0,1.0,16.5,3,3,0,0,0,0,0,0,1.0,1.0,B.orientation,0.005523926426501909,0.017453292519943295,rad,0.3164976705793421,,,,,,AR90/CLEAN-S/SAME/0,0.0
AR90/J-T-H/A/5519,AR90,J-T-H,S,A,5519,"{""timestamp_jitter_us"": 1000}",W,True,complete,True,1.0,1.0,1.0,16.5,3,3,0,0,0,0,0,0,1.0,1.0,B.orientation,0.005523926426501909,0.017453292519943295,rad,0.3164976705793421,,,,,,AR90/CLEAN-S/SAME/0,0.0
AR90/J-T-H/B/1103,AR90,J-T-H,S,B,1103,"{""timestamp_jitter_us"": 1000}",W,True,complete,True,1.0,1.0,1.0,16.5,3,3,0,0,0,0,0,0,1.0,1.0,B.orientation,0.006282188280147097,0.017453292519943295,rad,0.3599428745589779,,,,,,AR90/CLEAN-S/SAME/0,0.0
AR90/J-T-H/B/2207,AR90,J-T-H,S,B,2207,"{""timestamp_jitter_us"": 1000}",W,True,complete,True,1.0,1.0,1.0,16.5,3,3,0,0,0,0,0,0,1.0,1.0,B.orientation,0.006479320062861367,0.017453292519943295,rad,0.3712376937163956,,,,,,AR90/CLEAN-S/SAME/0,0.0
AR90/J-T-H/B/3301,AR90,J-T-H,S,B,3301,"{""timestamp_jitter_us"": 1000}",W,True,complete,True,1.0,1.0,1.0,16.5,3,3,0,0,0,0,0,0,1.0,1.0,B.orientation,0.00621701004179632,0.017453292519943295,rad,0.35620843658538065,,,,,,AR90/CLEAN-S/SAME/0,0.0
AR90/J-T-H/B/4409,AR90,J-T-H,S,B,4409,"{""timestamp_jitter_us"": 1000}",W,True,complete,True,1.0,1.0,1.0,16.5,3,3,0,0,0,0,0,0,1.0,1.0,B.orientation,0.006169947819196325,0.017453292519943295,rad,0.3535119698558957,,,,,,AR90/CLEAN-S/SAME/0,0.0
AR90/J-T-H/B/5519,AR90,J-T-H,S,B,5519,"{""timestamp_jitter_us"": 1000}",W,True,complete,True,1.0,1.0,1.0,16.5,3,3,0,0,0,0,0,0,1.0,1.0,B.orientation,0.0062669396355219936,0.017453292519943295,rad,0.3590691915786646,,,,,,AR90/CLEAN-S/SAME/0,0.0
AR90/J-T-H/SAME/1103,AR90,J-T-H,S,SAME,1103,"{""timestamp_jitter_us"": 1000}",W,True,complete,True,1.0,1.0,1.0,16.5,3,3,0,0,0,0,0,0,1.0,1.0,B.orientation,0.006282188280147097,0.017453292519943295,rad,0.3599428745589779,,,,,,AR90/CLEAN-S/SAME/0,0.0
AR90/J-T-H/SAME/2207,AR90,J-T-H,S,SAME,2207,"{""timestamp_jitter_us"": 1000}",W,True,complete,True,1.0,1.0,1.0,16.5,3,3,0,0,0,0,0,0,1.0,1.0,B.orientation,0.006479320062861367,0.017453292519943295,rad,0.3712376937163956,,,,,,AR90/CLEAN-S/SAME/0,0.0
AR90/J-T-H/SAME/3301,AR90,J-T-H,S,SAME,3301,"{""timestamp_jitter_us"": 1000}",W,True,complete,True,1.0,1.0,1.0,16.5,3,3,0,0,0,0,0,0,1.0,1.0,B.orientation,0.00621701004179632,0.017453292519943295,rad,0.35620843658538065,,,,,,AR90/CLEAN-S/SAME/0,0.0
AR90/J-T-H/SAME/4409,AR90,J-T-H,S,SAME,4409,"{""timestamp_jitter_us"": 1000}",W,True,complete,True,1.0,1.0,1.0,16.5,3,3,0,0,0,0,0,0,1.0,1.0,B.orientation,0.006169947819196325,0.017453292519943295,rad,0.3535119698558957,,,,,,AR90/CLEAN-S/SAME/0,0.0
AR90/J-T-H/SAME/5519,AR90,J-T-H,S,SAME,5519,"{""timestamp_jitter_us"": 1000}",W,True,complete,True,1.0,1.0,1.0,16.5,3,3,0,0,0,0,0,0,1.0,1.0,B.orientation,0.0062669396355219936,0.017453292519943295,rad,0.3590691915786646,,,,,,AR90/CLEAN-S/SAME/0,0.0
AR90/J-T-L/A/1103,AR90,J-T-L,S,A,1103,"{""timestamp_jitter_us"": 100}",W,True,complete,True,1.0,1.0,1.0,16.5,3,3,0,0,0,0,0,0,1.0,1.0,B.orientation,0.005523926426501909,0.017453292519943295,rad,0.3164976705793421,,,,,,AR90/CLEAN-S/SAME/0,0.0
AR90/J-T-L/A/2207,AR90,J-T-L,S,A,2207,"{""timestamp_jitter_us"": 100}",W,True,complete,True,1.0,1.0,1.0,16.5,3,3,0,0,0,0,0,0,1.0,1.0,B.orientation,0.005523926426501909,0.017453292519943295,rad,0.3164976705793421,,,,,,AR90/CLEAN-S/SAME/0,0.0
AR90/J-T-L/A/3301,AR90,J-T-L,S,A,3301,"{""timestamp_jitter_us"": 100}",W,True,complete,True,1.0,1.0,1.0,16.5,3,3,0,0,0,0,0,0,1.0,1.0,B.orientation,0.005523926426501909,0.017453292519943295,rad,0.3164976705793421,,,,,,AR90/CLEAN-S/SAME/0,0.0
AR90/J-T-L/A/4409,AR90,J-T-L,S,A,4409,"{""timestamp_jitter_us"": 100}",W,True,complete,True,1.0,1.0,1.0,16.5,3,3,0,0,0,0,0,0,1.0,1.0,B.orientation,0.005523926426501909,0.017453292519943295,rad,0.3164976705793421,,,,,,AR90/CLEAN-S/SAME/0,0.0
AR90/J-T-L/A/5519,AR90,J-T-L,S,A,5519,"{""timestamp_jitter_us"": 100}",W,True,complete,True,1.0,1.0,1.0,16.5,3,3,0,0,0,0,0,0,1.0,1.0,B.orientation,0.005523926426501909,0.017453292519943295,rad,0.3164976705793421,,,,,,AR90/CLEAN-S/SAME/0,0.0
AR90/J-T-L/B/1103,AR90,J-T-L,S,B,1103,"{""timestamp_jitter_us"": 100}",W,True,complete,True,1.0,1.0,1.0,16.5,3,3,0,0,0,0,0,0,1.0,1.0,B.orientation,0.005528218603678588,0.017453292519943295,rad,0.3167435942164882,,,,,,AR90/CLEAN-S/SAME/0,0.0
AR90/J-T-L/B/2207,AR90,J-T-L,S,B,2207,"{""timestamp_jitter_us"": 100}",W,True,complete,True,1.0,1.0,1.0,16.5,3,3,0,0,0,0,0,0,1.0,1.0,B.orientation,0.005529529901486938,0.017453292519943295,rad,0.3168187260465914,,,,,,AR90/CLEAN-S/SAME/0,0.0
AR90/J-T-L/B/3301,AR90,J-T-L,S,B,3301,"{""timestamp_jitter_us"": 100}",W,True,complete,True,1.0,1.0,1.0,16.5,3,3,0,0,0,0,0,0,1.0,1.0,B.orientation,0.005537570277862443,0.017453292519943295,rad,0.3172794056786045,,,,,,AR90/CLEAN-S/SAME/0,0.0
AR90/J-T-L/B/4409,AR90,J-T-L,S,B,4409,"{""timestamp_jitter_us"": 100}",W,True,complete,True,1.0,1.0,1.0,16.5,3,3,0,0,0,0,0,0,1.0,1.0,B.orientation,0.005564720623672506,0.017453292519943295,rad,0.31883500590584185,,,,,,AR90/CLEAN-S/SAME/0,0.0
AR90/J-T-L/B/5519,AR90,J-T-L,S,B,5519,"{""timestamp_jitter_us"": 100}",W,True,complete,True,1.0,1.0,1.0,16.5,3,3,0,0,0,0,0,0,1.0,1.0,B.orientation,0.005528070177038269,0.017453292519943295,rad,0.31673508999643063,,,,,,AR90/CLEAN-S/SAME/0,0.0
AR90/J-T-L/SAME/1103,AR90,J-T-L,S,SAME,1103,"{""timestamp_jitter_us"": 100}",W,True,complete,True,1.0,1.0,1.0,16.5,3,3,0,0,0,0,0,0,1.0,1.0,B.orientation,0.005528218603678588,0.017453292519943295,rad,0.3167435942164882,,,,,,AR90/CLEAN-S/SAME/0,0.0
AR90/J-T-L/SAME/2207,AR90,J-T-L,S,SAME,2207,"{""timestamp_jitter_us"": 100}",W,True,complete,True,1.0,1.0,1.0,16.5,3,3,0,0,0,0,0,0,1.0,1.0,B.orientation,0.005529529901486938,0.017453292519943295,rad,0.3168187260465914,,,,,,AR90/CLEAN-S/SAME/0,0.0
AR90/J-T-L/SAME/3301,AR90,J-T-L,S,SAME,3301,"{""timestamp_jitter_us"": 100}",W,True,complete,True,1.0,1.0,1.0,16.5,3,3,0,0,0,0,0,0,1.0,1.0,B.orientation,0.005537570277862443,0.017453292519943295,rad,0.3172794056786045,,,,,,AR90/CLEAN-S/SAME/0,0.0
AR90/J-T-L/SAME/4409,AR90,J-T-L,S,SAME,4409,"{""timestamp_jitter_us"": 100}",W,True,complete,True,1.0,1.0,1.0,16.5,3,3,0,0,0,0,0,0,1.0,1.0,B.orientation,0.005564720623672506,0.017453292519943295,rad,0.31883500590584185,,,,,,AR90/CLEAN-S/SAME/0,0.0
AR90/J-T-L/SAME/5519,AR90,J-T-L,S,SAME,5519,"{""timestamp_jitter_us"": 100}",W,True,complete,True,1.0,1.0,1.0,16.5,3,3,0,0,0,0,0,0,1.0,1.0,B.orientation,0.005528070177038269,0.017453292519943295,rad,0.31673508999643063,,,,,,AR90/CLEAN-S/SAME/0,0.0
AR90/J-T-X/A/1103,AR90,J-T-X,S,A,1103,"{""timestamp_jitter_us"": 6000}",stress,True,expected_rejection,False,0.0,0.0,,16.5,3,,3,0,0,0,0,0,1.0,1.0,,,,,,,,ahrs,ValueError,timestamp_us must increase strictly within an epoch,AR90/CLEAN-S/SAME/0,
AR90/J-T-X/A/2207,AR90,J-T-X,S,A,2207,"{""timestamp_jitter_us"": 6000}",stress,True,expected_rejection,False,0.0,0.0,,16.5,3,,3,0,0,0,0,0,1.0,1.0,,,,,,,,ahrs,ValueError,timestamp_us must increase strictly within an epoch,AR90/CLEAN-S/SAME/0,
AR90/J-T-X/A/3301,AR90,J-T-X,S,A,3301,"{""timestamp_jitter_us"": 6000}",stress,True,expected_rejection,False,0.0,0.0,,16.5,3,,3,0,0,0,0,0,1.0,1.0,,,,,,,,ahrs,ValueError,timestamp_us must increase strictly within an epoch,AR90/CLEAN-S/SAME/0,
AR90/J-T-X/A/4409,AR90,J-T-X,S,A,4409,"{""timestamp_jitter_us"": 6000}",stress,True,expected_rejection,False,0.0,0.0,,16.5,3,,3,0,0,0,0,0,1.0,1.0,,,,,,,,ahrs,ValueError,timestamp_us must increase strictly within an epoch,AR90/CLEAN-S/SAME/0,
AR90/J-T-X/A/5519,AR90,J-T-X,S,A,5519,"{""timestamp_jitter_us"": 6000}",stress,True,expected_rejection,False,0.0,0.0,,16.5,3,,3,0,0,0,0,0,1.0,1.0,,,,,,,,ahrs,ValueError,timestamp_us must increase strictly within an epoch,AR90/CLEAN-S/SAME/0,
AR90/J-T-X/B/1103,AR90,J-T-X,S,B,1103,"{""timestamp_jitter_us"": 6000}",stress,True,expected_rejection,False,0.0,0.0,,16.5,3,,3,0,0,0,0,0,1.0,1.0,A.initialization,2.220446049250313e-16,0.017453292519943295,rad,1.2722218725854067e-14,,,ahrs,ValueError,timestamp_us must increase strictly within an epoch,AR90/CLEAN-S/SAME/0,
AR90/J-T-X/B/2207,AR90,J-T-X,S,B,2207,"{""timestamp_jitter_us"": 6000}",stress,True,expected_rejection,False,0.0,0.0,,16.5,3,,3,0,0,0,0,0,1.0,1.0,A.initialization,2.220446049250313e-16,0.017453292519943295,rad,1.2722218725854067e-14,,,ahrs,ValueError,timestamp_us must increase strictly within an epoch,AR90/CLEAN-S/SAME/0,
AR90/J-T-X/B/3301,AR90,J-T-X,S,B,3301,"{""timestamp_jitter_us"": 6000}",stress,True,expected_rejection,False,0.0,0.0,,16.5,3,,3,0,0,0,0,0,1.0,1.0,A.initialization,2.220446049250313e-16,0.017453292519943295,rad,1.2722218725854067e-14,,,ahrs,ValueError,timestamp_us must increase strictly within an epoch,AR90/CLEAN-S/SAME/0,
AR90/J-T-X/B/4409,AR90,J-T-X,S,B,4409,"{""timestamp_jitter_us"": 6000}",stress,True,expected_rejection,False,0.0,0.0,,16.5,3,,3,0,0,0,0,0,1.0,1.0,A.initialization,2.220446049250313e-16,0.017453292519943295,rad,1.2722218725854067e-14,,,ahrs,ValueError,timestamp_us must increase strictly within an epoch,AR90/CLEAN-S/SAME/0,
AR90/J-T-X/B/5519,AR90,J-T-X,S,B,5519,"{""timestamp_jitter_us"": 6000}",stress,True,expected_rejection,False,0.0,0.0,,16.5,3,,3,0,0,0,0,0,1.0,1.0,A.initialization,2.220446049250313e-16,0.017453292519943295,rad,1.2722218725854067e-14,,,ahrs,ValueError,timestamp_us must increase strictly within an epoch,AR90/CLEAN-S/SAME/0,
AR90/J-T-X/SAME/1103,AR90,J-T-X,S,SAME,1103,"{""timestamp_jitter_us"": 6000}",stress,True,expected_rejection,False,0.0,0.0,,16.5,3,,3,0,0,0,0,0,1.0,1.0,,,,,,,,ahrs,ValueError,timestamp_us must increase strictly within an epoch,AR90/CLEAN-S/SAME/0,
AR90/J-T-X/SAME/2207,AR90,J-T-X,S,SAME,2207,"{""timestamp_jitter_us"": 6000}",stress,True,expected_rejection,False,0.0,0.0,,16.5,3,,3,0,0,0,0,0,1.0,1.0,,,,,,,,ahrs,ValueError,timestamp_us must increase strictly within an epoch,AR90/CLEAN-S/SAME/0,
AR90/J-T-X/SAME/3301,AR90,J-T-X,S,SAME,3301,"{""timestamp_jitter_us"": 6000}",stress,True,expected_rejection,False,0.0,0.0,,16.5,3,,3,0,0,0,0,0,1.0,1.0,,,,,,,,ahrs,ValueError,timestamp_us must increase strictly within an epoch,AR90/CLEAN-S/SAME/0,
AR90/J-T-X/SAME/4409,AR90,J-T-X,S,SAME,4409,"{""timestamp_jitter_us"": 6000}",stress,True,expected_rejection,False,0.0,0.0,,16.5,3,,3,0,0,0,0,0,1.0,1.0,,,,,,,,ahrs,ValueError,timestamp_us must increase strictly within an epoch,AR90/CLEAN-S/SAME/0,
AR90/J-T-X/SAME/5519,AR90,J-T-X,S,SAME,5519,"{""timestamp_jitter_us"": 6000}",stress,True,expected_rejection,False,0.0,0.0,,16.5,3,,3,0,0,0,0,0,1.0,1.0,,,,,,,,ahrs,ValueError,timestamp_us must increase strictly within an epoch,AR90/CLEAN-S/SAME/0,
AR90/L-P-BURST/A/0,AR90,L-P-BURST,Q,A,0,"{""loss"": ""packet-burst""}",rejection,True,expected_rejection,False,0.0,0.0,,16.5,3,,3,0,8,0,2,0,0.9962807996280799,1.0,,,,,,,,ahrs,ValueError,observed timestamp gap exceeds max_gap_s,AR90/CLEAN-Q/SAME/0,
AR90/L-P-BURST/B/0,AR90,L-P-BURST,Q,B,0,"{""loss"": ""packet-burst""}",rejection,True,expected_rejection,False,0.0,0.0,,16.5,3,,3,0,0,8,0,2,1.0,0.9962807996280799,A.initialization,2.220446049250313e-16,0.017453292519943295,rad,1.2722218725854067e-14,,,ahrs,ValueError,observed timestamp gap exceeds max_gap_s,AR90/CLEAN-Q/SAME/0,
AR90/L-P-BURST/SAME/0,AR90,L-P-BURST,Q,SAME,0,"{""loss"": ""packet-burst""}",rejection,True,expected_rejection,False,0.0,0.0,,16.5,3,,3,0,8,8,2,2,0.9962807996280799,0.9962807996280799,,,,,,,,ahrs,ValueError,observed timestamp gap exceeds max_gap_s,AR90/CLEAN-Q/SAME/0,
AR90/L-P-ONE/A/0,AR90,L-P-ONE,Q,A,0,"{""loss"": ""packet-one""}",W,True,complete,True,1.0,1.0,1.0,16.5,3,3,0,0,4,0,1,0,0.99814039981404,1.0,B.orientation,0.005663104217917617,0.017453292519943295,rad,0.32447197062941424,,,,,,AR90/CLEAN-Q/SAME/0,0.0
AR90/L-P-ONE/B/0,AR90,L-P-ONE,Q,B,0,"{""loss"": ""packet-one""}",W,False,complete,False,1.0,1.0,1.0,16.5,3,3,0,0,0,4,0,1,1.0,0.99814039981404,interval_speed,1.03428372321723,0.10471975511965977,rad/s,9.876682026570712,B.orientation;interval_speed,,,,,AR90/CLEAN-Q/SAME/0,0.0
AR90/L-P-ONE/SAME/0,AR90,L-P-ONE,Q,SAME,0,"{""loss"": ""packet-one""}",W,False,complete,False,1.0,1.0,1.0,16.5,3,3,0,0,4,4,1,1,0.99814039981404,0.99814039981404,interval_speed,1.03428372321723,0.10471975511965977,rad/s,9.876682026570712,B.orientation;interval_speed,,,,,AR90/CLEAN-Q/SAME/0,0.0
AR90/L-P-PER/A/0,AR90,L-P-PER,Q,A,0,"{""loss"": ""packet-per""}",W,True,complete,True,1.0,1.0,1.0,16.5,3,3,0,0,64,0,16,0,0.9702463970246397,1.0,B.orientation,0.005663104217917617,0.017453292519943295,rad,0.32447197062941424,,,,,,AR90/CLEAN-Q/SAME/0,0.0
AR90/L-P-PER/B/0,AR90,L-P-PER,Q,B,0,"{""loss"": ""packet-per""}",W,False,complete,False,1.0,1.0,1.0,16.5,3,3,0,0,0,64,0,16,1.0,0.9702463970246397,interval_speed,1.0685454713695424,0.10471975511965977,rad/s,10.20385762121532,interval_speed,,,,,AR90/CLEAN-Q/SAME/0,0.0
AR90/L-P-PER/SAME/0,AR90,L-P-PER,Q,SAME,0,"{""loss"": ""packet-per""}",W,False,complete,False,1.0,1.0,1.0,16.5,3,3,0,0,64,64,16,16,0.9702463970246397,0.9702463970246397,interval_speed,1.0685454713695424,0.10471975511965977,rad/s,10.20385762121532,interval_speed,,,,,AR90/CLEAN-Q/SAME/0,0.0
AR90/L-S-BURST/A/0,AR90,L-S-BURST,S,A,0,"{""loss"": ""sample-burst""}",rejection,True,expected_rejection,False,0.0,0.0,,16.5,3,,3,0,7,0,1,0,0.9967456996745699,1.0,,,,,,,,ahrs,ValueError,observed timestamp gap exceeds max_gap_s,AR90/CLEAN-S/SAME/0,
AR90/L-S-BURST/B/0,AR90,L-S-BURST,S,B,0,"{""loss"": ""sample-burst""}",rejection,True,expected_rejection,False,0.0,0.0,,16.5,3,,3,0,0,7,0,1,1.0,0.9967456996745699,A.initialization,2.220446049250313e-16,0.017453292519943295,rad,1.2722218725854067e-14,,,ahrs,ValueError,observed timestamp gap exceeds max_gap_s,AR90/CLEAN-S/SAME/0,
AR90/L-S-BURST/SAME/0,AR90,L-S-BURST,S,SAME,0,"{""loss"": ""sample-burst""}",rejection,True,expected_rejection,False,0.0,0.0,,16.5,3,,3,0,7,7,1,1,0.9967456996745699,0.9967456996745699,,,,,,,,ahrs,ValueError,observed timestamp gap exceeds max_gap_s,AR90/CLEAN-S/SAME/0,
AR90/L-S-ONE/A/0,AR90,L-S-ONE,S,A,0,"{""loss"": ""sample-one""}",W,True,complete,True,1.0,1.0,1.0,16.5,3,3,0,0,1,0,0,0,0.99953509995351,1.0,B.orientation,0.005523926426501909,0.017453292519943295,rad,0.3164976705793421,,,,,,AR90/CLEAN-S/SAME/0,0.0
AR90/L-S-ONE/B/0,AR90,L-S-ONE,S,B,0,"{""loss"": ""sample-one""}",W,False,complete,False,1.0,1.0,1.0,16.5,3,3,0,0,0,1,0,0,1.0,0.99953509995351,interval_speed,1.0447120304578421,0.10471975511965977,rad/s,9.976265025296177,interval_speed,,,,,AR90/CLEAN-S/SAME/0,0.0
AR90/L-S-ONE/SAME/0,AR90,L-S-ONE,S,SAME,0,"{""loss"": ""sample-one""}",W,False,complete,False,1.0,1.0,1.0,16.5,3,3,0,0,1,1,0,0,0.99953509995351,0.99953509995351,interval_speed,1.0447120304578421,0.10471975511965977,rad/s,9.976265025296177,interval_speed,,,,,AR90/CLEAN-S/SAME/0,0.0
AR90/L-S-PER/A/0,AR90,L-S-PER,S,A,0,"{""loss"": ""sample-per""}",W,True,complete,True,1.0,1.0,1.0,16.5,3,3,0,0,16,0,0,0,0.9925615992561599,1.0,B.orientation,0.005523926426501909,0.017453292519943295,rad,0.3164976705793421,,,,,,AR90/CLEAN-S/SAME/0,0.0
AR90/L-S-PER/B/0,AR90,L-S-PER,S,B,0,"{""loss"": ""sample-per""}",W,False,complete,False,1.0,1.0,1.0,16.5,3,3,0,0,0,16,0,0,1.0,0.9925615992561599,interval_speed,1.0528204185765153,0.10471975511965977,rad/s,10.053694428271845,interval_speed,,,,,AR90/CLEAN-S/SAME/0,0.0
AR90/L-S-PER/SAME/0,AR90,L-S-PER,S,SAME,0,"{""loss"": ""sample-per""}",W,False,complete,False,1.0,1.0,1.0,16.5,3,3,0,0,16,16,0,0,0.9925615992561599,0.9925615992561599,interval_speed,1.0528204185765153,0.10471975511965977,rad/s,10.053694428271845,interval_speed,,,,,AR90/CLEAN-S/SAME/0,0.0
AR90/N-A-H/A/1103,AR90,N-A-H,S,A,1103,"{""accel_sigma"": 0.02}",W,True,complete,True,1.0,1.0,1.0,16.5,3,3,0,0,0,0,0,0,1.0,1.0,B.orientation,0.005523926426501909,0.017453292519943295,rad,0.3164976705793421,,,,,,AR90/CLEAN-S/SAME/0,0.0
AR90/N-A-H/A/2207,AR90,N-A-H,S,A,2207,"{""accel_sigma"": 0.02}",W,True,complete,True,1.0,1.0,1.0,16.5,3,3,0,0,0,0,0,0,1.0,1.0,B.orientation,0.005523926426501909,0.017453292519943295,rad,0.3164976705793421,,,,,,AR90/CLEAN-S/SAME/0,0.0
AR90/N-A-H/A/3301,AR90,N-A-H,S,A,3301,"{""accel_sigma"": 0.02}",W,True,complete,True,1.0,1.0,1.0,16.5,3,3,0,0,0,0,0,0,1.0,1.0,B.orientation,0.005523926426501909,0.017453292519943295,rad,0.3164976705793421,,,,,,AR90/CLEAN-S/SAME/0,0.0
AR90/N-A-H/A/4409,AR90,N-A-H,S,A,4409,"{""accel_sigma"": 0.02}",W,True,complete,True,1.0,1.0,1.0,16.5,3,3,0,0,0,0,0,0,1.0,1.0,B.orientation,0.005523926426501909,0.017453292519943295,rad,0.3164976705793421,,,,,,AR90/CLEAN-S/SAME/0,0.0
AR90/N-A-H/A/5519,AR90,N-A-H,S,A,5519,"{""accel_sigma"": 0.02}",W,True,complete,True,1.0,1.0,1.0,16.5,3,3,0,0,0,0,0,0,1.0,1.0,B.orientation,0.005523926426501909,0.017453292519943295,rad,0.3164976705793421,,,,,,AR90/CLEAN-S/SAME/0,0.0
AR90/N-A-H/B/1103,AR90,N-A-H,S,B,1103,"{""accel_sigma"": 0.02}",W,True,complete,True,1.0,1.0,1.0,16.5,3,3,0,0,0,0,0,0,1.0,1.0,B.orientation,0.005533717399082332,0.017453292519943295,rad,0.3170586519855287,,,,,,AR90/CLEAN-S/SAME/0,0.0
AR90/N-A-H/B/2207,AR90,N-A-H,S,B,2207,"{""accel_sigma"": 0.02}",W,True,complete,True,1.0,1.0,1.0,16.5,3,3,0,0,0,0,0,0,1.0,1.0,B.orientation,0.005579113027349544,0.017453292519943295,rad,0.3196596298935847,,,,,,AR90/CLEAN-S/SAME/0,0.0
AR90/N-A-H/B/3301,AR90,N-A-H,S,B,3301,"{""accel_sigma"": 0.02}",W,True,complete,True,1.0,1.0,1.0,16.5,3,3,0,0,0,0,0,0,1.0,1.0,B.orientation,0.0056597989617429845,0.017453292519943295,rad,0.3242825934003983,,,,,,AR90/CLEAN-S/SAME/0,0.0
AR90/N-A-H/B/4409,AR90,N-A-H,S,B,4409,"{""accel_sigma"": 0.02}",W,True,complete,True,1.0,1.0,1.0,16.5,3,3,0,0,0,0,0,0,1.0,1.0,B.orientation,0.005588039386781092,0.017453292519943295,rad,0.3201710726154292,,,,,,AR90/CLEAN-S/SAME/0,0.0
AR90/N-A-H/B/5519,AR90,N-A-H,S,B,5519,"{""accel_sigma"": 0.02}",W,True,complete,True,1.0,1.0,1.0,16.5,3,3,0,0,0,0,0,0,1.0,1.0,B.orientation,0.005531597355070549,0.017453292519943295,rad,0.31693718241127156,,,,,,AR90/CLEAN-S/SAME/0,0.0
AR90/N-A-H/SAME/1103,AR90,N-A-H,S,SAME,1103,"{""accel_sigma"": 0.02}",W,True,complete,True,1.0,1.0,1.0,16.5,3,3,0,0,0,0,0,0,1.0,1.0,B.orientation,0.005533717399082332,0.017453292519943295,rad,0.3170586519855287,,,,,,AR90/CLEAN-S/SAME/0,0.0
AR90/N-A-H/SAME/2207,AR90,N-A-H,S,SAME,2207,"{""accel_sigma"": 0.02}",W,True,complete,True,1.0,1.0,1.0,16.5,3,3,0,0,0,0,0,0,1.0,1.0,B.orientation,0.005579113027349544,0.017453292519943295,rad,0.3196596298935847,,,,,,AR90/CLEAN-S/SAME/0,0.0
AR90/N-A-H/SAME/3301,AR90,N-A-H,S,SAME,3301,"{""accel_sigma"": 0.02}",W,True,complete,True,1.0,1.0,1.0,16.5,3,3,0,0,0,0,0,0,1.0,1.0,B.orientation,0.0056597989617429845,0.017453292519943295,rad,0.3242825934003983,,,,,,AR90/CLEAN-S/SAME/0,0.0
AR90/N-A-H/SAME/4409,AR90,N-A-H,S,SAME,4409,"{""accel_sigma"": 0.02}",W,True,complete,True,1.0,1.0,1.0,16.5,3,3,0,0,0,0,0,0,1.0,1.0,B.orientation,0.005588039386781092,0.017453292519943295,rad,0.3201710726154292,,,,,,AR90/CLEAN-S/SAME/0,0.0
AR90/N-A-H/SAME/5519,AR90,N-A-H,S,SAME,5519,"{""accel_sigma"": 0.02}",W,True,complete,True,1.0,1.0,1.0,16.5,3,3,0,0,0,0,0,0,1.0,1.0,B.orientation,0.005531597355070549,0.017453292519943295,rad,0.31693718241127156,,,,,,AR90/CLEAN-S/SAME/0,0.0
AR90/N-A-L/A/1103,AR90,N-A-L,S,A,1103,"{""accel_sigma"": 0.005}",W,True,complete,True,1.0,1.0,1.0,16.5,3,3,0,0,0,0,0,0,1.0,1.0,B.orientation,0.005523926426501909,0.017453292519943295,rad,0.3164976705793421,,,,,,AR90/CLEAN-S/SAME/0,0.0
AR90/N-A-L/A/2207,AR90,N-A-L,S,A,2207,"{""accel_sigma"": 0.005}",W,True,complete,True,1.0,1.0,1.0,16.5,3,3,0,0,0,0,0,0,1.0,1.0,B.orientation,0.005523926426501909,0.017453292519943295,rad,0.3164976705793421,,,,,,AR90/CLEAN-S/SAME/0,0.0
AR90/N-A-L/A/3301,AR90,N-A-L,S,A,3301,"{""accel_sigma"": 0.005}",W,True,complete,True,1.0,1.0,1.0,16.5,3,3,0,0,0,0,0,0,1.0,1.0,B.orientation,0.005523926426501909,0.017453292519943295,rad,0.3164976705793421,,,,,,AR90/CLEAN-S/SAME/0,0.0
AR90/N-A-L/A/4409,AR90,N-A-L,S,A,4409,"{""accel_sigma"": 0.005}",W,True,complete,True,1.0,1.0,1.0,16.5,3,3,0,0,0,0,0,0,1.0,1.0,B.orientation,0.005523926426501909,0.017453292519943295,rad,0.3164976705793421,,,,,,AR90/CLEAN-S/SAME/0,0.0
AR90/N-A-L/A/5519,AR90,N-A-L,S,A,5519,"{""accel_sigma"": 0.005}",W,True,complete,True,1.0,1.0,1.0,16.5,3,3,0,0,0,0,0,0,1.0,1.0,B.orientation,0.005523926426501909,0.017453292519943295,rad,0.3164976705793421,,,,,,AR90/CLEAN-S/SAME/0,0.0
AR90/N-A-L/B/1103,AR90,N-A-L,S,B,1103,"{""accel_sigma"": 0.005}",W,True,complete,True,1.0,1.0,1.0,16.5,3,3,0,0,0,0,0,0,1.0,1.0,B.orientation,0.005526045858373006,0.017453292519943295,rad,0.3166191050805215,,,,,,AR90/CLEAN-S/SAME/0,0.0
AR90/N-A-L/B/2207,AR90,N-A-L,S,B,2207,"{""accel_sigma"": 0.005}",W,True,complete,True,1.0,1.0,1.0,16.5,3,3,0,0,0,0,0,0,1.0,1.0,B.orientation,0.005537954979132645,0.017453292519943295,rad,0.31730144743776045,,,,,,AR90/CLEAN-S/SAME/0,0.0
AR90/N-A-L/B/3301,AR90,N-A-L,S,B,3301,"{""accel_sigma"": 0.005}",W,True,complete,True,1.0,1.0,1.0,16.5,3,3,0,0,0,0,0,0,1.0,1.0,B.orientation,0.005557052009883364,0.017453292519943295,rad,0.3183956267010082,,,,,,AR90/CLEAN-S/SAME/0,0.0
AR90/N-A-L/B/4409,AR90,N-A-L,S,B,4409,"{""accel_sigma"": 0.005}",W,True,complete,True,1.0,1.0,1.0,16.5,3,3,0,0,0,0,0,0,1.0,1.0,B.orientation,0.005539827581674222,0.017453292519943295,rad,0.31740873966009825,,,,,,AR90/CLEAN-S/SAME/0,0.0
AR90/N-A-L/B/5519,AR90,N-A-L,S,B,5519,"{""accel_sigma"": 0.005}",W,True,complete,True,1.0,1.0,1.0,16.5,3,3,0,0,0,0,0,0,1.0,1.0,B.orientation,0.005525750967922728,0.017453292519943295,rad,0.31660220910230186,,,,,,AR90/CLEAN-S/SAME/0,0.0
AR90/N-A-L/SAME/1103,AR90,N-A-L,S,SAME,1103,"{""accel_sigma"": 0.005}",W,True,complete,True,1.0,1.0,1.0,16.5,3,3,0,0,0,0,0,0,1.0,1.0,B.orientation,0.005526045858373006,0.017453292519943295,rad,0.3166191050805215,,,,,,AR90/CLEAN-S/SAME/0,0.0
AR90/N-A-L/SAME/2207,AR90,N-A-L,S,SAME,2207,"{""accel_sigma"": 0.005}",W,True,complete,True,1.0,1.0,1.0,16.5,3,3,0,0,0,0,0,0,1.0,1.0,B.orientation,0.005537954979132645,0.017453292519943295,rad,0.31730144743776045,,,,,,AR90/CLEAN-S/SAME/0,0.0
AR90/N-A-L/SAME/3301,AR90,N-A-L,S,SAME,3301,"{""accel_sigma"": 0.005}",W,True,complete,True,1.0,1.0,1.0,16.5,3,3,0,0,0,0,0,0,1.0,1.0,B.orientation,0.005557052009883364,0.017453292519943295,rad,0.3183956267010082,,,,,,AR90/CLEAN-S/SAME/0,0.0
AR90/N-A-L/SAME/4409,AR90,N-A-L,S,SAME,4409,"{""accel_sigma"": 0.005}",W,True,complete,True,1.0,1.0,1.0,16.5,3,3,0,0,0,0,0,0,1.0,1.0,B.orientation,0.005539827581674222,0.017453292519943295,rad,0.31740873966009825,,,,,,AR90/CLEAN-S/SAME/0,0.0
AR90/N-A-L/SAME/5519,AR90,N-A-L,S,SAME,5519,"{""accel_sigma"": 0.005}",W,True,complete,True,1.0,1.0,1.0,16.5,3,3,0,0,0,0,0,0,1.0,1.0,B.orientation,0.005525750967922728,0.017453292519943295,rad,0.31660220910230186,,,,,,AR90/CLEAN-S/SAME/0,0.0
AR90/N-A-X/A/1103,AR90,N-A-X,S,A,1103,"{""accel_sigma"": 0.2}",stress,True,stress_completed,True,1.0,1.0,1.0,16.5,3,3,0,0,0,0,0,0,1.0,1.0,AR90:rep-3.hold_speed_max_rads,0.03647393218603325,0.10471975511965977,rad/s,0.3483003960843463,,,,,,AR90/CLEAN-S/SAME/0,0.0
AR90/N-A-X/A/2207,AR90,N-A-X,S,A,2207,"{""accel_sigma"": 0.2}",stress,True,stress_completed,True,1.0,1.0,1.0,16.5,3,3,0,0,0,0,0,0,1.0,1.0,AR90:rep-1.hold_speed_max_rads,0.042758619349192145,0.10471975511965977,rad/s,0.4083147377525215,,,,,,AR90/CLEAN-S/SAME/0,0.0
AR90/N-A-X/A/3301,AR90,N-A-X,S,A,3301,"{""accel_sigma"": 0.2}",stress,True,stress_completed,True,1.0,1.0,1.0,16.5,3,3,0,0,0,0,0,0,1.0,1.0,interval_speed,0.040665704228130976,0.10471975511965977,rad/s,0.38832887053320203,,,,,,AR90/CLEAN-S/SAME/0,0.0
AR90/N-A-X/A/4409,AR90,N-A-X,S,A,4409,"{""accel_sigma"": 0.2}",stress,True,stress_completed,True,1.0,1.0,1.0,16.5,3,3,0,0,0,0,0,0,1.0,1.0,AR90:rep-3.return_speed_max_rads,0.04119703714379319,0.10471975511965977,rad/s,0.39340272613050625,,,,,,AR90/CLEAN-S/SAME/0,0.0
AR90/N-A-X/A/5519,AR90,N-A-X,S,A,5519,"{""accel_sigma"": 0.2}",stress,True,stress_completed,True,1.0,1.0,1.0,16.5,3,3,0,0,0,0,0,0,1.0,1.0,AR90:rep-1.hold_speed_max_rads,0.042171300918488246,0.10471975511965977,rad/s,0.40270625986759145,,,,,,AR90/CLEAN-S/SAME/0,0.0
AR90/N-A-X/B/1103,AR90,N-A-X,S,B,1103,"{""accel_sigma"": 0.2}",stress,True,stress_completed,True,1.0,1.0,1.0,16.5,3,3,0,0,0,0,0,0,1.0,1.0,interval_speed,0.03833700962369413,0.10471975511965977,rad/s,0.366091475098349,,,,,,AR90/CLEAN-S/SAME/0,0.0
AR90/N-A-X/B/2207,AR90,N-A-X,S,B,2207,"{""accel_sigma"": 0.2}",stress,True,stress_completed,True,1.0,1.0,1.0,16.5,3,3,0,0,0,0,0,0,1.0,1.0,B.orientation,0.006359051743370871,0.017453292519943295,rad,0.3643468266004592,,,,,,AR90/CLEAN-S/SAME/0,0.0
AR90/N-A-X/B/3301,AR90,N-A-X,S,B,3301,"{""accel_sigma"": 0.2}",stress,True,stress_completed,True,1.0,1.0,1.0,16.5,3,3,0,0,0,0,0,0,1.0,1.0,B.orientation,0.0073068334760618804,0.017453292519943295,rad,0.41865071978325036,,,,,,AR90/CLEAN-S/SAME/0,0.0
AR90/N-A-X/B/4409,AR90,N-A-X,S,B,4409,"{""accel_sigma"": 0.2}",stress,True,stress_completed,True,1.0,1.0,1.0,16.5,3,3,0,0,0,0,0,0,1.0,1.0,B.orientation,0.0061987490751548155,0.017453292519943295,rad,0.35516216026699327,,,,,,AR90/CLEAN-S/SAME/0,0.0
AR90/N-A-X/B/5519,AR90,N-A-X,S,B,5519,"{""accel_sigma"": 0.2}",stress,True,stress_completed,True,1.0,1.0,1.0,16.5,3,3,0,0,0,0,0,0,1.0,1.0,interval_speed,0.03627073186777724,0.10471975511965977,rad/s,0.3463599759790489,,,,,,AR90/CLEAN-S/SAME/0,0.0
AR90/N-A-X/SAME/1103,AR90,N-A-X,S,SAME,1103,"{""accel_sigma"": 0.2}",stress,True,stress_completed,True,1.0,1.0,1.0,16.5,3,3,0,0,0,0,0,0,1.0,1.0,interval_speed,0.053871416593045285,0.10471975511965977,rad/s,0.5144341345287545,,,,,,AR90/CLEAN-S/SAME/0,0.0
AR90/N-A-X/SAME/2207,AR90,N-A-X,S,SAME,2207,"{""accel_sigma"": 0.2}",stress,True,stress_completed,True,1.0,1.0,1.0,16.5,3,3,0,0,0,0,0,0,1.0,1.0,AR90:rep-1.hold_speed_max_rads,0.05114346290945284,0.10471975511965977,rad/s,0.4883840957325856,,,,,,AR90/CLEAN-S/SAME/0,0.0
AR90/N-A-X/SAME/3301,AR90,N-A-X,S,SAME,3301,"{""accel_sigma"": 0.2}",stress,True,stress_completed,True,1.0,1.0,1.0,16.5,3,3,0,0,0,0,0,0,1.0,1.0,AR90:rep-2.hold_speed_max_rads,0.06275773506798862,0.10471975511965977,rad/s,0.5992922251993185,,,,,,AR90/CLEAN-S/SAME/0,0.0
AR90/N-A-X/SAME/4409,AR90,N-A-X,S,SAME,4409,"{""accel_sigma"": 0.2}",stress,True,stress_completed,True,1.0,1.0,1.0,16.5,3,3,0,0,0,0,0,0,1.0,1.0,AR90:rep-3.return_speed_max_rads,0.060490891204610375,0.10471975511965977,rad/s,0.5776454608348678,,,,,,AR90/CLEAN-S/SAME/0,0.0
AR90/N-A-X/SAME/5519,AR90,N-A-X,S,SAME,5519,"{""accel_sigma"": 0.2}",stress,True,stress_completed,True,1.0,1.0,1.0,16.5,3,3,0,0,0,0,0,0,1.0,1.0,interval_speed,0.05059592265066648,0.10471975511965977,rad/s,0.48315547140892573,,,,,,AR90/CLEAN-S/SAME/0,0.0
AR90/N-G-H/A/1103,AR90,N-G-H,S,A,1103,"{""gyro_sigma"": 0.005}",W,True,complete,True,1.0,1.0,1.0,16.5,3,3,0,0,0,0,0,0,1.0,1.0,B.orientation,0.005523926426501909,0.017453292519943295,rad,0.3164976705793421,,,,,,AR90/CLEAN-S/SAME/0,0.0
AR90/N-G-H/A/2207,AR90,N-G-H,S,A,2207,"{""gyro_sigma"": 0.005}",W,True,complete,True,1.0,1.0,1.0,16.5,3,3,0,0,0,0,0,0,1.0,1.0,B.orientation,0.005523926426501909,0.017453292519943295,rad,0.3164976705793421,,,,,,AR90/CLEAN-S/SAME/0,0.0
AR90/N-G-H/A/3301,AR90,N-G-H,S,A,3301,"{""gyro_sigma"": 0.005}",W,True,complete,True,1.0,1.0,1.0,16.5,3,3,0,0,0,0,0,0,1.0,1.0,B.orientation,0.005523926426501909,0.017453292519943295,rad,0.3164976705793421,,,,,,AR90/CLEAN-S/SAME/0,0.0
AR90/N-G-H/A/4409,AR90,N-G-H,S,A,4409,"{""gyro_sigma"": 0.005}",W,True,complete,True,1.0,1.0,1.0,16.5,3,3,0,0,0,0,0,0,1.0,1.0,B.orientation,0.005523926426501909,0.017453292519943295,rad,0.3164976705793421,,,,,,AR90/CLEAN-S/SAME/0,0.0
AR90/N-G-H/A/5519,AR90,N-G-H,S,A,5519,"{""gyro_sigma"": 0.005}",W,True,complete,True,1.0,1.0,1.0,16.5,3,3,0,0,0,0,0,0,1.0,1.0,B.orientation,0.005523926426501909,0.017453292519943295,rad,0.3164976705793421,,,,,,AR90/CLEAN-S/SAME/0,0.0
AR90/N-G-H/B/1103,AR90,N-G-H,S,B,1103,"{""gyro_sigma"": 0.005}",W,True,complete,True,1.0,1.0,1.0,16.5,3,3,0,0,0,0,0,0,1.0,1.0,B.orientation,0.0051464292699477995,0.017453292519943295,rad,0.29486867673060235,,,,,,AR90/CLEAN-S/SAME/0,0.0
AR90/N-G-H/B/2207,AR90,N-G-H,S,B,2207,"{""gyro_sigma"": 0.005}",W,True,complete,True,1.0,1.0,1.0,16.5,3,3,0,0,0,0,0,0,1.0,1.0,B.orientation,0.0057250175521903835,0.017453292519943295,rad,0.3280193433788265,,,,,,AR90/CLEAN-S/SAME/0,0.0
AR90/N-G-H/B/3301,AR90,N-G-H,S,B,3301,"{""gyro_sigma"": 0.005}",W,True,complete,True,1.0,1.0,1.0,16.5,3,3,0,0,0,0,0,0,1.0,1.0,B.orientation,0.006020711001572333,0.017453292519943295,rad,0.34496133005807744,,,,,,AR90/CLEAN-S/SAME/0,0.0
AR90/N-G-H/B/4409,AR90,N-G-H,S,B,4409,"{""gyro_sigma"": 0.005}",W,True,complete,True,1.0,1.0,1.0,16.5,3,3,0,0,0,0,0,0,1.0,1.0,B.orientation,0.00570982801345536,0.017453292519943295,rad,0.32714904691655916,,,,,,AR90/CLEAN-S/SAME/0,0.0
AR90/N-G-H/B/5519,AR90,N-G-H,S,B,5519,"{""gyro_sigma"": 0.005}",W,True,complete,True,1.0,1.0,1.0,16.5,3,3,0,0,0,0,0,0,1.0,1.0,B.orientation,0.006102356464825653,0.017453292519943295,rad,0.34963927051888316,,,,,,AR90/CLEAN-S/SAME/0,0.0
AR90/N-G-H/SAME/1103,AR90,N-G-H,S,SAME,1103,"{""gyro_sigma"": 0.005}",W,True,complete,True,1.0,1.0,1.0,16.5,3,3,0,0,0,0,0,0,1.0,1.0,B.orientation,0.0051464292699477995,0.017453292519943295,rad,0.29486867673060235,,,,,,AR90/CLEAN-S/SAME/0,0.0
AR90/N-G-H/SAME/2207,AR90,N-G-H,S,SAME,2207,"{""gyro_sigma"": 0.005}",W,True,complete,True,1.0,1.0,1.0,16.5,3,3,0,0,0,0,0,0,1.0,1.0,B.orientation,0.0057250175521903835,0.017453292519943295,rad,0.3280193433788265,,,,,,AR90/CLEAN-S/SAME/0,0.0
AR90/N-G-H/SAME/3301,AR90,N-G-H,S,SAME,3301,"{""gyro_sigma"": 0.005}",W,True,complete,True,1.0,1.0,1.0,16.5,3,3,0,0,0,0,0,0,1.0,1.0,B.orientation,0.006020711001572333,0.017453292519943295,rad,0.34496133005807744,,,,,,AR90/CLEAN-S/SAME/0,0.0
AR90/N-G-H/SAME/4409,AR90,N-G-H,S,SAME,4409,"{""gyro_sigma"": 0.005}",W,True,complete,True,1.0,1.0,1.0,16.5,3,3,0,0,0,0,0,0,1.0,1.0,B.orientation,0.00570982801345536,0.017453292519943295,rad,0.32714904691655916,,,,,,AR90/CLEAN-S/SAME/0,0.0
AR90/N-G-H/SAME/5519,AR90,N-G-H,S,SAME,5519,"{""gyro_sigma"": 0.005}",W,True,complete,True,1.0,1.0,1.0,16.5,3,3,0,0,0,0,0,0,1.0,1.0,B.orientation,0.006102356464825653,0.017453292519943295,rad,0.34963927051888316,,,,,,AR90/CLEAN-S/SAME/0,0.0
AR90/N-G-L/A/1103,AR90,N-G-L,S,A,1103,"{""gyro_sigma"": 0.001}",W,True,complete,True,1.0,1.0,1.0,16.5,3,3,0,0,0,0,0,0,1.0,1.0,B.orientation,0.005523926426501909,0.017453292519943295,rad,0.3164976705793421,,,,,,AR90/CLEAN-S/SAME/0,0.0
AR90/N-G-L/A/2207,AR90,N-G-L,S,A,2207,"{""gyro_sigma"": 0.001}",W,True,complete,True,1.0,1.0,1.0,16.5,3,3,0,0,0,0,0,0,1.0,1.0,B.orientation,0.005523926426501909,0.017453292519943295,rad,0.3164976705793421,,,,,,AR90/CLEAN-S/SAME/0,0.0
AR90/N-G-L/A/3301,AR90,N-G-L,S,A,3301,"{""gyro_sigma"": 0.001}",W,True,complete,True,1.0,1.0,1.0,16.5,3,3,0,0,0,0,0,0,1.0,1.0,B.orientation,0.005523926426501909,0.017453292519943295,rad,0.3164976705793421,,,,,,AR90/CLEAN-S/SAME/0,0.0
AR90/N-G-L/A/4409,AR90,N-G-L,S,A,4409,"{""gyro_sigma"": 0.001}",W,True,complete,True,1.0,1.0,1.0,16.5,3,3,0,0,0,0,0,0,1.0,1.0,B.orientation,0.005523926426501909,0.017453292519943295,rad,0.3164976705793421,,,,,,AR90/CLEAN-S/SAME/0,0.0
AR90/N-G-L/A/5519,AR90,N-G-L,S,A,5519,"{""gyro_sigma"": 0.001}",W,True,complete,True,1.0,1.0,1.0,16.5,3,3,0,0,0,0,0,0,1.0,1.0,B.orientation,0.005523926426501909,0.017453292519943295,rad,0.3164976705793421,,,,,,AR90/CLEAN-S/SAME/0,0.0
AR90/N-G-L/B/1103,AR90,N-G-L,S,B,1103,"{""gyro_sigma"": 0.001}",W,True,complete,True,1.0,1.0,1.0,16.5,3,3,0,0,0,0,0,0,1.0,1.0,B.orientation,0.005283392761829941,0.017453292519943295,rad,0.30271610676282334,,,,,,AR90/CLEAN-S/SAME/0,0.0
AR90/N-G-L/B/2207,AR90,N-G-L,S,B,2207,"{""gyro_sigma"": 0.001}",W,True,complete,True,1.0,1.0,1.0,16.5,3,3,0,0,0,0,0,0,1.0,1.0,B.orientation,0.005561863840902664,0.017453292519943295,rad,0.31867132431014417,,,,,,AR90/CLEAN-S/SAME/0,0.0
AR90/N-G-L/B/3301,AR90,N-G-L,S,B,3301,"{""gyro_sigma"": 0.001}",W,True,complete,True,1.0,1.0,1.0,16.5,3,3,0,0,0,0,0,0,1.0,1.0,B.orientation,0.005414826217858002,0.017453292519943295,rad,0.31024668908004954,,,,,,AR90/CLEAN-S/SAME/0,0.0
AR90/N-G-L/B/4409,AR90,N-G-L,S,B,4409,"{""gyro_sigma"": 0.001}",W,True,complete,True,1.0,1.0,1.0,16.5,3,3,0,0,0,0,0,0,1.0,1.0,B.orientation,0.005535749038865437,0.017453292519943295,rad,0.31717505637059146,,,,,,AR90/CLEAN-S/SAME/0,0.0
AR90/N-G-L/B/5519,AR90,N-G-L,S,B,5519,"{""gyro_sigma"": 0.001}",W,True,complete,True,1.0,1.0,1.0,16.5,3,3,0,0,0,0,0,0,1.0,1.0,B.orientation,0.005623967734945219,0.017453292519943295,rad,0.32222961533011024,,,,,,AR90/CLEAN-S/SAME/0,0.0
AR90/N-G-L/SAME/1103,AR90,N-G-L,S,SAME,1103,"{""gyro_sigma"": 0.001}",W,True,complete,True,1.0,1.0,1.0,16.5,3,3,0,0,0,0,0,0,1.0,1.0,B.orientation,0.005283392761829941,0.017453292519943295,rad,0.30271610676282334,,,,,,AR90/CLEAN-S/SAME/0,0.0
AR90/N-G-L/SAME/2207,AR90,N-G-L,S,SAME,2207,"{""gyro_sigma"": 0.001}",W,True,complete,True,1.0,1.0,1.0,16.5,3,3,0,0,0,0,0,0,1.0,1.0,B.orientation,0.005561863840902664,0.017453292519943295,rad,0.31867132431014417,,,,,,AR90/CLEAN-S/SAME/0,0.0
AR90/N-G-L/SAME/3301,AR90,N-G-L,S,SAME,3301,"{""gyro_sigma"": 0.001}",W,True,complete,True,1.0,1.0,1.0,16.5,3,3,0,0,0,0,0,0,1.0,1.0,B.orientation,0.005414826217858002,0.017453292519943295,rad,0.31024668908004954,,,,,,AR90/CLEAN-S/SAME/0,0.0
AR90/N-G-L/SAME/4409,AR90,N-G-L,S,SAME,4409,"{""gyro_sigma"": 0.001}",W,True,complete,True,1.0,1.0,1.0,16.5,3,3,0,0,0,0,0,0,1.0,1.0,B.orientation,0.005535749038865437,0.017453292519943295,rad,0.31717505637059146,,,,,,AR90/CLEAN-S/SAME/0,0.0
AR90/N-G-L/SAME/5519,AR90,N-G-L,S,SAME,5519,"{""gyro_sigma"": 0.001}",W,True,complete,True,1.0,1.0,1.0,16.5,3,3,0,0,0,0,0,0,1.0,1.0,B.orientation,0.005623967734945219,0.017453292519943295,rad,0.32222961533011024,,,,,,AR90/CLEAN-S/SAME/0,0.0
AR90/N-G-X/A/1103,AR90,N-G-X,S,A,1103,"{""gyro_sigma"": 0.05}",stress,True,stress_completed,False,1.0,1.0,1.0,16.5,3,3,0,0,0,0,0,0,1.0,1.0,AR90:rep-1.hold_duration_s,1.0,0.2,s,5.0,A.orientation;A.initialization;interval_speed;AR90:rep-1.elevation_duration_s;AR90:rep-1.return_duration_s;AR90:rep-1.hold_duration_s;AR90:rep-1.rep_speed_max_rads;AR90:rep-1.elevation_speed_mean_rads;AR90:rep-1.elevation_speed_max_rads;AR90:rep-1.return_speed_mean_rads;AR90:rep-1.return_speed_max_rads;AR90:rep-1.hold_speed_mean_rads;AR90:rep-1.hold_speed_max_rads;AR90:rep-2.return_duration_s;AR90:rep-2.hold_duration_s;AR90:rep-2.rep_speed_max_rads;AR90:rep-2.elevation_speed_max_rads;AR90:rep-2.return_speed_mean_rads;AR90:rep-2.return_speed_max_rads;AR90:rep-2.hold_speed_mean_rads;AR90:rep-2.hold_speed_max_rads;AR90:rep-3.elevation_duration_s;AR90:rep-3.return_duration_s;AR90:rep-3.hold_duration_s;AR90:rep-3.rep_speed_max_rads;AR90:rep-3.elevation_speed_mean_rads;AR90:rep-3.elevation_speed_max_rads;AR90:rep-3.return_speed_mean_rads;AR90:rep-3.return_speed_max_rads;AR90:rep-3.hold_speed_mean_rads;AR90:rep-3.hold_speed_max_rads;summary.elevation_duration_s.mean;summary.elevation_duration_s.maximum;summary.return_duration_s.mean;summary.return_duration_s.maximum;summary.hold_duration_s.mean;summary.hold_duration_s.maximum;summary.rep_speed_max_rads.mean;summary.rep_speed_max_rads.maximum;summary.elevation_speed_mean_rads.mean;summary.elevation_speed_max_rads.mean;summary.elevation_speed_max_rads.maximum;summary.return_speed_mean_rads.mean;summary.return_speed_mean_rads.maximum;summary.return_speed_max_rads.mean;summary.return_speed_max_rads.maximum;summary.hold_speed_mean_rads.support;summary.hold_speed_max_rads.support,,,,,AR90/CLEAN-S/SAME/0,0.0
AR90/N-G-X/A/2207,AR90,N-G-X,S,A,2207,"{""gyro_sigma"": 0.05}",stress,True,stress_completed,False,1.0,1.0,1.0,16.5,3,3,0,0,0,0,0,0,1.0,1.0,AR90:rep-1.hold_duration_s,1.0,0.2,s,5.0,A.orientation;interval_speed;AR90:rep-1.return_duration_s;AR90:rep-1.hold_duration_s;AR90:rep-1.rep_speed_max_rads;AR90:rep-1.elevation_speed_max_rads;AR90:rep-1.return_speed_mean_rads;AR90:rep-1.return_speed_max_rads;AR90:rep-1.hold_speed_mean_rads;AR90:rep-1.hold_speed_max_rads;AR90:rep-2.elevation_duration_s;AR90:rep-2.return_duration_s;AR90:rep-2.hold_duration_s;AR90:rep-2.rep_speed_max_rads;AR90:rep-2.elevation_speed_mean_rads;AR90:rep-2.elevation_speed_max_rads;AR90:rep-2.return_speed_mean_rads;AR90:rep-2.return_speed_max_rads;AR90:rep-2.hold_speed_mean_rads;AR90:rep-2.hold_speed_max_rads;AR90:rep-3.elevation_duration_s;AR90:rep-3.hold_duration_s;AR90:rep-3.rep_speed_max_rads;AR90:rep-3.elevation_speed_mean_rads;AR90:rep-3.elevation_speed_max_rads;AR90:rep-3.return_speed_max_rads;AR90:rep-3.hold_speed_mean_rads;AR90:rep-3.hold_speed_max_rads;summary.elevation_duration_s.mean;summary.elevation_duration_s.maximum;summary.return_duration_s.mean;summary.return_duration_s.maximum;summary.hold_duration_s.mean;summary.hold_duration_s.maximum;summary.rep_speed_max_rads.mean;summary.rep_speed_max_rads.maximum;summary.elevation_speed_mean_rads.mean;summary.elevation_speed_max_rads.mean;summary.elevation_speed_max_rads.maximum;summary.return_speed_mean_rads.mean;summary.return_speed_max_rads.mean;summary.return_speed_max_rads.maximum;summary.hold_speed_mean_rads.support;summary.hold_speed_max_rads.support,,,,,AR90/CLEAN-S/SAME/0,0.0
AR90/N-G-X/A/3301,AR90,N-G-X,S,A,3301,"{""gyro_sigma"": 0.05}",stress,True,stress_completed,False,1.0,1.0,1.0,16.5,3,3,0,0,0,0,0,0,1.0,1.0,AR90:rep-2.elevation_duration_s,1.01,0.2,s,5.05,A.orientation;interval_speed;AR90:rep-1.elevation_duration_s;AR90:rep-1.hold_duration_s;AR90:rep-1.rep_speed_max_rads;AR90:rep-1.elevation_speed_mean_rads;AR90:rep-1.elevation_speed_max_rads;AR90:rep-1.return_speed_max_rads;AR90:rep-1.hold_speed_mean_rads;AR90:rep-1.hold_speed_max_rads;AR90:rep-2.elevation_duration_s;AR90:rep-2.hold_duration_s;AR90:rep-2.rep_speed_max_rads;AR90:rep-2.elevation_speed_mean_rads;AR90:rep-2.elevation_speed_max_rads;AR90:rep-2.return_speed_max_rads;AR90:rep-2.hold_speed_mean_rads;AR90:rep-2.hold_speed_max_rads;AR90:rep-3.elevation_duration_s;AR90:rep-3.return_duration_s;AR90:rep-3.hold_duration_s;AR90:rep-3.rep_speed_max_rads;AR90:rep-3.elevation_speed_mean_rads;AR90:rep-3.elevation_speed_max_rads;AR90:rep-3.return_speed_mean_rads;AR90:rep-3.return_speed_max_rads;AR90:rep-3.hold_speed_mean_rads;AR90:rep-3.hold_speed_max_rads;summary.elevation_duration_s.mean;summary.elevation_duration_s.maximum;summary.return_duration_s.mean;summary.return_duration_s.maximum;summary.hold_duration_s.mean;summary.hold_duration_s.maximum;summary.rep_speed_max_rads.mean;summary.rep_speed_max_rads.maximum;summary.elevation_speed_mean_rads.mean;summary.elevation_speed_mean_rads.maximum;summary.elevation_speed_max_rads.mean;summary.elevation_speed_max_rads.maximum;summary.return_speed_max_rads.mean;summary.return_speed_max_rads.maximum;summary.hold_speed_mean_rads.support;summary.hold_speed_max_rads.support,,,,,AR90/CLEAN-S/SAME/0,0.0
AR90/N-G-X/A/4409,AR90,N-G-X,S,A,4409,"{""gyro_sigma"": 0.05}",stress,True,stress_completed,False,1.0,1.0,1.0,16.5,3,3,0,0,0,0,0,0,1.0,1.0,AR90:rep-1.return_duration_s,1.01,0.2,s,5.05,interval_speed;AR90:rep-1.return_duration_s;AR90:rep-1.hold_duration_s;AR90:rep-1.rep_speed_max_rads;AR90:rep-1.elevation_speed_max_rads;AR90:rep-1.return_speed_mean_rads;AR90:rep-1.return_speed_max_rads;AR90:rep-1.hold_speed_mean_rads;AR90:rep-1.hold_speed_max_rads;AR90:rep-2.return_duration_s;AR90:rep-2.hold_duration_s;AR90:rep-2.rep_speed_max_rads;AR90:rep-2.elevation_speed_max_rads;AR90:rep-2.return_speed_mean_rads;AR90:rep-2.return_speed_max_rads;AR90:rep-2.hold_speed_mean_rads;AR90:rep-2.hold_speed_max_rads;AR90:rep-3.elevation_duration_s;AR90:rep-3.return_duration_s;AR90:rep-3.hold_duration_s;AR90:rep-3.rep_speed_max_rads;AR90:rep-3.elevation_speed_mean_rads;AR90:rep-3.elevation_speed_max_rads;AR90:rep-3.return_speed_mean_rads;AR90:rep-3.return_speed_max_rads;AR90:rep-3.hold_speed_mean_rads;AR90:rep-3.hold_speed_max_rads;summary.elevation_duration_s.maximum;summary.return_duration_s.mean;summary.return_duration_s.maximum;summary.hold_duration_s.mean;summary.hold_duration_s.maximum;summary.rep_speed_max_rads.mean;summary.rep_speed_max_rads.maximum;summary.elevation_speed_max_rads.mean;summary.elevation_speed_max_rads.maximum;summary.return_speed_mean_rads.mean;summary.return_speed_mean_rads.maximum;summary.return_speed_max_rads.mean;summary.return_speed_max_rads.maximum;summary.hold_speed_mean_rads.support;summary.hold_speed_max_rads.support,,,,,AR90/CLEAN-S/SAME/0,0.0
AR90/N-G-X/A/5519,AR90,N-G-X,S,A,5519,"{""gyro_sigma"": 0.05}",stress,True,stress_completed,False,1.0,1.0,1.0,16.5,3,3,0,0,0,0,0,0,1.0,1.0,AR90:rep-1.hold_duration_s,1.0,0.2,s,5.0,A.orientation;interval_speed;AR90:rep-1.return_duration_s;AR90:rep-1.hold_duration_s;AR90:rep-1.rep_speed_max_rads;AR90:rep-1.elevation_speed_max_rads;AR90:rep-1.return_speed_mean_rads;AR90:rep-1.return_speed_max_rads;AR90:rep-1.hold_speed_mean_rads;AR90:rep-1.hold_speed_max_rads;AR90:rep-2.elevation_duration_s;AR90:rep-2.return_duration_s;AR90:rep-2.hold_duration_s;AR90:rep-2.rep_speed_max_rads;AR90:rep-2.elevation_speed_mean_rads;AR90:rep-2.elevation_speed_max_rads;AR90:rep-2.return_speed_mean_rads;AR90:rep-2.return_speed_max_rads;AR90:rep-2.hold_speed_mean_rads;AR90:rep-2.hold_speed_max_rads;AR90:rep-3.elevation_duration_s;AR90:rep-3.return_duration_s;AR90:rep-3.hold_duration_s;AR90:rep-3.elevation_speed_mean_rads;AR90:rep-3.return_speed_max_rads;AR90:rep-3.hold_speed_mean_rads;AR90:rep-3.hold_speed_max_rads;summary.elevation_duration_s.mean;summary.elevation_duration_s.maximum;summary.return_duration_s.mean;summary.return_duration_s.maximum;summary.hold_duration_s.mean;summary.hold_duration_s.maximum;summary.rep_speed_max_rads.mean;summary.rep_speed_max_rads.maximum;summary.elevation_speed_mean_rads.mean;summary.elevation_speed_max_rads.mean;summary.elevation_speed_max_rads.maximum;summary.return_speed_mean_rads.mean;summary.return_speed_max_rads.mean;summary.return_speed_max_rads.maximum;summary.hold_speed_mean_rads.support;summary.hold_speed_max_rads.support,,,,,AR90/CLEAN-S/SAME/0,0.0
AR90/N-G-X/B/1103,AR90,N-G-X,S,B,1103,"{""gyro_sigma"": 0.05}",stress,True,stress_completed,False,1.0,1.0,1.0,16.5,3,3,0,0,0,0,0,0,1.0,1.0,AR90:rep-1.hold_duration_s,1.0,0.2,s,5.0,B.orientation;B.initialization;interval_speed;AR90:rep-1.elevation_duration_s;AR90:rep-1.hold_duration_s;AR90:rep-1.rep_speed_max_rads;AR90:rep-1.elevation_speed_mean_rads;AR90:rep-1.elevation_speed_max_rads;AR90:rep-1.return_speed_max_rads;AR90:rep-1.hold_speed_mean_rads;AR90:rep-1.hold_speed_max_rads;AR90:rep-2.elevation_duration_s;AR90:rep-2.return_duration_s;AR90:rep-2.hold_duration_s;AR90:rep-2.rep_speed_max_rads;AR90:rep-2.elevation_speed_mean_rads;AR90:rep-2.elevation_speed_max_rads;AR90:rep-2.return_speed_max_rads;AR90:rep-2.hold_speed_mean_rads;AR90:rep-2.hold_speed_max_rads;AR90:rep-3.elevation_duration_s;AR90:rep-3.return_duration_s;AR90:rep-3.hold_duration_s;AR90:rep-3.rep_speed_max_rads;AR90:rep-3.elevation_speed_mean_rads;AR90:rep-3.elevation_speed_max_rads;AR90:rep-3.return_speed_max_rads;AR90:rep-3.hold_speed_mean_rads;AR90:rep-3.hold_speed_max_rads;summary.elevation_duration_s.mean;summary.elevation_duration_s.maximum;summary.return_duration_s.maximum;summary.hold_duration_s.mean;summary.hold_duration_s.maximum;summary.rep_speed_max_rads.mean;summary.rep_speed_max_rads.maximum;summary.elevation_speed_mean_rads.mean;summary.elevation_speed_mean_rads.maximum;summary.elevation_speed_max_rads.mean;summary.elevation_speed_max_rads.maximum;summary.return_speed_max_rads.mean;summary.return_speed_max_rads.maximum;summary.hold_speed_mean_rads.support;summary.hold_speed_max_rads.support,,,,,AR90/CLEAN-S/SAME/0,0.0
AR90/N-G-X/B/2207,AR90,N-G-X,S,B,2207,"{""gyro_sigma"": 0.05}",stress,True,stress_completed,False,1.0,1.0,1.0,16.5,3,3,0,0,0,0,0,0,1.0,1.0,AR90:rep-1.hold_duration_s,1.0,0.2,s,5.0,interval_speed;AR90:rep-1.return_duration_s;AR90:rep-1.hold_duration_s;AR90:rep-1.rep_speed_max_rads;AR90:rep-1.elevation_speed_max_rads;AR90:rep-1.return_speed_mean_rads;AR90:rep-1.return_speed_max_rads;AR90:rep-1.hold_speed_mean_rads;AR90:rep-1.hold_speed_max_rads;AR90:rep-2.return_duration_s;AR90:rep-2.hold_duration_s;AR90:rep-2.rep_speed_max_rads;AR90:rep-2.elevation_speed_max_rads;AR90:rep-2.return_speed_mean_rads;AR90:rep-2.return_speed_max_rads;AR90:rep-2.hold_speed_mean_rads;AR90:rep-2.hold_speed_max_rads;AR90:rep-3.return_duration_s;AR90:rep-3.hold_duration_s;AR90:rep-3.rep_speed_max_rads;AR90:rep-3.elevation_speed_mean_rads;AR90:rep-3.elevation_speed_max_rads;AR90:rep-3.return_speed_mean_rads;AR90:rep-3.return_speed_max_rads;AR90:rep-3.hold_speed_mean_rads;AR90:rep-3.hold_speed_max_rads;summary.return_duration_s.mean;summary.return_duration_s.maximum;summary.hold_duration_s.mean;summary.hold_duration_s.maximum;summary.rep_speed_max_rads.mean;summary.rep_speed_max_rads.maximum;summary.elevation_speed_max_rads.mean;summary.elevation_speed_max_rads.maximum;summary.return_speed_mean_rads.mean;summary.return_speed_mean_rads.maximum;summary.return_speed_max_rads.mean;summary.return_speed_max_rads.maximum;summary.hold_speed_mean_rads.support;summary.hold_speed_max_rads.support,,,,,AR90/CLEAN-S/SAME/0,0.0
AR90/N-G-X/B/3301,AR90,N-G-X,S,B,3301,"{""gyro_sigma"": 0.05}",stress,True,stress_completed,False,1.0,1.0,1.0,16.5,3,3,0,0,0,0,0,0,1.0,1.0,AR90:rep-2.elevation_duration_s,1.01,0.2,s,5.05,B.orientation;interval_speed;AR90:rep-1.elevation_duration_s;AR90:rep-1.hold_duration_s;AR90:rep-1.rep_speed_max_rads;AR90:rep-1.elevation_speed_mean_rads;AR90:rep-1.elevation_speed_max_rads;AR90:rep-1.return_speed_max_rads;AR90:rep-1.hold_speed_mean_rads;AR90:rep-1.hold_speed_max_rads;AR90:rep-2.elevation_duration_s;AR90:rep-2.hold_duration_s;AR90:rep-2.rep_speed_max_rads;AR90:rep-2.elevation_speed_mean_rads;AR90:rep-2.elevation_speed_max_rads;AR90:rep-2.return_speed_max_rads;AR90:rep-2.hold_speed_mean_rads;AR90:rep-2.hold_speed_max_rads;AR90:rep-3.elevation_duration_s;AR90:rep-3.return_duration_s;AR90:rep-3.hold_duration_s;AR90:rep-3.rep_speed_max_rads;AR90:rep-3.elevation_speed_mean_rads;AR90:rep-3.elevation_speed_max_rads;AR90:rep-3.return_speed_mean_rads;AR90:rep-3.return_speed_max_rads;AR90:rep-3.hold_speed_mean_rads;AR90:rep-3.hold_speed_max_rads;summary.elevation_duration_s.mean;summary.elevation_duration_s.maximum;summary.return_duration_s.maximum;summary.hold_duration_s.mean;summary.hold_duration_s.maximum;summary.rep_speed_max_rads.mean;summary.rep_speed_max_rads.maximum;summary.elevation_speed_mean_rads.mean;summary.elevation_speed_mean_rads.maximum;summary.elevation_speed_max_rads.mean;summary.elevation_speed_max_rads.maximum;summary.return_speed_max_rads.mean;summary.return_speed_max_rads.maximum;summary.hold_speed_mean_rads.support;summary.hold_speed_max_rads.support,,,,,AR90/CLEAN-S/SAME/0,0.0
AR90/N-G-X/B/4409,AR90,N-G-X,S,B,4409,"{""gyro_sigma"": 0.05}",stress,True,stress_completed,False,1.0,1.0,1.0,16.5,3,3,0,0,0,0,0,0,1.0,1.0,AR90:rep-1.hold_duration_s,1.0,0.2,s,5.0,B.orientation;interval_speed;AR90:rep-1.elevation_duration_s;AR90:rep-1.return_duration_s;AR90:rep-1.hold_duration_s;AR90:rep-1.rep_speed_max_rads;AR90:rep-1.elevation_speed_mean_rads;AR90:rep-1.elevation_speed_max_rads;AR90:rep-1.return_speed_mean_rads;AR90:rep-1.return_speed_max_rads;AR90:rep-1.hold_speed_mean_rads;AR90:rep-1.hold_speed_max_rads;AR90:rep-2.return_duration_s;AR90:rep-2.hold_duration_s;AR90:rep-2.rep_speed_max_rads;AR90:rep-2.elevation_speed_max_rads;AR90:rep-2.return_speed_mean_rads;AR90:rep-2.return_speed_max_rads;AR90:rep-2.hold_speed_mean_rads;AR90:rep-2.hold_speed_max_rads;AR90:rep-3.return_duration_s;AR90:rep-3.hold_duration_s;AR90:rep-3.rep_speed_max_rads;AR90:rep-3.elevation_speed_max_rads;AR90:rep-3.return_speed_mean_rads;AR90:rep-3.return_speed_max_rads;AR90:rep-3.hold_speed_mean_rads;AR90:rep-3.hold_speed_max_rads;summary.elevation_duration_s.mean;summary.elevation_duration_s.maximum;summary.return_duration_s.mean;summary.return_duration_s.maximum;summary.hold_duration_s.mean;summary.hold_duration_s.maximum;summary.rep_speed_max_rads.mean;summary.rep_speed_max_rads.maximum;summary.elevation_speed_mean_rads.mean;summary.elevation_speed_max_rads.mean;summary.elevation_speed_max_rads.maximum;summary.return_speed_mean_rads.mean;summary.return_speed_mean_rads.maximum;summary.return_speed_max_rads.mean;summary.return_speed_max_rads.maximum;summary.hold_speed_mean_rads.support;summary.hold_speed_max_rads.support,,,,,AR90/CLEAN-S/SAME/0,0.0
AR90/N-G-X/B/5519,AR90,N-G-X,S,B,5519,"{""gyro_sigma"": 0.05}",stress,True,stress_completed,False,1.0,1.0,1.0,16.5,3,3,0,0,0,0,0,0,1.0,1.0,AR90:rep-1.hold_duration_s,1.0,0.2,s,5.0,B.orientation;interval_speed;AR90:rep-1.elevation_duration_s;AR90:rep-1.return_duration_s;AR90:rep-1.hold_duration_s;AR90:rep-1.rep_speed_max_rads;AR90:rep-1.elevation_speed_mean_rads;AR90:rep-1.elevation_speed_max_rads;AR90:rep-1.return_speed_mean_rads;AR90:rep-1.return_speed_max_rads;AR90:rep-1.hold_speed_mean_rads;AR90:rep-1.hold_speed_max_rads;AR90:rep-2.elevation_duration_s;AR90:rep-2.return_duration_s;AR90:rep-2.hold_duration_s;AR90:rep-2.rep_speed_max_rads;AR90:rep-2.elevation_speed_mean_rads;AR90:rep-2.elevation_speed_max_rads;AR90:rep-2.return_speed_mean_rads;AR90:rep-2.return_speed_max_rads;AR90:rep-2.hold_speed_mean_rads;AR90:rep-2.hold_speed_max_rads;AR90:rep-3.return_duration_s;AR90:rep-3.hold_duration_s;AR90:rep-3.rep_speed_max_rads;AR90:rep-3.elevation_speed_max_rads;AR90:rep-3.return_speed_mean_rads;AR90:rep-3.return_speed_max_rads;AR90:rep-3.hold_speed_mean_rads;AR90:rep-3.hold_speed_max_rads;summary.elevation_duration_s.mean;summary.elevation_duration_s.maximum;summary.return_duration_s.mean;summary.return_duration_s.maximum;summary.hold_duration_s.mean;summary.hold_duration_s.maximum;summary.rep_speed_max_rads.mean;summary.rep_speed_max_rads.maximum;summary.elevation_speed_mean_rads.mean;summary.elevation_speed_max_rads.mean;summary.elevation_speed_max_rads.maximum;summary.return_speed_mean_rads.mean;summary.return_speed_mean_rads.maximum;summary.return_speed_max_rads.mean;summary.return_speed_max_rads.maximum;summary.hold_speed_mean_rads.support;summary.hold_speed_max_rads.support,,,,,AR90/CLEAN-S/SAME/0,0.0
AR90/N-G-X/SAME/1103,AR90,N-G-X,S,SAME,1103,"{""gyro_sigma"": 0.05}",stress,True,stress_completed,False,1.0,1.0,1.0,16.5,3,3,0,0,0,0,0,0,1.0,1.0,AR90:rep-1.hold_duration_s,1.0,0.2,s,5.0,A.orientation;A.initialization;B.orientation;B.initialization;interval_speed;AR90:rep-1.elevation_duration_s;AR90:rep-1.hold_duration_s;AR90:rep-1.rep_speed_max_rads;AR90:rep-1.elevation_speed_mean_rads;AR90:rep-1.elevation_speed_max_rads;AR90:rep-1.return_speed_max_rads;AR90:rep-1.hold_speed_mean_rads;AR90:rep-1.hold_speed_max_rads;AR90:rep-2.elevation_duration_s;AR90:rep-2.hold_duration_s;AR90:rep-2.rep_speed_max_rads;AR90:rep-2.elevation_speed_mean_rads;AR90:rep-2.elevation_speed_max_rads;AR90:rep-2.return_speed_max_rads;AR90:rep-2.hold_speed_mean_rads;AR90:rep-2.hold_speed_max_rads;AR90:rep-3.elevation_duration_s;AR90:rep-3.return_duration_s;AR90:rep-3.hold_duration_s;AR90:rep-3.rep_speed_max_rads;AR90:rep-3.elevation_speed_mean_rads;AR90:rep-3.elevation_speed_max_rads;AR90:rep-3.return_speed_max_rads;AR90:rep-3.hold_speed_mean_rads;AR90:rep-3.hold_speed_max_rads;summary.elevation_duration_s.mean;summary.elevation_duration_s.maximum;summary.return_duration_s.maximum;summary.hold_duration_s.mean;summary.hold_duration_s.maximum;summary.rep_speed_max_rads.mean;summary.rep_speed_max_rads.maximum;summary.elevation_speed_mean_rads.mean;summary.elevation_speed_mean_rads.maximum;summary.elevation_speed_max_rads.mean;summary.elevation_speed_max_rads.maximum;summary.return_speed_max_rads.mean;summary.return_speed_max_rads.maximum;summary.hold_speed_mean_rads.support;summary.hold_speed_max_rads.support,,,,,AR90/CLEAN-S/SAME/0,0.0
AR90/N-G-X/SAME/2207,AR90,N-G-X,S,SAME,2207,"{""gyro_sigma"": 0.05}",stress,True,stress_completed,False,1.0,1.0,1.0,16.5,3,3,0,0,0,0,0,0,1.0,1.0,AR90:rep-1.hold_duration_s,1.0,0.2,s,5.0,A.orientation;interval_speed;AR90:rep-1.return_duration_s;AR90:rep-1.hold_duration_s;AR90:rep-1.rep_speed_max_rads;AR90:rep-1.elevation_speed_max_rads;AR90:rep-1.return_speed_mean_rads;AR90:rep-1.return_speed_max_rads;AR90:rep-1.hold_speed_mean_rads;AR90:rep-1.hold_speed_max_rads;AR90:rep-2.elevation_duration_s;AR90:rep-2.return_duration_s;AR90:rep-2.hold_duration_s;AR90:rep-2.rep_speed_max_rads;AR90:rep-2.elevation_speed_mean_rads;AR90:rep-2.elevation_speed_max_rads;AR90:rep-2.return_speed_mean_rads;AR90:rep-2.return_speed_max_rads;AR90:rep-2.hold_speed_mean_rads;AR90:rep-2.hold_speed_max_rads;AR90:rep-3.elevation_duration_s;AR90:rep-3.return_duration_s;AR90:rep-3.hold_duration_s;AR90:rep-3.rep_speed_max_rads;AR90:rep-3.elevation_speed_mean_rads;AR90:rep-3.elevation_speed_max_rads;AR90:rep-3.return_speed_mean_rads;AR90:rep-3.return_speed_max_rads;AR90:rep-3.hold_speed_mean_rads;AR90:rep-3.hold_speed_max_rads;summary.elevation_duration_s.mean;summary.elevation_duration_s.maximum;summary.return_duration_s.mean;summary.return_duration_s.maximum;summary.hold_duration_s.mean;summary.hold_duration_s.maximum;summary.rep_speed_max_rads.mean;summary.rep_speed_max_rads.maximum;summary.elevation_speed_mean_rads.mean;summary.elevation_speed_max_rads.mean;summary.elevation_speed_max_rads.maximum;summary.return_speed_mean_rads.mean;summary.return_speed_mean_rads.maximum;summary.return_speed_max_rads.mean;summary.return_speed_max_rads.maximum;summary.hold_speed_mean_rads.support;summary.hold_speed_max_rads.support,,,,,AR90/CLEAN-S/SAME/0,0.0
AR90/N-G-X/SAME/3301,AR90,N-G-X,S,SAME,3301,"{""gyro_sigma"": 0.05}",stress,True,stress_completed,False,1.0,1.0,1.0,16.5,3,3,0,0,0,0,0,0,1.0,1.0,AR90:rep-2.elevation_duration_s,1.01,0.2,s,5.05,A.orientation;B.orientation;interval_speed;AR90:rep-1.elevation_duration_s;AR90:rep-1.hold_duration_s;AR90:rep-1.rep_speed_max_rads;AR90:rep-1.elevation_speed_mean_rads;AR90:rep-1.elevation_speed_max_rads;AR90:rep-1.return_speed_max_rads;AR90:rep-1.hold_speed_mean_rads;AR90:rep-1.hold_speed_max_rads;AR90:rep-2.elevation_duration_s;AR90:rep-2.hold_duration_s;AR90:rep-2.rep_speed_max_rads;AR90:rep-2.elevation_speed_mean_rads;AR90:rep-2.elevation_speed_max_rads;AR90:rep-2.return_speed_max_rads;AR90:rep-2.hold_speed_mean_rads;AR90:rep-2.hold_speed_max_rads;AR90:rep-3.elevation_duration_s;AR90:rep-3.return_duration_s;AR90:rep-3.hold_duration_s;AR90:rep-3.rep_speed_max_rads;AR90:rep-3.elevation_speed_mean_rads;AR90:rep-3.elevation_speed_max_rads;AR90:rep-3.return_speed_mean_rads;AR90:rep-3.return_speed_max_rads;AR90:rep-3.hold_speed_mean_rads;AR90:rep-3.hold_speed_max_rads;summary.elevation_duration_s.mean;summary.elevation_duration_s.maximum;summary.return_duration_s.mean;summary.return_duration_s.maximum;summary.hold_duration_s.mean;summary.hold_duration_s.maximum;summary.rep_speed_max_rads.mean;summary.rep_speed_max_rads.maximum;summary.elevation_speed_mean_rads.mean;summary.elevation_speed_mean_rads.maximum;summary.elevation_speed_max_rads.mean;summary.elevation_speed_max_rads.maximum;summary.return_speed_max_rads.mean;summary.return_speed_max_rads.maximum;summary.hold_speed_mean_rads.support;summary.hold_speed_max_rads.support,,,,,AR90/CLEAN-S/SAME/0,0.0
AR90/N-G-X/SAME/4409,AR90,N-G-X,S,SAME,4409,"{""gyro_sigma"": 0.05}",stress,True,stress_completed,False,1.0,1.0,1.0,16.5,3,3,0,0,0,0,0,0,1.0,1.0,AR90:rep-1.hold_duration_s,1.0,0.2,s,5.0,B.orientation;interval_speed;AR90:rep-1.elevation_duration_s;AR90:rep-1.return_duration_s;AR90:rep-1.hold_duration_s;AR90:rep-1.rep_speed_max_rads;AR90:rep-1.elevation_speed_mean_rads;AR90:rep-1.elevation_speed_max_rads;AR90:rep-1.return_speed_mean_rads;AR90:rep-1.return_speed_max_rads;AR90:rep-1.hold_speed_mean_rads;AR90:rep-1.hold_speed_max_rads;AR90:rep-2.return_duration_s;AR90:rep-2.hold_duration_s;AR90:rep-2.rep_speed_max_rads;AR90:rep-2.elevation_speed_max_rads;AR90:rep-2.return_speed_mean_rads;AR90:rep-2.return_speed_max_rads;AR90:rep-2.hold_speed_mean_rads;AR90:rep-2.hold_speed_max_rads;AR90:rep-3.elevation_duration_s;AR90:rep-3.return_duration_s;AR90:rep-3.hold_duration_s;AR90:rep-3.rep_speed_max_rads;AR90:rep-3.elevation_speed_mean_rads;AR90:rep-3.elevation_speed_max_rads;AR90:rep-3.return_speed_mean_rads;AR90:rep-3.return_speed_max_rads;AR90:rep-3.hold_speed_mean_rads;AR90:rep-3.hold_speed_max_rads;summary.elevation_duration_s.mean;summary.elevation_duration_s.maximum;summary.return_duration_s.mean;summary.return_duration_s.maximum;summary.hold_duration_s.mean;summary.hold_duration_s.maximum;summary.rep_speed_max_rads.mean;summary.rep_speed_max_rads.maximum;summary.elevation_speed_mean_rads.mean;summary.elevation_speed_max_rads.mean;summary.elevation_speed_max_rads.maximum;summary.return_speed_mean_rads.mean;summary.return_speed_mean_rads.maximum;summary.return_speed_max_rads.mean;summary.return_speed_max_rads.maximum;summary.hold_speed_mean_rads.support;summary.hold_speed_max_rads.support,,,,,AR90/CLEAN-S/SAME/0,0.0
AR90/N-G-X/SAME/5519,AR90,N-G-X,S,SAME,5519,"{""gyro_sigma"": 0.05}",stress,True,stress_completed,False,1.0,1.0,1.0,16.5,3,3,0,0,0,0,0,0,1.0,1.0,AR90:rep-1.hold_duration_s,1.0,0.2,s,5.0,A.orientation;B.orientation;interval_speed;AR90:rep-1.return_duration_s;AR90:rep-1.hold_duration_s;AR90:rep-1.rep_speed_max_rads;AR90:rep-1.elevation_speed_max_rads;AR90:rep-1.return_speed_mean_rads;AR90:rep-1.return_speed_max_rads;AR90:rep-1.hold_speed_mean_rads;AR90:rep-1.hold_speed_max_rads;AR90:rep-2.elevation_duration_s;AR90:rep-2.return_duration_s;AR90:rep-2.hold_duration_s;AR90:rep-2.rep_speed_max_rads;AR90:rep-2.elevation_speed_mean_rads;AR90:rep-2.elevation_speed_max_rads;AR90:rep-2.return_speed_mean_rads;AR90:rep-2.return_speed_max_rads;AR90:rep-2.hold_speed_mean_rads;AR90:rep-2.hold_speed_max_rads;AR90:rep-3.return_duration_s;AR90:rep-3.hold_duration_s;AR90:rep-3.rep_speed_max_rads;AR90:rep-3.elevation_speed_max_rads;AR90:rep-3.return_speed_mean_rads;AR90:rep-3.return_speed_max_rads;AR90:rep-3.hold_speed_mean_rads;AR90:rep-3.hold_speed_max_rads;summary.elevation_duration_s.maximum;summary.return_duration_s.mean;summary.return_duration_s.maximum;summary.hold_duration_s.mean;summary.hold_duration_s.maximum;summary.rep_speed_max_rads.mean;summary.rep_speed_max_rads.maximum;summary.elevation_speed_max_rads.mean;summary.elevation_speed_max_rads.maximum;summary.return_speed_mean_rads.mean;summary.return_speed_mean_rads.maximum;summary.return_speed_max_rads.mean;summary.return_speed_max_rads.maximum;summary.hold_speed_mean_rads.support;summary.hold_speed_max_rads.support,,,,,AR90/CLEAN-S/SAME/0,0.0
F90/B-C-H/A/0,F90,B-C-H,S,A,0,"{""bias_rads"": 0.00034906585039886593}",W,True,complete,True,1.0,1.0,1.0,16.5,3,3,0,0,0,0,0,0,1.0,1.0,B.orientation,0.005524664224010412,0.017453292519943295,rad,0.3165399432627146,,,,,,F90/CLEAN-S/SAME/0,0.0
F90/B-C-H/B/0,F90,B-C-H,S,B,0,"{""bias_rads"": 0.00034906585039886593}",W,True,complete,True,1.0,1.0,1.0,16.5,3,3,0,0,0,0,0,0,1.0,1.0,B.orientation,0.00485277192865824,0.017453292519943295,rad,0.2780433504516778,,,,,,F90/CLEAN-S/SAME/0,0.0
F90/B-C-H/SAME/0,F90,B-C-H,S,SAME,0,"{""bias_rads"": 0.00034906585039886593}",W,True,complete,True,1.0,1.0,1.0,16.5,3,3,0,0,0,0,0,0,1.0,1.0,B.orientation,0.00485277192865824,0.017453292519943295,rad,0.2780433504516778,,,,,,F90/CLEAN-S/SAME/0,0.0
F90/B-C-H/DIFF/0,F90,B-C-H,S,DIFF,0,"{""bias_rads"": 0.00034906585039886593}",W,True,complete,True,1.0,1.0,1.0,16.5,3,3,0,0,0,0,0,0,1.0,1.0,B.orientation,0.006195272266243157,0.017453292519943295,rad,0.3549629537901817,,,,,,F90/CLEAN-S/SAME/0,0.0
F90/B-C-L/A/0,F90,B-C-L,S,A,0,"{""bias_rads"": 3.490658503988659e-05}",W,True,complete,True,1.0,1.0,1.0,16.5,3,3,0,0,0,0,0,0,1.0,1.0,B.orientation,0.005524664224010412,0.017453292519943295,rad,0.3165399432627146,,,,,,F90/CLEAN-S/SAME/0,0.0
F90/B-C-L/B/0,F90,B-C-L,S,B,0,"{""bias_rads"": 3.490658503988659e-05}",W,True,complete,True,1.0,1.0,1.0,16.5,3,3,0,0,0,0,0,0,1.0,1.0,B.orientation,0.005462326194499906,0.017453292519943295,rad,0.3129682372686006,,,,,,F90/CLEAN-S/SAME/0,0.0
F90/B-C-L/SAME/0,F90,B-C-L,S,SAME,0,"{""bias_rads"": 3.490658503988659e-05}",W,True,complete,True,1.0,1.0,1.0,16.5,3,3,0,0,0,0,0,0,1.0,1.0,B.orientation,0.005462326194499906,0.017453292519943295,rad,0.3129682372686006,,,,,,F90/CLEAN-S/SAME/0,0.0
F90/B-C-L/DIFF/0,F90,B-C-L,S,DIFF,0,"{""bias_rads"": 3.490658503988659e-05}",W,True,complete,True,1.0,1.0,1.0,16.5,3,3,0,0,0,0,0,0,1.0,1.0,B.orientation,0.005586291460995951,0.017453292519943295,rad,0.3200709238450385,,,,,,F90/CLEAN-S/SAME/0,0.0
F90/B-C-X/A/0,F90,B-C-X,S,A,0,"{""bias_rads"": 0.017453292519943295}",stress,True,stress_completed,False,1.0,1.0,1.0,16.5,3,3,0,0,0,0,0,0,1.0,1.0,A.orientation,0.03491293134363569,0.017453292519943295,rad,2.0003636164203313,A.orientation;A.initialization,,,,,F90/CLEAN-S/SAME/0,0.0
F90/B-C-X/B/0,F90,B-C-X,S,B,0,"{""bias_rads"": 0.017453292519943295}",stress,True,stress_completed,False,1.0,1.0,1.0,16.5,3,3,0,0,0,0,0,0,1.0,1.0,B.orientation,0.03890222588735669,0.017453292519943295,rad,2.228933357010112,B.orientation;B.initialization,,,,,F90/CLEAN-S/SAME/0,0.0
F90/B-C-X/SAME/0,F90,B-C-X,S,SAME,0,"{""bias_rads"": 0.017453292519943295}",stress,True,stress_completed,False,1.0,1.0,1.0,16.5,3,3,0,0,0,0,0,0,1.0,1.0,B.orientation,0.03890222588735669,0.017453292519943295,rad,2.228933357010112,A.orientation;A.initialization;B.orientation;B.initialization,,,,,F90/CLEAN-S/SAME/0,0.0
F90/B-C-X/DIFF/0,F90,B-C-X,S,DIFF,0,"{""bias_rads"": 0.017453292519943295}",stress,True,stress_completed,False,1.0,1.0,1.0,16.5,3,3,0,0,0,0,0,0,1.0,1.0,B.orientation,0.039295564988019595,0.017453292519943295,rad,2.251470027395568,A.orientation;A.initialization;B.orientation;B.initialization;elevation;F90:rep-1.peak_elevation_rad;F90:rep-2.peak_elevation_rad;F90:rep-3.peak_elevation_rad;summary.peak_elevation_rad.mean;summary.peak_elevation_rad.maximum,,,,,F90/CLEAN-S/SAME/0,0.0
F90/B-R-H/A/0,F90,B-R-H,S,A,0,"{""ramp_rads"": 0.0006981317007977319}",W,True,complete,True,1.0,1.0,1.0,16.5,3,3,0,0,0,0,0,0,1.0,1.0,B.orientation,0.005524664224010412,0.017453292519943295,rad,0.3165399432627146,,,,,,F90/CLEAN-S/SAME/0,0.0
F90/B-R-H/B/0,F90,B-R-H,S,B,0,"{""ramp_rads"": 0.0006981317007977319}",W,True,complete,True,1.0,1.0,1.0,16.5,3,3,0,0,0,0,0,0,1.0,1.0,B.orientation,0.00548602686706782,0.017453292519943295,rad,0.3143261857783636,,,,,,F90/CLEAN-S/SAME/0,0.0
F90/B-R-H/SAME/0,F90,B-R-H,S,SAME,0,"{""ramp_rads"": 0.0006981317007977319}",W,True,complete,True,1.0,1.0,1.0,16.5,3,3,0,0,0,0,0,0,1.0,1.0,B.orientation,0.00548602686706782,0.017453292519943295,rad,0.3143261857783636,,,,,,F90/CLEAN-S/SAME/0,0.0
F90/B-R-H/DIFF/0,F90,B-R-H,S,DIFF,0,"{""ramp_rads"": 0.0006981317007977319}",W,True,complete,True,1.0,1.0,1.0,16.5,3,3,0,0,0,0,0,0,1.0,1.0,B.orientation,0.005562360756392603,0.017453292519943295,rad,0.3186997954704924,,,,,,F90/CLEAN-S/SAME/0,0.0
F90/B-R-L/A/0,F90,B-R-L,S,A,0,"{""ramp_rads"": 6.981317007977319e-05}",W,True,complete,True,1.0,1.0,1.0,16.5,3,3,0,0,0,0,0,0,1.0,1.0,B.orientation,0.005524664224010412,0.017453292519943295,rad,0.3165399432627146,,,,,,F90/CLEAN-S/SAME/0,0.0
F90/B-R-L/B/0,F90,B-R-L,S,B,0,"{""ramp_rads"": 6.981317007977319e-05}",W,True,complete,True,1.0,1.0,1.0,16.5,3,3,0,0,0,0,0,0,1.0,1.0,B.orientation,0.0055205463969358595,0.017453292519943295,rad,0.31630400915057805,,,,,,F90/CLEAN-S/SAME/0,0.0
F90/B-R-L/SAME/0,F90,B-R-L,S,SAME,0,"{""ramp_rads"": 6.981317007977319e-05}",W,True,complete,True,1.0,1.0,1.0,16.5,3,3,0,0,0,0,0,0,1.0,1.0,B.orientation,0.0055205463969358595,0.017453292519943295,rad,0.31630400915057805,,,,,,F90/CLEAN-S/SAME/0,0.0
F90/B-R-L/DIFF/0,F90,B-R-L,S,DIFF,0,"{""ramp_rads"": 6.981317007977319e-05}",W,True,complete,True,1.0,1.0,1.0,16.5,3,3,0,0,0,0,0,0,1.0,1.0,B.orientation,0.005528348522038244,0.017453292519943295,rad,0.31675103799017773,,,,,,F90/CLEAN-S/SAME/0,0.0
F90/B-R-X/A/0,F90,B-R-X,S,A,0,"{""ramp_rads"": 0.03490658503988659}",stress,True,stress_completed,False,1.0,1.0,1.0,16.5,3,3,0,0,0,0,0,0,1.0,1.0,A.orientation,0.06142187852797871,0.017453292519943295,rad,3.5192144094183933,A.orientation;elevation,,,,,F90/CLEAN-S/SAME/0,0.0
F90/B-R-X/B/0,F90,B-R-X,S,B,0,"{""ramp_rads"": 0.03490658503988659}",stress,True,stress_completed,False,1.0,1.0,1.0,16.5,3,3,0,0,0,0,0,0,1.0,1.0,B.orientation,0.0638388661698172,0.017453292519943295,rad,3.657697600431016,B.orientation;elevation,,,,,F90/CLEAN-S/SAME/0,0.0
F90/B-R-X/SAME/0,F90,B-R-X,S,SAME,0,"{""ramp_rads"": 0.03490658503988659}",stress,True,stress_completed,False,1.0,1.0,1.0,16.5,3,3,0,0,0,0,0,0,1.0,1.0,B.orientation,0.0638388661698172,0.017453292519943295,rad,3.657697600431016,A.orientation;B.orientation,,,,,F90/CLEAN-S/SAME/0,0.0
F90/B-R-X/DIFF/0,F90,B-R-X,S,DIFF,0,"{""ramp_rads"": 0.03490658503988659}",stress,True,stress_completed,False,1.0,1.0,1.0,16.5,3,3,0,0,0,0,0,0,1.0,1.0,A.orientation,0.06142187852797871,0.017453292519943295,rad,3.5192144094183933,A.orientation;B.orientation;elevation;F90:rep-2.peak_elevation_rad;F90:rep-3.end_us;F90:rep-3.end_confirmation;F90:rep-3.peak_elevation_rad;F90:rep-3.rep_duration_s;summary.peak_elevation_rad.mean;summary.peak_elevation_rad.maximum;summary.rep_duration_s.maximum,,,,,F90/CLEAN-S/SAME/0,0.0
F90/C-APPLY/SAME/0,F90,C-APPLY,S,SAME,0,"{""calibration"": true}",C,True,complete,True,1.0,1.0,1.0,16.5,3,3,0,0,0,0,0,0,1.0,1.0,B.orientation,0.005524664224010412,0.006981317007977318,rad,0.7913498581567865,,,,,,F90/CLEAN-S/SAME/0,0.0
F90/C-FIT-H/SAME/1103,F90,C-FIT-H,S,SAME,1103,"{""accel_sigma"": 0.02, ""bias_rads"": 0.00034906585039886593, ""fit_gyro"": true, ""gyro_sigma"": 0.005}",W,True,complete,True,1.0,1.0,1.0,16.5,3,3,0,0,0,0,0,0,1.0,1.0,A.orientation,0.0070193063795830415,0.017453292519943295,rad,0.4021766306593621,,,,,,F90/CLEAN-S/SAME/0,0.0
F90/C-FIT-H/SAME/2207,F90,C-FIT-H,S,SAME,2207,"{""accel_sigma"": 0.02, ""bias_rads"": 0.00034906585039886593, ""fit_gyro"": true, ""gyro_sigma"": 0.005}",W,True,complete,True,1.0,1.0,1.0,16.5,3,3,0,0,0,0,0,0,1.0,1.0,B.orientation,0.006058480063771644,0.017453292519943295,rad,0.34712533791826505,,,,,,F90/CLEAN-S/SAME/0,0.0
F90/C-FIT-H/SAME/3301,F90,C-FIT-H,S,SAME,3301,"{""accel_sigma"": 0.02, ""bias_rads"": 0.00034906585039886593, ""fit_gyro"": true, ""gyro_sigma"": 0.005}",W,True,complete,True,1.0,1.0,1.0,16.5,3,3,0,0,0,0,0,0,1.0,1.0,B.orientation,0.005425888274639445,0.017453292519943295,rad,0.3108804982463603,,,,,,F90/CLEAN-S/SAME/0,0.0
F90/C-FIT-H/SAME/4409,F90,C-FIT-H,S,SAME,4409,"{""accel_sigma"": 0.02, ""bias_rads"": 0.00034906585039886593, ""fit_gyro"": true, ""gyro_sigma"": 0.005}",W,True,complete,True,1.0,1.0,1.0,16.5,3,3,0,0,0,0,0,0,1.0,1.0,F90:rep-3.return_speed_max_rads,0.029470579694079402,0.10471975511965977,rad/s,0.2814233060457824,,,,,,F90/CLEAN-S/SAME/0,0.0
F90/C-FIT-H/SAME/5519,F90,C-FIT-H,S,SAME,5519,"{""accel_sigma"": 0.02, ""bias_rads"": 0.00034906585039886593, ""fit_gyro"": true, ""gyro_sigma"": 0.005}",W,True,complete,True,1.0,1.0,1.0,16.5,3,3,0,0,0,0,0,0,1.0,1.0,B.orientation,0.00613746730652691,0.017453292519943295,rad,0.3516509735635171,,,,,,F90/CLEAN-S/SAME/0,0.0
F90/C-FIT-L/SAME/1103,F90,C-FIT-L,S,SAME,1103,"{""accel_sigma"": 0.02, ""bias_rads"": 3.490658503988659e-05, ""fit_gyro"": true, ""gyro_sigma"": 0.005}",W,True,complete,True,1.0,1.0,1.0,16.5,3,3,0,0,0,0,0,0,1.0,1.0,A.orientation,0.0070193063795830415,0.017453292519943295,rad,0.4021766306593621,,,,,,F90/CLEAN-S/SAME/0,0.0
F90/C-FIT-L/SAME/2207,F90,C-FIT-L,S,SAME,2207,"{""accel_sigma"": 0.02, ""bias_rads"": 3.490658503988659e-05, ""fit_gyro"": true, ""gyro_sigma"": 0.005}",W,True,complete,True,1.0,1.0,1.0,16.5,3,3,0,0,0,0,0,0,1.0,1.0,B.orientation,0.006058480063771644,0.017453292519943295,rad,0.34712533791826505,,,,,,F90/CLEAN-S/SAME/0,0.0
F90/C-FIT-L/SAME/3301,F90,C-FIT-L,S,SAME,3301,"{""accel_sigma"": 0.02, ""bias_rads"": 3.490658503988659e-05, ""fit_gyro"": true, ""gyro_sigma"": 0.005}",W,True,complete,True,1.0,1.0,1.0,16.5,3,3,0,0,0,0,0,0,1.0,1.0,B.orientation,0.005425888274639445,0.017453292519943295,rad,0.3108804982463603,,,,,,F90/CLEAN-S/SAME/0,0.0
F90/C-FIT-L/SAME/4409,F90,C-FIT-L,S,SAME,4409,"{""accel_sigma"": 0.02, ""bias_rads"": 3.490658503988659e-05, ""fit_gyro"": true, ""gyro_sigma"": 0.005}",W,True,complete,True,1.0,1.0,1.0,16.5,3,3,0,0,0,0,0,0,1.0,1.0,F90:rep-3.return_speed_max_rads,0.029470579694079402,0.10471975511965977,rad/s,0.2814233060457824,,,,,,F90/CLEAN-S/SAME/0,0.0
F90/C-FIT-L/SAME/5519,F90,C-FIT-L,S,SAME,5519,"{""accel_sigma"": 0.02, ""bias_rads"": 3.490658503988659e-05, ""fit_gyro"": true, ""gyro_sigma"": 0.005}",W,True,complete,True,1.0,1.0,1.0,16.5,3,3,0,0,0,0,0,0,1.0,1.0,B.orientation,0.00613746730652691,0.017453292519943295,rad,0.3516509735635171,,,,,,F90/CLEAN-S/SAME/0,0.0
F90/CLEAN-E/SAME/0,F90,CLEAN-E,E,SAME,0,{},C,True,complete,True,1.0,1.0,1.0,16.5,3,3,0,0,0,0,0,0,1.0,1.0,interval_speed,2.48245868306185e-13,1e-10,rad/s,0.00248245868306185,,,,,,F90/CLEAN-E/SAME/0,0.0
F90/CLEAN-Q/SAME/0,F90,CLEAN-Q,Q,SAME,0,{},C,True,complete,True,1.0,1.0,1.0,16.5,3,3,0,0,0,0,0,0,1.0,1.0,B.orientation,0.005663503117983247,0.006981317007977318,rad,0.8112370647990559,,,,,,F90/CLEAN-Q/SAME/0,0.0
F90/CLEAN-S/SAME/0,F90,CLEAN-S,S,SAME,0,{},C,True,complete,True,1.0,1.0,1.0,16.5,3,3,0,0,0,0,0,0,1.0,1.0,B.orientation,0.005524664224010412,0.006981317007977318,rad,0.7913498581567865,,,,,,F90/CLEAN-S/SAME/0,0.0
F90/D-C-0-exact/B/0,F90,D-C-0-exact,S,B,0,"{""clock_enabled"": true, ""clock_ppm"": 0, ""map_control"": ""exact""}",W,True,complete,True,1.0,1.0,1.0,16.5,3,3,0,0,0,0,0,0,1.0,1.0,B.orientation,0.005524664224010412,0.017453292519943295,rad,0.3165399432627146,,,,,,F90/CLEAN-S/SAME/0,0.0
F90/D-C-0-wrong/B/0,F90,D-C-0-wrong,S,B,0,"{""clock_enabled"": true, ""clock_ppm"": 0, ""map_control"": ""wrong""}",stress,True,stress_completed,False,1.0,1.0,1.0,16.5,3,3,0,0,0,0,0,0,1.0,1.0,interval_speed,1.0506337533308638,0.10471975511965977,rad/s,10.032813313307884,elevation;interval_speed;F90:rep-1.start_us;F90:rep-1.end_us;F90:rep-1.start_confirmation;F90:rep-1.end_confirmation;F90:rep-2.start_us;F90:rep-2.end_us;F90:rep-2.start_confirmation;F90:rep-2.end_confirmation;F90:rep-3.start_us;F90:rep-3.end_us;F90:rep-3.start_confirmation;F90:rep-3.end_confirmation,,,,,F90/CLEAN-S/SAME/0,0.0
F90/D-C-H-minus-exact/B/0,F90,D-C-H-minus-exact,S,B,0,"{""clock_enabled"": true, ""clock_ppm"": -500, ""map_control"": ""exact""}",W,True,complete,True,0.9993939393939393,1.0,1.0,16.5,3,3,0,0,0,0,0,0,1.0,1.0,B.orientation,0.00496891844929008,0.017453292519943295,rad,0.28469805588901137,,,,,,F90/CLEAN-S/SAME/0,0.0
F90/D-C-H-minus-wrong/B/0,F90,D-C-H-minus-wrong,S,B,0,"{""clock_enabled"": true, ""clock_ppm"": -500, ""map_control"": ""wrong""}",stress,True,stress_completed,False,1.0,1.0,1.0,16.5,3,3,0,0,0,0,0,0,1.0,1.0,interval_speed,1.0508014881142174,0.10471975511965977,rad/s,10.034415062501832,elevation;interval_speed;F90:rep-1.start_us;F90:rep-1.end_us;F90:rep-1.start_confirmation;F90:rep-1.end_confirmation;F90:rep-2.start_us;F90:rep-2.end_us;F90:rep-2.start_confirmation;F90:rep-2.end_confirmation;F90:rep-3.start_us;F90:rep-3.end_us;F90:rep-3.start_confirmation;F90:rep-3.end_confirmation,,,,,F90/CLEAN-S/SAME/0,0.0
F90/D-C-H-plus-exact/B/0,F90,D-C-H-plus-exact,S,B,0,"{""clock_enabled"": true, ""clock_ppm"": 500, ""map_control"": ""exact""}",W,True,complete,True,1.0,1.0,1.0,16.5,3,3,0,0,0,0,0,0,1.0,1.0,B.orientation,0.006079098437934399,0.017453292519943295,rad,0.34830668373821244,,,,,,F90/CLEAN-S/SAME/0,0.0
F90/D-C-H-plus-wrong/B/0,F90,D-C-H-plus-wrong,S,B,0,"{""clock_enabled"": true, ""clock_ppm"": 500, ""map_control"": ""wrong""}",stress,True,stress_completed,False,1.0,1.0,1.0,16.5,3,3,0,0,0,0,0,0,1.0,1.0,interval_speed,1.0504708301153707,0.10471975511965977,rad/s,10.031257511202472,elevation;interval_speed;F90:rep-1.start_us;F90:rep-1.end_us;F90:rep-1.start_confirmation;F90:rep-1.end_confirmation;F90:rep-2.start_us;F90:rep-2.end_us;F90:rep-2.start_confirmation;F90:rep-2.end_confirmation;F90:rep-3.start_us;F90:rep-3.end_us;F90:rep-3.start_confirmation;F90:rep-3.end_confirmation,,,,,F90/CLEAN-S/SAME/0,0.0
F90/D-C-L-minus-exact/B/0,F90,D-C-L-minus-exact,S,B,0,"{""clock_enabled"": true, ""clock_ppm"": -100, ""map_control"": ""exact""}",W,True,complete,True,0.9993939393939393,1.0,1.0,16.5,3,3,0,0,0,0,0,0,1.0,1.0,B.orientation,0.005413159815261389,0.017453292519943295,rad,0.31015121124429396,,,,,,F90/CLEAN-S/SAME/0,0.0
F90/D-C-L-minus-wrong/B/0,F90,D-C-L-minus-wrong,S,B,0,"{""clock_enabled"": true, ""clock_ppm"": -100, ""map_control"": ""wrong""}",stress,True,stress_completed,False,1.0,1.0,1.0,16.5,3,3,0,0,0,0,0,0,1.0,1.0,interval_speed,1.0506680908123556,0.10471975511965977,rad/s,10.033141212102647,elevation;interval_speed;F90:rep-1.start_us;F90:rep-1.end_us;F90:rep-1.start_confirmation;F90:rep-1.end_confirmation;F90:rep-2.start_us;F90:rep-2.end_us;F90:rep-2.start_confirmation;F90:rep-2.end_confirmation;F90:rep-3.start_us;F90:rep-3.end_us;F90:rep-3.start_confirmation;F90:rep-3.end_confirmation,,,,,F90/CLEAN-S/SAME/0,0.0
F90/D-C-L-plus-exact/B/0,F90,D-C-L-plus-exact,S,B,0,"{""clock_enabled"": true, ""clock_ppm"": 100, ""map_control"": ""exact""}",W,True,complete,True,0.9993939393939393,1.0,1.0,16.5,3,3,0,0,0,0,0,0,1.0,1.0,B.orientation,0.005635407557865886,0.017453292519943295,rad,0.3228850689018415,,,,,,F90/CLEAN-S/SAME/0,0.0
F90/D-C-L-plus-wrong/B/0,F90,D-C-L-plus-wrong,S,B,0,"{""clock_enabled"": true, ""clock_ppm"": 100, ""map_control"": ""wrong""}",stress,True,stress_completed,False,1.0,1.0,1.0,16.5,3,3,0,0,0,0,0,0,1.0,1.0,interval_speed,1.0506010984707899,0.10471975511965977,rad/s,10.032501482364077,elevation;interval_speed;F90:rep-1.start_us;F90:rep-1.end_us;F90:rep-1.start_confirmation;F90:rep-1.end_confirmation;F90:rep-2.start_us;F90:rep-2.end_us;F90:rep-2.start_confirmation;F90:rep-2.end_confirmation;F90:rep-3.start_us;F90:rep-3.end_us;F90:rep-3.start_confirmation;F90:rep-3.end_confirmation,,,,,F90/CLEAN-S/SAME/0,0.0
F90/D-C-X-minus-exact/B/0,F90,D-C-X-minus-exact,S,B,0,"{""clock_enabled"": true, ""clock_ppm"": -5000, ""map_control"": ""exact""}",stress,True,stress_completed,True,0.9993939393939393,1.0,1.0,16.5,3,3,0,0,0,0,0,0,1.0,1.0,B.orientation,3.838486372330091e-05,0.017453292519943295,rad,0.0021992906885299614,,,,,,F90/CLEAN-S/SAME/0,0.0
F90/D-C-X-minus-wrong/B/0,F90,D-C-X-minus-wrong,S,B,0,"{""clock_enabled"": true, ""clock_ppm"": -5000, ""map_control"": ""wrong""}",stress,True,stress_completed,False,1.0,1.0,1.0,16.5,3,3,0,0,0,0,0,0,1.0,1.0,interval_speed,1.0524428760507476,0.10471975511965977,rad/s,10.050089162719644,elevation;interval_speed;F90:rep-1.start_us;F90:rep-1.end_us;F90:rep-1.start_confirmation;F90:rep-1.end_confirmation;F90:rep-1.peak_support;F90:rep-2.start_us;F90:rep-2.end_us;F90:rep-2.start_confirmation;F90:rep-2.end_confirmation;F90:rep-2.peak_support;F90:rep-3.start_us;F90:rep-3.end_us;F90:rep-3.start_confirmation;F90:rep-3.end_confirmation;F90:rep-3.peak_support,,,,,F90/CLEAN-S/SAME/0,0.0
F90/D-C-X-plus-exact/B/0,F90,D-C-X-plus-exact,S,B,0,"{""clock_enabled"": true, ""clock_ppm"": 5000, ""map_control"": ""exact""}",stress,True,stress_completed,True,1.0,1.0,1.0,16.5,3,3,0,0,0,0,0,0,1.0,1.0,B.orientation,0.011068490345173975,0.017453292519943295,rad,0.6341777823597685,,,,,,F90/CLEAN-S/SAME/0,0.0
F90/D-C-X-plus-wrong/B/0,F90,D-C-X-plus-wrong,S,B,0,"{""clock_enabled"": true, ""clock_ppm"": 5000, ""map_control"": ""wrong""}",stress,True,stress_completed,False,1.0,1.0,1.0,16.5,3,3,0,0,0,0,0,0,1.0,1.0,interval_speed,1.049133077068543,0.10471975511965977,rad/s,10.018482910600142,elevation;interval_speed;F90:rep-1.start_us;F90:rep-1.end_us;F90:rep-1.start_confirmation;F90:rep-1.end_confirmation;F90:rep-2.start_us;F90:rep-2.end_us;F90:rep-2.start_confirmation;F90:rep-2.end_confirmation;F90:rep-3.start_us;F90:rep-3.end_us;F90:rep-3.start_confirmation;F90:rep-3.end_confirmation,,,,,F90/CLEAN-S/SAME/0,0.0
F90/D-H-H-sensor/A/0,F90,D-H-H-sensor,S,A,0,"{""heading_path"": ""sensor"", ""heading_rate_rads"": 0.00034906585039886593}",W,True,complete,True,1.0,1.0,1.0,16.5,3,3,0,0,0,0,0,0,1.0,1.0,A.orientation,0.007505005966673157,0.017453292519943295,rad,0.43000516711087244,,,,,,F90/CLEAN-S/SAME/0,0.005759586531581288
F90/D-H-H-sensor/B/0,F90,D-H-H-sensor,S,B,0,"{""heading_path"": ""sensor"", ""heading_rate_rads"": 0.00034906585039886593}",W,True,complete,True,1.0,1.0,1.0,16.5,3,3,0,0,0,0,0,0,1.0,1.0,B.orientation,0.008193685179565893,0.017453292519943295,rad,0.4694635794480177,,,,,,F90/CLEAN-S/SAME/0,0.0
F90/D-H-H-sensor/SAME/0,F90,D-H-H-sensor,S,SAME,0,"{""heading_path"": ""sensor"", ""heading_rate_rads"": 0.00034906585039886593}",W,True,complete,True,1.0,1.0,1.0,16.5,3,3,0,0,0,0,0,0,1.0,1.0,B.orientation,0.008193685179565893,0.017453292519943295,rad,0.4694635794480177,,,,,,F90/CLEAN-S/SAME/0,0.005759586531581288
F90/D-H-H-sensor/DIFF/0,F90,D-H-H-sensor,S,DIFF,0,"{""heading_path"": ""sensor"", ""heading_rate_rads"": 0.00034906585039886593}",W,True,complete,True,1.0,1.0,1.0,16.5,3,3,0,0,0,0,0,0,1.0,1.0,B.orientation,0.008193685179565893,0.017453292519943295,rad,0.4694635794480177,,,,,,F90/CLEAN-S/SAME/0,0.005759586531581288
F90/D-H-H-world/A/0,F90,D-H-H-world,E,A,0,"{""heading_path"": ""world"", ""heading_rate_rads"": 0.00034906585039886593}",W,True,complete,True,1.0,1.0,1.0,16.5,3,3,0,0,0,0,0,0,1.0,1.0,A.orientation,0.005759586531581288,0.017453292519943295,rad,0.33,,,,,,F90/CLEAN-E/SAME/0,0.005759586531581288
F90/D-H-H-world/B/0,F90,D-H-H-world,E,B,0,"{""heading_path"": ""world"", ""heading_rate_rads"": 0.00034906585039886593}",W,True,complete,True,1.0,1.0,1.0,16.5,3,3,0,0,0,0,0,0,1.0,1.0,B.orientation,0.005759586531581288,0.017453292519943295,rad,0.33,,,,,,F90/CLEAN-E/SAME/0,0.0
F90/D-H-H-world/SAME/0,F90,D-H-H-world,E,SAME,0,"{""heading_path"": ""world"", ""heading_rate_rads"": 0.00034906585039886593}",W,True,complete,True,1.0,1.0,1.0,16.5,3,3,0,0,0,0,0,0,1.0,1.0,A.orientation,0.005759586531581288,0.017453292519943295,rad,0.33,,,,,,F90/CLEAN-E/SAME/0,0.005759586531581288
F90/D-H-H-world/DIFF/0,F90,D-H-H-world,E,DIFF,0,"{""heading_path"": ""world"", ""heading_rate_rads"": 0.00034906585039886593}",W,True,complete,True,1.0,1.0,1.0,16.5,3,3,0,0,0,0,0,0,1.0,1.0,A.orientation,0.005759586531581288,0.017453292519943295,rad,0.33,,,,,,F90/CLEAN-E/SAME/0,0.005759586531581288
F90/D-H-L-sensor/A/0,F90,D-H-L-sensor,S,A,0,"{""heading_path"": ""sensor"", ""heading_rate_rads"": 3.490658503988659e-05}",W,True,complete,True,1.0,1.0,1.0,16.5,3,3,0,0,0,0,0,0,1.0,1.0,B.orientation,0.005524664224010412,0.017453292519943295,rad,0.3165399432627146,,,,,,F90/CLEAN-S/SAME/0,0.0005759586531581287
F90/D-H-L-sensor/B/0,F90,D-H-L-sensor,S,B,0,"{""heading_path"": ""sensor"", ""heading_rate_rads"": 3.490658503988659e-05}",W,True,complete,True,1.0,1.0,1.0,16.5,3,3,0,0,0,0,0,0,1.0,1.0,B.orientation,0.005529352094051332,0.017453292519943295,rad,0.3168085384309652,,,,,,F90/CLEAN-S/SAME/0,0.0
F90/D-H-L-sensor/SAME/0,F90,D-H-L-sensor,S,SAME,0,"{""heading_path"": ""sensor"", ""heading_rate_rads"": 3.490658503988659e-05}",W,True,complete,True,1.0,1.0,1.0,16.5,3,3,0,0,0,0,0,0,1.0,1.0,B.orientation,0.005529352094051332,0.017453292519943295,rad,0.3168085384309652,,,,,,F90/CLEAN-S/SAME/0,0.0005759586531581287
F90/D-H-L-sensor/DIFF/0,F90,D-H-L-sensor,S,DIFF,0,"{""heading_path"": ""sensor"", ""heading_rate_rads"": 3.490658503988659e-05}",W,True,complete,True,1.0,1.0,1.0,16.5,3,3,0,0,0,0,0,0,1.0,1.0,B.orientation,0.005529352094051332,0.017453292519943295,rad,0.3168085384309652,,,,,,F90/CLEAN-S/SAME/0,0.0005759586531581287
F90/D-H-L-world/A/0,F90,D-H-L-world,E,A,0,"{""heading_path"": ""world"", ""heading_rate_rads"": 3.490658503988659e-05}",W,True,complete,True,1.0,1.0,1.0,16.5,3,3,0,0,0,0,0,0,1.0,1.0,A.orientation,0.0005759586531581287,0.017453292519943295,rad,0.032999999999999995,,,,,,F90/CLEAN-E/SAME/0,0.0005759586531581287
F90/D-H-L-world/B/0,F90,D-H-L-world,E,B,0,"{""heading_path"": ""world"", ""heading_rate_rads"": 3.490658503988659e-05}",W,True,complete,True,1.0,1.0,1.0,16.5,3,3,0,0,0,0,0,0,1.0,1.0,B.orientation,0.0005759586531581287,0.017453292519943295,rad,0.032999999999999995,,,,,,F90/CLEAN-E/SAME/0,0.0
F90/D-H-L-world/SAME/0,F90,D-H-L-world,E,SAME,0,"{""heading_path"": ""world"", ""heading_rate_rads"": 3.490658503988659e-05}",W,True,complete,True,1.0,1.0,1.0,16.5,3,3,0,0,0,0,0,0,1.0,1.0,A.orientation,0.0005759586531581287,0.017453292519943295,rad,0.032999999999999995,,,,,,F90/CLEAN-E/SAME/0,0.0005759586531581287
F90/D-H-L-world/DIFF/0,F90,D-H-L-world,E,DIFF,0,"{""heading_path"": ""world"", ""heading_rate_rads"": 3.490658503988659e-05}",W,True,complete,True,1.0,1.0,1.0,16.5,3,3,0,0,0,0,0,0,1.0,1.0,A.orientation,0.0005759586531581287,0.017453292519943295,rad,0.032999999999999995,,,,,,F90/CLEAN-E/SAME/0,0.0005759586531581287
F90/D-H-X-sensor/A/0,F90,D-H-X-sensor,S,A,0,"{""heading_path"": ""sensor"", ""heading_rate_rads"": 0.003490658503988659}",stress,True,stress_completed,False,1.0,1.0,0.0,16.5,3,3,0,0,0,0,0,0,1.0,1.0,A.orientation,0.07504911366428586,0.017453292519943295,rad,4.299997469161177,A.orientation,thorax_drift_exceeded,,,,F90/CLEAN-S/SAME/0,0.05759586531581288
F90/D-H-X-sensor/B/0,F90,D-H-X-sensor,S,B,0,"{""heading_path"": ""sensor"", ""heading_rate_rads"": 0.003490658503988659}",stress,True,stress_completed,False,1.0,1.0,1.0,16.5,3,3,0,0,0,0,0,0,1.0,1.0,B.orientation,0.07508729650873427,0.017453292519943295,rad,4.302185184997875,B.orientation,,,,,F90/CLEAN-S/SAME/0,0.0
F90/D-H-X-sensor/SAME/0,F90,D-H-X-sensor,S,SAME,0,"{""heading_path"": ""sensor"", ""heading_rate_rads"": 0.003490658503988659}",stress,True,stress_completed,False,1.0,1.0,0.0,16.5,3,3,0,0,0,0,0,0,1.0,1.0,B.orientation,0.07508729650873427,0.017453292519943295,rad,4.302185184997875,A.orientation;B.orientation,thorax_drift_exceeded,,,,F90/CLEAN-S/SAME/0,0.05759586531581288
F90/D-H-X-sensor/DIFF/0,F90,D-H-X-sensor,S,DIFF,0,"{""heading_path"": ""sensor"", ""heading_rate_rads"": 0.003490658503988659}",stress,True,stress_completed,False,1.0,1.0,0.0,16.5,3,3,0,0,0,0,0,0,1.0,1.0,B.orientation,0.07508729650873427,0.017453292519943295,rad,4.302185184997875,A.orientation;B.orientation,thorax_drift_exceeded,,,,F90/CLEAN-S/SAME/0,0.05759586531581288
F90/D-H-X-world/A/0,F90,D-H-X-world,E,A,0,"{""heading_path"": ""world"", ""heading_rate_rads"": 0.003490658503988659}",stress,True,stress_completed,False,1.0,1.0,0.0,16.5,3,3,0,0,0,0,0,0,1.0,1.0,A.orientation,0.05759586531581289,0.017453292519943295,rad,3.300000000000001,A.orientation;A.initialization,thorax_drift_exceeded,,,,F90/CLEAN-E/SAME/0,0.05759586531581288
F90/D-H-X-world/B/0,F90,D-H-X-world,E,B,0,"{""heading_path"": ""world"", ""heading_rate_rads"": 0.003490658503988659}",stress,True,stress_completed,False,1.0,1.0,1.0,16.5,3,3,0,0,0,0,0,0,1.0,1.0,B.orientation,0.05759586531581289,0.017453292519943295,rad,3.300000000000001,B.orientation;B.initialization,,,,,F90/CLEAN-E/SAME/0,0.0
F90/D-H-X-world/SAME/0,F90,D-H-X-world,E,SAME,0,"{""heading_path"": ""world"", ""heading_rate_rads"": 0.003490658503988659}",stress,True,stress_completed,False,1.0,1.0,0.0,16.5,3,3,0,0,0,0,0,0,1.0,1.0,A.orientation,0.05759586531581289,0.017453292519943295,rad,3.300000000000001,A.orientation;A.initialization;B.orientation;B.initialization,thorax_drift_exceeded,,,,F90/CLEAN-E/SAME/0,0.05759586531581288
F90/D-H-X-world/DIFF/0,F90,D-H-X-world,E,DIFF,0,"{""heading_path"": ""world"", ""heading_rate_rads"": 0.003490658503988659}",stress,True,stress_completed,False,1.0,1.0,0.0,16.5,3,3,0,0,0,0,0,0,1.0,1.0,A.orientation,0.05759586531581289,0.017453292519943295,rad,3.300000000000001,A.orientation;A.initialization;B.orientation;B.initialization,thorax_drift_exceeded,,,,F90/CLEAN-E/SAME/0,0.05759586531581288
F90/EV-align-A-E/SAME/0,F90,EV-align-A-E,E,SAME,0,"{""mutation"": ""align-A""}",evidence,True,evidence_gate,False,0.0,0.0,,16.5,3,,3,0,0,0,0,0,1.0,1.0,B.orientation,1.9269389314901716e-15,0.017453292519943295,rad,1.1040546815383531e-13,elevation;interval_speed;counts;detected_count;coverage;summary.rom_mean_rad;summary.rom_max_rad;summary.rom_range_rad;summary.rom_sd_rad;summary.rom_cv;summary.active_s;summary.cadence_per_s,,,,,F90/CLEAN-E/SAME/0,0.0
F90/EV-align-A-S/SAME/0,F90,EV-align-A-S,S,SAME,0,"{""mutation"": ""align-A""}",evidence,True,evidence_gate,False,0.0,0.0,,16.5,3,,3,0,0,0,0,0,1.0,1.0,B.orientation,0.005524664224010412,0.017453292519943295,rad,0.3165399432627146,elevation;interval_speed;counts;detected_count;coverage;summary.rom_mean_rad;summary.rom_max_rad;summary.rom_range_rad;summary.rom_sd_rad;summary.rom_cv;summary.active_s;summary.cadence_per_s,,,,,F90/CLEAN-S/SAME/0,0.0
F90/EV-align-A-assumed-E/SAME/0,F90,EV-align-A-assumed-E,E,SAME,0,"{""mutation"": ""align-A-assumed""}",evidence,True,evidence_gate,True,1.0,1.0,1.0,16.5,3,3,0,0,0,0,0,0,1.0,1.0,interval_speed,2.48245868306185e-13,0.10471975511965977,rad/s,2.370573422584141e-12,,,,,,F90/CLEAN-E/SAME/0,0.0
F90/EV-align-A-assumed-S/SAME/0,F90,EV-align-A-assumed-S,S,SAME,0,"{""mutation"": ""align-A-assumed""}",evidence,True,evidence_gate,True,1.0,1.0,1.0,16.5,3,3,0,0,0,0,0,0,1.0,1.0,B.orientation,0.005524664224010412,0.017453292519943295,rad,0.3165399432627146,,,,,,F90/CLEAN-S/SAME/0,0.0
F90/EV-align-A-epoch-E/SAME/0,F90,EV-align-A-epoch-E,E,SAME,0,"{""mutation"": ""align-A-epoch""}",evidence,True,evidence_gate,False,0.0,0.0,,16.5,3,,3,0,0,0,0,0,1.0,1.0,B.orientation,1.9269389314901716e-15,0.017453292519943295,rad,1.1040546815383531e-13,elevation;interval_speed;counts;detected_count;coverage;summary.rom_mean_rad;summary.rom_max_rad;summary.rom_range_rad;summary.rom_sd_rad;summary.rom_cv;summary.active_s;summary.cadence_per_s,,,,,F90/CLEAN-E/SAME/0,0.0
F90/EV-align-A-epoch-S/SAME/0,F90,EV-align-A-epoch-S,S,SAME,0,"{""mutation"": ""align-A-epoch""}",evidence,True,evidence_gate,False,0.0,0.0,,16.5,3,,3,0,0,0,0,0,1.0,1.0,B.orientation,0.005524664224010412,0.017453292519943295,rad,0.3165399432627146,elevation;interval_speed;counts;detected_count;coverage;summary.rom_mean_rad;summary.rom_max_rad;summary.rom_range_rad;summary.rom_sd_rad;summary.rom_cv;summary.active_s;summary.cadence_per_s,,,,,F90/CLEAN-S/SAME/0,0.0
F90/EV-align-A-expired-E/SAME/0,F90,EV-align-A-expired-E,E,SAME,0,"{""mutation"": ""align-A-expired""}",evidence,True,evidence_gate,False,0.0,0.0,,16.5,3,,3,0,0,0,0,0,1.0,1.0,B.orientation,1.9269389314901716e-15,0.017453292519943295,rad,1.1040546815383531e-13,elevation;interval_speed;counts;detected_count;coverage;summary.rom_mean_rad;summary.rom_max_rad;summary.rom_range_rad;summary.rom_sd_rad;summary.rom_cv;summary.active_s;summary.cadence_per_s,,,,,F90/CLEAN-E/SAME/0,0.0
F90/EV-align-A-expired-S/SAME/0,F90,EV-align-A-expired-S,S,SAME,0,"{""mutation"": ""align-A-expired""}",evidence,True,evidence_gate,False,0.0,0.0,,16.5,3,,3,0,0,0,0,0,1.0,1.0,B.orientation,0.005524664224010412,0.017453292519943295,rad,0.3165399432627146,elevation;interval_speed;counts;detected_count;coverage;summary.rom_mean_rad;summary.rom_max_rad;summary.rom_range_rad;summary.rom_sd_rad;summary.rom_cv;summary.active_s;summary.cadence_per_s,,,,,F90/CLEAN-S/SAME/0,0.0
F90/EV-align-A-hash-E/SAME/0,F90,EV-align-A-hash-E,E,SAME,0,"{""mutation"": ""align-A-hash""}",evidence,True,evidence_gate,False,0.0,0.0,,16.5,3,,3,0,0,0,0,0,1.0,1.0,B.orientation,1.9269389314901716e-15,0.017453292519943295,rad,1.1040546815383531e-13,elevation;interval_speed;counts;detected_count;coverage;summary.rom_mean_rad;summary.rom_max_rad;summary.rom_range_rad;summary.rom_sd_rad;summary.rom_cv;summary.active_s;summary.cadence_per_s,,,,,F90/CLEAN-E/SAME/0,0.0
F90/EV-align-A-hash-S/SAME/0,F90,EV-align-A-hash-S,S,SAME,0,"{""mutation"": ""align-A-hash""}",evidence,True,evidence_gate,False,0.0,0.0,,16.5,3,,3,0,0,0,0,0,1.0,1.0,B.orientation,0.005524664224010412,0.017453292519943295,rad,0.3165399432627146,elevation;interval_speed;counts;detected_count;coverage;summary.rom_mean_rad;summary.rom_max_rad;summary.rom_range_rad;summary.rom_sd_rad;summary.rom_cv;summary.active_s;summary.cadence_per_s,,,,,F90/CLEAN-S/SAME/0,0.0
F90/EV-align-A-node-E/SAME/0,F90,EV-align-A-node-E,E,SAME,0,"{""mutation"": ""align-A-node""}",evidence,True,evidence_gate,False,0.0,0.0,,16.5,3,,3,0,0,0,0,0,1.0,1.0,B.orientation,1.9269389314901716e-15,0.017453292519943295,rad,1.1040546815383531e-13,elevation;interval_speed;counts;detected_count;coverage;summary.rom_mean_rad;summary.rom_max_rad;summary.rom_range_rad;summary.rom_sd_rad;summary.rom_cv;summary.active_s;summary.cadence_per_s,,,,,F90/CLEAN-E/SAME/0,0.0
F90/EV-align-A-node-S/SAME/0,F90,EV-align-A-node-S,S,SAME,0,"{""mutation"": ""align-A-node""}",evidence,True,evidence_gate,False,0.0,0.0,,16.5,3,,3,0,0,0,0,0,1.0,1.0,B.orientation,0.005524664224010412,0.017453292519943295,rad,0.3165399432627146,elevation;interval_speed;counts;detected_count;coverage;summary.rom_mean_rad;summary.rom_max_rad;summary.rom_range_rad;summary.rom_sd_rad;summary.rom_cv;summary.active_s;summary.cadence_per_s,,,,,F90/CLEAN-S/SAME/0,0.0
F90/EV-align-A-remount-E/SAME/0,F90,EV-align-A-remount-E,E,SAME,0,"{""mutation"": ""align-A-remount""}",evidence,True,evidence_gate,False,0.0,0.0,,16.5,3,,3,0,0,0,0,0,1.0,1.0,B.orientation,1.9269389314901716e-15,0.017453292519943295,rad,1.1040546815383531e-13,elevation;interval_speed;counts;detected_count;coverage;summary.rom_mean_rad;summary.rom_max_rad;summary.rom_range_rad;summary.rom_sd_rad;summary.rom_cv;summary.active_s;summary.cadence_per_s,,,,,F90/CLEAN-E/SAME/0,0.0
F90/EV-align-A-remount-S/SAME/0,F90,EV-align-A-remount-S,S,SAME,0,"{""mutation"": ""align-A-remount""}",evidence,True,evidence_gate,False,0.0,0.0,,16.5,3,,3,0,0,0,0,0,1.0,1.0,B.orientation,0.005524664224010412,0.017453292519943295,rad,0.3165399432627146,elevation;interval_speed;counts;detected_count;coverage;summary.rom_mean_rad;summary.rom_max_rad;summary.rom_range_rad;summary.rom_sd_rad;summary.rom_cv;summary.active_s;summary.cadence_per_s,,,,,F90/CLEAN-S/SAME/0,0.0
F90/EV-align-A-side-E/SAME/0,F90,EV-align-A-side-E,E,SAME,0,"{""mutation"": ""align-A-side""}",evidence,True,evidence_gate,False,0.0,0.0,,16.5,3,,3,0,0,0,0,0,1.0,1.0,B.orientation,1.9269389314901716e-15,0.017453292519943295,rad,1.1040546815383531e-13,elevation;interval_speed;counts;detected_count;coverage;summary.rom_mean_rad;summary.rom_max_rad;summary.rom_range_rad;summary.rom_sd_rad;summary.rom_cv;summary.active_s;summary.cadence_per_s,,,,,F90/CLEAN-E/SAME/0,0.0
F90/EV-align-A-side-S/SAME/0,F90,EV-align-A-side-S,S,SAME,0,"{""mutation"": ""align-A-side""}",evidence,True,evidence_gate,False,0.0,0.0,,16.5,3,,3,0,0,0,0,0,1.0,1.0,B.orientation,0.005524664224010412,0.017453292519943295,rad,0.3165399432627146,elevation;interval_speed;counts;detected_count;coverage;summary.rom_mean_rad;summary.rom_max_rad;summary.rom_range_rad;summary.rom_sd_rad;summary.rom_cv;summary.active_s;summary.cadence_per_s,,,,,F90/CLEAN-S/SAME/0,0.0
F90/EV-align-A-world-E/SAME/0,F90,EV-align-A-world-E,E,SAME,0,"{""mutation"": ""align-A-world""}",evidence,True,expected_rejection,False,0.0,0.0,,16.5,3,,3,0,0,0,0,0,1.0,1.0,B.orientation,1.9269389314901716e-15,0.017453292519943295,rad,1.1040546815383531e-13,,,evidence,TypeError,AlignmentRecord.__init__() got an unexpected keyword argument 'world_id',F90/CLEAN-E/SAME/0,
F90/EV-align-A-world-S/SAME/0,F90,EV-align-A-world-S,S,SAME,0,"{""mutation"": ""align-A-world""}",evidence,True,expected_rejection,False,0.0,0.0,,16.5,3,,3,0,0,0,0,0,1.0,1.0,B.orientation,0.005524664224010412,0.017453292519943295,rad,0.3165399432627146,,,evidence,TypeError,AlignmentRecord.__init__() got an unexpected keyword argument 'world_id',F90/CLEAN-S/SAME/0,
F90/EV-align-B-E/SAME/0,F90,EV-align-B-E,E,SAME,0,"{""mutation"": ""align-B""}",evidence,True,evidence_gate,False,0.0,0.0,,16.5,3,,3,0,0,0,0,0,1.0,1.0,B.orientation,1.9269389314901716e-15,0.017453292519943295,rad,1.1040546815383531e-13,elevation;interval_speed;counts;detected_count;coverage;summary.rom_mean_rad;summary.rom_max_rad;summary.rom_range_rad;summary.rom_sd_rad;summary.rom_cv;summary.active_s;summary.cadence_per_s,,,,,F90/CLEAN-E/SAME/0,0.0
F90/EV-align-B-S/SAME/0,F90,EV-align-B-S,S,SAME,0,"{""mutation"": ""align-B""}",evidence,True,evidence_gate,False,0.0,0.0,,16.5,3,,3,0,0,0,0,0,1.0,1.0,B.orientation,0.005524664224010412,0.017453292519943295,rad,0.3165399432627146,elevation;interval_speed;counts;detected_count;coverage;summary.rom_mean_rad;summary.rom_max_rad;summary.rom_range_rad;summary.rom_sd_rad;summary.rom_cv;summary.active_s;summary.cadence_per_s,,,,,F90/CLEAN-S/SAME/0,0.0
F90/EV-align-B-assumed-E/SAME/0,F90,EV-align-B-assumed-E,E,SAME,0,"{""mutation"": ""align-B-assumed""}",evidence,True,evidence_gate,True,1.0,1.0,1.0,16.5,3,3,0,0,0,0,0,0,1.0,1.0,interval_speed,2.48245868306185e-13,0.10471975511965977,rad/s,2.370573422584141e-12,,,,,,F90/CLEAN-E/SAME/0,0.0
F90/EV-align-B-assumed-S/SAME/0,F90,EV-align-B-assumed-S,S,SAME,0,"{""mutation"": ""align-B-assumed""}",evidence,True,evidence_gate,True,1.0,1.0,1.0,16.5,3,3,0,0,0,0,0,0,1.0,1.0,B.orientation,0.005524664224010412,0.017453292519943295,rad,0.3165399432627146,,,,,,F90/CLEAN-S/SAME/0,0.0
F90/EV-align-B-epoch-E/SAME/0,F90,EV-align-B-epoch-E,E,SAME,0,"{""mutation"": ""align-B-epoch""}",evidence,True,evidence_gate,False,0.0,0.0,,16.5,3,,3,0,0,0,0,0,1.0,1.0,B.orientation,1.9269389314901716e-15,0.017453292519943295,rad,1.1040546815383531e-13,elevation;interval_speed;counts;detected_count;coverage;summary.rom_mean_rad;summary.rom_max_rad;summary.rom_range_rad;summary.rom_sd_rad;summary.rom_cv;summary.active_s;summary.cadence_per_s,,,,,F90/CLEAN-E/SAME/0,0.0
F90/EV-align-B-epoch-S/SAME/0,F90,EV-align-B-epoch-S,S,SAME,0,"{""mutation"": ""align-B-epoch""}",evidence,True,evidence_gate,False,0.0,0.0,,16.5,3,,3,0,0,0,0,0,1.0,1.0,B.orientation,0.005524664224010412,0.017453292519943295,rad,0.3165399432627146,elevation;interval_speed;counts;detected_count;coverage;summary.rom_mean_rad;summary.rom_max_rad;summary.rom_range_rad;summary.rom_sd_rad;summary.rom_cv;summary.active_s;summary.cadence_per_s,,,,,F90/CLEAN-S/SAME/0,0.0
F90/EV-align-B-expired-E/SAME/0,F90,EV-align-B-expired-E,E,SAME,0,"{""mutation"": ""align-B-expired""}",evidence,True,evidence_gate,False,0.0,0.0,,16.5,3,,3,0,0,0,0,0,1.0,1.0,B.orientation,1.9269389314901716e-15,0.017453292519943295,rad,1.1040546815383531e-13,elevation;interval_speed;counts;detected_count;coverage;summary.rom_mean_rad;summary.rom_max_rad;summary.rom_range_rad;summary.rom_sd_rad;summary.rom_cv;summary.active_s;summary.cadence_per_s,,,,,F90/CLEAN-E/SAME/0,0.0
F90/EV-align-B-expired-S/SAME/0,F90,EV-align-B-expired-S,S,SAME,0,"{""mutation"": ""align-B-expired""}",evidence,True,evidence_gate,False,0.0,0.0,,16.5,3,,3,0,0,0,0,0,1.0,1.0,B.orientation,0.005524664224010412,0.017453292519943295,rad,0.3165399432627146,elevation;interval_speed;counts;detected_count;coverage;summary.rom_mean_rad;summary.rom_max_rad;summary.rom_range_rad;summary.rom_sd_rad;summary.rom_cv;summary.active_s;summary.cadence_per_s,,,,,F90/CLEAN-S/SAME/0,0.0
F90/EV-align-B-hash-E/SAME/0,F90,EV-align-B-hash-E,E,SAME,0,"{""mutation"": ""align-B-hash""}",evidence,True,evidence_gate,False,0.0,0.0,,16.5,3,,3,0,0,0,0,0,1.0,1.0,B.orientation,1.9269389314901716e-15,0.017453292519943295,rad,1.1040546815383531e-13,elevation;interval_speed;counts;detected_count;coverage;summary.rom_mean_rad;summary.rom_max_rad;summary.rom_range_rad;summary.rom_sd_rad;summary.rom_cv;summary.active_s;summary.cadence_per_s,,,,,F90/CLEAN-E/SAME/0,0.0
F90/EV-align-B-hash-S/SAME/0,F90,EV-align-B-hash-S,S,SAME,0,"{""mutation"": ""align-B-hash""}",evidence,True,evidence_gate,False,0.0,0.0,,16.5,3,,3,0,0,0,0,0,1.0,1.0,B.orientation,0.005524664224010412,0.017453292519943295,rad,0.3165399432627146,elevation;interval_speed;counts;detected_count;coverage;summary.rom_mean_rad;summary.rom_max_rad;summary.rom_range_rad;summary.rom_sd_rad;summary.rom_cv;summary.active_s;summary.cadence_per_s,,,,,F90/CLEAN-S/SAME/0,0.0
F90/EV-align-B-node-E/SAME/0,F90,EV-align-B-node-E,E,SAME,0,"{""mutation"": ""align-B-node""}",evidence,True,evidence_gate,False,0.0,0.0,,16.5,3,,3,0,0,0,0,0,1.0,1.0,B.orientation,1.9269389314901716e-15,0.017453292519943295,rad,1.1040546815383531e-13,elevation;interval_speed;counts;detected_count;coverage;summary.rom_mean_rad;summary.rom_max_rad;summary.rom_range_rad;summary.rom_sd_rad;summary.rom_cv;summary.active_s;summary.cadence_per_s,,,,,F90/CLEAN-E/SAME/0,0.0
F90/EV-align-B-node-S/SAME/0,F90,EV-align-B-node-S,S,SAME,0,"{""mutation"": ""align-B-node""}",evidence,True,evidence_gate,False,0.0,0.0,,16.5,3,,3,0,0,0,0,0,1.0,1.0,B.orientation,0.005524664224010412,0.017453292519943295,rad,0.3165399432627146,elevation;interval_speed;counts;detected_count;coverage;summary.rom_mean_rad;summary.rom_max_rad;summary.rom_range_rad;summary.rom_sd_rad;summary.rom_cv;summary.active_s;summary.cadence_per_s,,,,,F90/CLEAN-S/SAME/0,0.0
F90/EV-align-B-remount-E/SAME/0,F90,EV-align-B-remount-E,E,SAME,0,"{""mutation"": ""align-B-remount""}",evidence,True,evidence_gate,False,0.0,0.0,,16.5,3,,3,0,0,0,0,0,1.0,1.0,B.orientation,1.9269389314901716e-15,0.017453292519943295,rad,1.1040546815383531e-13,elevation;interval_speed;counts;detected_count;coverage;summary.rom_mean_rad;summary.rom_max_rad;summary.rom_range_rad;summary.rom_sd_rad;summary.rom_cv;summary.active_s;summary.cadence_per_s,,,,,F90/CLEAN-E/SAME/0,0.0
F90/EV-align-B-remount-S/SAME/0,F90,EV-align-B-remount-S,S,SAME,0,"{""mutation"": ""align-B-remount""}",evidence,True,evidence_gate,False,0.0,0.0,,16.5,3,,3,0,0,0,0,0,1.0,1.0,B.orientation,0.005524664224010412,0.017453292519943295,rad,0.3165399432627146,elevation;interval_speed;counts;detected_count;coverage;summary.rom_mean_rad;summary.rom_max_rad;summary.rom_range_rad;summary.rom_sd_rad;summary.rom_cv;summary.active_s;summary.cadence_per_s,,,,,F90/CLEAN-S/SAME/0,0.0
F90/EV-align-B-side-E/SAME/0,F90,EV-align-B-side-E,E,SAME,0,"{""mutation"": ""align-B-side""}",evidence,True,evidence_gate,False,0.0,0.0,,16.5,3,,3,0,0,0,0,0,1.0,1.0,B.orientation,1.9269389314901716e-15,0.017453292519943295,rad,1.1040546815383531e-13,elevation;interval_speed;counts;detected_count;coverage;summary.rom_mean_rad;summary.rom_max_rad;summary.rom_range_rad;summary.rom_sd_rad;summary.rom_cv;summary.active_s;summary.cadence_per_s,,,,,F90/CLEAN-E/SAME/0,0.0
F90/EV-align-B-side-S/SAME/0,F90,EV-align-B-side-S,S,SAME,0,"{""mutation"": ""align-B-side""}",evidence,True,evidence_gate,False,0.0,0.0,,16.5,3,,3,0,0,0,0,0,1.0,1.0,B.orientation,0.005524664224010412,0.017453292519943295,rad,0.3165399432627146,elevation;interval_speed;counts;detected_count;coverage;summary.rom_mean_rad;summary.rom_max_rad;summary.rom_range_rad;summary.rom_sd_rad;summary.rom_cv;summary.active_s;summary.cadence_per_s,,,,,F90/CLEAN-S/SAME/0,0.0
F90/EV-align-B-world-E/SAME/0,F90,EV-align-B-world-E,E,SAME,0,"{""mutation"": ""align-B-world""}",evidence,True,expected_rejection,False,0.0,0.0,,16.5,3,,3,0,0,0,0,0,1.0,1.0,B.orientation,1.9269389314901716e-15,0.017453292519943295,rad,1.1040546815383531e-13,,,evidence,TypeError,AlignmentRecord.__init__() got an unexpected keyword argument 'world_id',F90/CLEAN-E/SAME/0,
F90/EV-align-B-world-S/SAME/0,F90,EV-align-B-world-S,S,SAME,0,"{""mutation"": ""align-B-world""}",evidence,True,expected_rejection,False,0.0,0.0,,16.5,3,,3,0,0,0,0,0,1.0,1.0,B.orientation,0.005524664224010412,0.017453292519943295,rad,0.3165399432627146,,,evidence,TypeError,AlignmentRecord.__init__() got an unexpected keyword argument 'world_id',F90/CLEAN-S/SAME/0,
F90/EV-branch-T9-E/SAME/0,F90,EV-branch-T9-E,E,SAME,0,"{""mutation"": ""branch-T9""}",evidence,True,existing_frozen_fixture,,,,,,,,,,,,,,,,,,,,,,,,,,F90/CLEAN-E/SAME/0,
F90/EV-branch-T9-S/SAME/0,F90,EV-branch-T9-S,S,SAME,0,"{""mutation"": ""branch-T9""}",evidence,True,existing_frozen_fixture,,,,,,,,,,,,,,,,,,,,,,,,,,F90/CLEAN-S/SAME/0,
F90/EV-comparison-backend-E/SAME/0,F90,EV-comparison-backend-E,E,SAME,0,"{""mutation"": ""comparison-backend""}",evidence,True,existing_frozen_fixture,,,,,,,,,,,,,,,,,,,,,,,,,,F90/CLEAN-E/SAME/0,
F90/EV-comparison-backend-S/SAME/0,F90,EV-comparison-backend-S,S,SAME,0,"{""mutation"": ""comparison-backend""}",evidence,True,existing_frozen_fixture,,,,,,,,,,,,,,,,,,,,,,,,,,F90/CLEAN-S/SAME/0,
F90/EV-comparison-evidence-E/SAME/0,F90,EV-comparison-evidence-E,E,SAME,0,"{""mutation"": ""comparison-evidence""}",evidence,True,existing_frozen_fixture,,,,,,,,,,,,,,,,,,,,,,,,,,F90/CLEAN-E/SAME/0,
F90/EV-comparison-evidence-S/SAME/0,F90,EV-comparison-evidence-S,S,SAME,0,"{""mutation"": ""comparison-evidence""}",evidence,True,existing_frozen_fixture,,,,,,,,,,,,,,,,,,,,,,,,,,F90/CLEAN-S/SAME/0,
F90/EV-comparison-remount-E/SAME/0,F90,EV-comparison-remount-E,E,SAME,0,"{""mutation"": ""comparison-remount""}",evidence,True,existing_frozen_fixture,,,,,,,,,,,,,,,,,,,,,,,,,,F90/CLEAN-E/SAME/0,
F90/EV-comparison-remount-S/SAME/0,F90,EV-comparison-remount-S,S,SAME,0,"{""mutation"": ""comparison-remount""}",evidence,True,existing_frozen_fixture,,,,,,,,,,,,,,,,,,,,,,,,,,F90/CLEAN-S/SAME/0,
F90/EV-comparison-source-type-E/SAME/0,F90,EV-comparison-source-type-E,E,SAME,0,"{""mutation"": ""comparison-source-type""}",evidence,True,existing_frozen_fixture,,,,,,,,,,,,,,,,,,,,,,,,,,F90/CLEAN-E/SAME/0,
F90/EV-comparison-source-type-S/SAME/0,F90,EV-comparison-source-type-S,S,SAME,0,"{""mutation"": ""comparison-source-type""}",evidence,True,existing_frozen_fixture,,,,,,,,,,,,,,,,,,,,,,,,,,F90/CLEAN-S/SAME/0,
F90/EV-comparison-threshold-E/SAME/0,F90,EV-comparison-threshold-E,E,SAME,0,"{""mutation"": ""comparison-threshold""}",evidence,True,existing_frozen_fixture,,,,,,,,,,,,,,,,,,,,,,,,,,F90/CLEAN-E/SAME/0,
F90/EV-comparison-threshold-S/SAME/0,F90,EV-comparison-threshold-S,S,SAME,0,"{""mutation"": ""comparison-threshold""}",evidence,True,existing_frozen_fixture,,,,,,,,,,,,,,,,,,,,,,,,,,F90/CLEAN-S/SAME/0,
F90/EV-drift-above-E/SAME/0,F90,EV-drift-above-E,E,SAME,0,"{""mutation"": ""drift-above""}",evidence,True,evidence_gate,False,1.0,1.0,0.0,16.5,3,3,0,0,0,0,0,0,1.0,1.0,interval_speed,2.48245868306185e-13,0.10471975511965977,rad/s,2.370573422584141e-12,F90:rep-1.proxy_unavailable;F90:rep-2.proxy_unavailable;F90:rep-3.proxy_unavailable;coverage,thorax_drift_exceeded,,,,F90/CLEAN-E/SAME/0,0.0
F90/EV-drift-above-S/SAME/0,F90,EV-drift-above-S,S,SAME,0,"{""mutation"": ""drift-above""}",evidence,True,evidence_gate,False,1.0,1.0,0.0,16.5,3,3,0,0,0,0,0,0,1.0,1.0,B.orientation,0.005524664224010412,0.017453292519943295,rad,0.3165399432627146,F90:rep-1.proxy_unavailable;F90:rep-2.proxy_unavailable;F90:rep-3.proxy_unavailable;coverage,thorax_drift_exceeded,,,,F90/CLEAN-S/SAME/0,0.0
F90/EV-drift-below-E/SAME/0,F90,EV-drift-below-E,E,SAME,0,"{""mutation"": ""drift-below""}",evidence,True,evidence_gate,True,1.0,1.0,1.0,16.5,3,3,0,0,0,0,0,0,1.0,1.0,interval_speed,2.48245868306185e-13,0.10471975511965977,rad/s,2.370573422584141e-12,,,,,,F90/CLEAN-E/SAME/0,0.0
F90/EV-drift-below-S/SAME/0,F90,EV-drift-below-S,S,SAME,0,"{""mutation"": ""drift-below""}",evidence,True,evidence_gate,True,1.0,1.0,1.0,16.5,3,3,0,0,0,0,0,0,1.0,1.0,B.orientation,0.005524664224010412,0.017453292519943295,rad,0.3165399432627146,,,,,,F90/CLEAN-S/SAME/0,0.0
F90/EV-drift-equal-E/SAME/0,F90,EV-drift-equal-E,E,SAME,0,"{""mutation"": ""drift-equal""}",evidence,True,evidence_gate,True,1.0,1.0,1.0,16.5,3,3,0,0,0,0,0,0,1.0,1.0,interval_speed,2.48245868306185e-13,0.10471975511965977,rad/s,2.370573422584141e-12,,,,,,F90/CLEAN-E/SAME/0,0.0
F90/EV-drift-equal-S/SAME/0,F90,EV-drift-equal-S,S,SAME,0,"{""mutation"": ""drift-equal""}",evidence,True,evidence_gate,True,1.0,1.0,1.0,16.5,3,3,0,0,0,0,0,0,1.0,1.0,B.orientation,0.005524664224010412,0.017453292519943295,rad,0.3165399432627146,,,,,,F90/CLEAN-S/SAME/0,0.0
F90/EV-drift-uncovered-E/SAME/0,F90,EV-drift-uncovered-E,E,SAME,0,"{""mutation"": ""drift-uncovered""}",evidence,True,evidence_gate,False,1.0,1.0,0.0,16.5,3,3,0,0,0,0,0,0,1.0,1.0,interval_speed,2.48245868306185e-13,0.10471975511965977,rad/s,2.370573422584141e-12,F90:rep-1.proxy_unavailable;F90:rep-2.proxy_unavailable;F90:rep-3.proxy_unavailable;coverage,thorax_drift_unbounded,,,,F90/CLEAN-E/SAME/0,0.0
F90/EV-drift-uncovered-S/SAME/0,F90,EV-drift-uncovered-S,S,SAME,0,"{""mutation"": ""drift-uncovered""}",evidence,True,evidence_gate,False,1.0,1.0,0.0,16.5,3,3,0,0,0,0,0,0,1.0,1.0,B.orientation,0.005524664224010412,0.017453292519943295,rad,0.3165399432627146,F90:rep-1.proxy_unavailable;F90:rep-2.proxy_unavailable;F90:rep-3.proxy_unavailable;coverage,thorax_drift_unbounded,,,,F90/CLEAN-S/SAME/0,0.0
F90/EV-heading-E/SAME/0,F90,EV-heading-E,E,SAME,0,"{""mutation"": ""heading""}",evidence,True,evidence_gate,False,0.0,0.0,,16.5,3,,3,0,0,0,0,0,1.0,1.0,B.orientation,1.9269389314901716e-15,0.017453292519943295,rad,1.1040546815383531e-13,elevation;interval_speed;counts;detected_count;coverage;summary.rom_mean_rad;summary.rom_max_rad;summary.rom_range_rad;summary.rom_sd_rad;summary.rom_cv;summary.active_s;summary.cadence_per_s,,,,,F90/CLEAN-E/SAME/0,0.0
F90/EV-heading-S/SAME/0,F90,EV-heading-S,S,SAME,0,"{""mutation"": ""heading""}",evidence,True,evidence_gate,False,0.0,0.0,,16.5,3,,3,0,0,0,0,0,1.0,1.0,B.orientation,0.005524664224010412,0.017453292519943295,rad,0.3165399432627146,elevation;interval_speed;counts;detected_count;coverage;summary.rom_mean_rad;summary.rom_max_rad;summary.rom_range_rad;summary.rom_sd_rad;summary.rom_cv;summary.active_s;summary.cadence_per_s,,,,,F90/CLEAN-S/SAME/0,0.0
F90/EV-heading-assumed-E/SAME/0,F90,EV-heading-assumed-E,E,SAME,0,"{""mutation"": ""heading-assumed""}",evidence,True,evidence_gate,True,1.0,1.0,1.0,16.5,3,3,0,0,0,0,0,0,1.0,1.0,interval_speed,2.48245868306185e-13,0.10471975511965977,rad/s,2.370573422584141e-12,,,,,,F90/CLEAN-E/SAME/0,0.0
F90/EV-heading-assumed-S/SAME/0,F90,EV-heading-assumed-S,S,SAME,0,"{""mutation"": ""heading-assumed""}",evidence,True,evidence_gate,True,1.0,1.0,1.0,16.5,3,3,0,0,0,0,0,0,1.0,1.0,B.orientation,0.005524664224010412,0.017453292519943295,rad,0.3165399432627146,,,,,,F90/CLEAN-S/SAME/0,0.0
F90/EV-heading-epoch-E/SAME/0,F90,EV-heading-epoch-E,E,SAME,0,"{""mutation"": ""heading-epoch""}",evidence,True,expected_rejection,False,0.0,0.0,,16.5,3,,3,0,0,0,0,0,1.0,1.0,B.orientation,1.9269389314901716e-15,0.017453292519943295,rad,1.1040546815383531e-13,,,evidence,TypeError,HeadingRelation.__init__() got an unexpected keyword argument 'epoch',F90/CLEAN-E/SAME/0,
F90/EV-heading-epoch-S/SAME/0,F90,EV-heading-epoch-S,S,SAME,0,"{""mutation"": ""heading-epoch""}",evidence,True,expected_rejection,False,0.0,0.0,,16.5,3,,3,0,0,0,0,0,1.0,1.0,B.orientation,0.005524664224010412,0.017453292519943295,rad,0.3165399432627146,,,evidence,TypeError,HeadingRelation.__init__() got an unexpected keyword argument 'epoch',F90/CLEAN-S/SAME/0,
F90/EV-heading-hash-E/SAME/0,F90,EV-heading-hash-E,E,SAME,0,"{""mutation"": ""heading-hash""}",evidence,False,evidence_failure,True,1.0,1.0,1.0,16.5,3,3,0,0,0,0,0,0,1.0,1.0,interval_speed,2.48245868306185e-13,0.10471975511965977,rad/s,2.370573422584141e-12,expected_evidence_disposition,,,,,F90/CLEAN-E/SAME/0,0.0
F90/EV-heading-hash-S/SAME/0,F90,EV-heading-hash-S,S,SAME,0,"{""mutation"": ""heading-hash""}",evidence,False,evidence_failure,True,1.0,1.0,1.0,16.5,3,3,0,0,0,0,0,0,1.0,1.0,B.orientation,0.005524664224010412,0.017453292519943295,rad,0.3165399432627146,expected_evidence_disposition,,,,,F90/CLEAN-S/SAME/0,0.0
F90/EV-heading-node-E/SAME/0,F90,EV-heading-node-E,E,SAME,0,"{""mutation"": ""heading-node""}",evidence,True,expected_rejection,False,0.0,0.0,,16.5,3,,3,0,0,0,0,0,1.0,1.0,B.orientation,1.9269389314901716e-15,0.017453292519943295,rad,1.1040546815383531e-13,,,evidence,TypeError,HeadingRelation.__init__() got an unexpected keyword argument 'node_id',F90/CLEAN-E/SAME/0,
F90/EV-heading-node-S/SAME/0,F90,EV-heading-node-S,S,SAME,0,"{""mutation"": ""heading-node""}",evidence,True,expected_rejection,False,0.0,0.0,,16.5,3,,3,0,0,0,0,0,1.0,1.0,B.orientation,0.005524664224010412,0.017453292519943295,rad,0.3165399432627146,,,evidence,TypeError,HeadingRelation.__init__() got an unexpected keyword argument 'node_id',F90/CLEAN-S/SAME/0,
F90/EV-heading-side-E/SAME/0,F90,EV-heading-side-E,E,SAME,0,"{""mutation"": ""heading-side""}",evidence,True,expected_rejection,False,0.0,0.0,,16.5,3,,3,0,0,0,0,0,1.0,1.0,B.orientation,1.9269389314901716e-15,0.017453292519943295,rad,1.1040546815383531e-13,,,evidence,TypeError,HeadingRelation.__init__() got an unexpected keyword argument 'side',F90/CLEAN-E/SAME/0,
F90/EV-heading-side-S/SAME/0,F90,EV-heading-side-S,S,SAME,0,"{""mutation"": ""heading-side""}",evidence,True,expected_rejection,False,0.0,0.0,,16.5,3,,3,0,0,0,0,0,1.0,1.0,B.orientation,0.005524664224010412,0.017453292519943295,rad,0.3165399432627146,,,evidence,TypeError,HeadingRelation.__init__() got an unexpected keyword argument 'side',F90/CLEAN-S/SAME/0,
F90/EV-heading-world-E/SAME/0,F90,EV-heading-world-E,E,SAME,0,"{""mutation"": ""heading-world""}",evidence,True,evidence_gate,False,0.0,0.0,,16.5,3,,3,0,0,0,0,0,1.0,1.0,B.orientation,1.9269389314901716e-15,0.017453292519943295,rad,1.1040546815383531e-13,elevation;interval_speed;counts;detected_count;coverage;summary.rom_mean_rad;summary.rom_max_rad;summary.rom_range_rad;summary.rom_sd_rad;summary.rom_cv;summary.active_s;summary.cadence_per_s,,,,,F90/CLEAN-E/SAME/0,0.0
F90/EV-heading-world-S/SAME/0,F90,EV-heading-world-S,S,SAME,0,"{""mutation"": ""heading-world""}",evidence,True,evidence_gate,False,0.0,0.0,,16.5,3,,3,0,0,0,0,0,1.0,1.0,B.orientation,0.005524664224010412,0.017453292519943295,rad,0.3165399432627146,elevation;interval_speed;counts;detected_count;coverage;summary.rom_mean_rad;summary.rom_max_rad;summary.rom_range_rad;summary.rom_sd_rad;summary.rom_cv;summary.active_s;summary.cadence_per_s,,,,,F90/CLEAN-S/SAME/0,0.0
F90/EV-map-A-E/SAME/0,F90,EV-map-A-E,E,SAME,0,"{""mutation"": ""map-A""}",evidence,True,evidence_gate,False,0.0,0.0,,16.5,3,,3,0,0,0,0,0,1.0,1.0,B.orientation,1.9269389314901716e-15,0.017453292519943295,rad,1.1040546815383531e-13,elevation;interval_speed;counts;detected_count;coverage;summary.rom_mean_rad;summary.rom_max_rad;summary.rom_range_rad;summary.rom_sd_rad;summary.rom_cv;summary.active_s;summary.cadence_per_s,,,,,F90/CLEAN-E/SAME/0,0.0
F90/EV-map-A-S/SAME/0,F90,EV-map-A-S,S,SAME,0,"{""mutation"": ""map-A""}",evidence,True,evidence_gate,False,0.0,0.0,,16.5,3,,3,0,0,0,0,0,1.0,1.0,B.orientation,0.005524664224010412,0.017453292519943295,rad,0.3165399432627146,elevation;interval_speed;counts;detected_count;coverage;summary.rom_mean_rad;summary.rom_max_rad;summary.rom_range_rad;summary.rom_sd_rad;summary.rom_cv;summary.active_s;summary.cadence_per_s,,,,,F90/CLEAN-S/SAME/0,0.0
F90/EV-map-A-assumed-E/SAME/0,F90,EV-map-A-assumed-E,E,SAME,0,"{""mutation"": ""map-A-assumed""}",evidence,True,evidence_gate,True,1.0,1.0,1.0,16.5,3,3,0,0,0,0,0,0,1.0,1.0,interval_speed,2.48245868306185e-13,0.10471975511965977,rad/s,2.370573422584141e-12,,,,,,F90/CLEAN-E/SAME/0,0.0
F90/EV-map-A-assumed-S/SAME/0,F90,EV-map-A-assumed-S,S,SAME,0,"{""mutation"": ""map-A-assumed""}",evidence,True,evidence_gate,True,1.0,1.0,1.0,16.5,3,3,0,0,0,0,0,0,1.0,1.0,B.orientation,0.005524664224010412,0.017453292519943295,rad,0.3165399432627146,,,,,,F90/CLEAN-S/SAME/0,0.0
F90/EV-map-A-epoch-E/SAME/0,F90,EV-map-A-epoch-E,E,SAME,0,"{""mutation"": ""map-A-epoch""}",evidence,True,evidence_gate,False,0.0,0.0,,16.5,3,,3,0,0,0,0,0,1.0,1.0,B.orientation,1.9269389314901716e-15,0.017453292519943295,rad,1.1040546815383531e-13,elevation;interval_speed;counts;detected_count;coverage;summary.rom_mean_rad;summary.rom_max_rad;summary.rom_range_rad;summary.rom_sd_rad;summary.rom_cv;summary.active_s;summary.cadence_per_s,,,,,F90/CLEAN-E/SAME/0,0.0
F90/EV-map-A-epoch-S/SAME/0,F90,EV-map-A-epoch-S,S,SAME,0,"{""mutation"": ""map-A-epoch""}",evidence,True,evidence_gate,False,0.0,0.0,,16.5,3,,3,0,0,0,0,0,1.0,1.0,B.orientation,0.005524664224010412,0.017453292519943295,rad,0.3165399432627146,elevation;interval_speed;counts;detected_count;coverage;summary.rom_mean_rad;summary.rom_max_rad;summary.rom_range_rad;summary.rom_sd_rad;summary.rom_cv;summary.active_s;summary.cadence_per_s,,,,,F90/CLEAN-S/SAME/0,0.0
F90/EV-map-A-expired-E/SAME/0,F90,EV-map-A-expired-E,E,SAME,0,"{""mutation"": ""map-A-expired""}",evidence,True,evidence_gate,False,0.0,0.0,,16.5,3,0,3,0,0,0,0,0,1.0,1.0,summary.active_s,11.82,0.6000000000000001,s,19.7,elevation;interval_speed;counts;detected_count;coverage;summary.rom_mean_rad;summary.rom_max_rad;summary.rom_range_rad;summary.rom_sd_rad;summary.rom_cv;summary.active_s;summary.cadence_per_s,,,,,F90/CLEAN-E/SAME/0,0.0
F90/EV-map-A-expired-S/SAME/0,F90,EV-map-A-expired-S,S,SAME,0,"{""mutation"": ""map-A-expired""}",evidence,True,evidence_gate,False,0.0,0.0,,16.5,3,0,3,0,0,0,0,0,1.0,1.0,summary.active_s,11.82,0.6000000000000001,s,19.7,elevation;interval_speed;counts;detected_count;coverage;summary.rom_mean_rad;summary.rom_max_rad;summary.rom_range_rad;summary.rom_sd_rad;summary.rom_cv;summary.active_s;summary.cadence_per_s,,,,,F90/CLEAN-S/SAME/0,0.0
F90/EV-map-A-hash-E/SAME/0,F90,EV-map-A-hash-E,E,SAME,0,"{""mutation"": ""map-A-hash""}",evidence,False,evidence_failure,True,1.0,1.0,1.0,16.5,3,3,0,0,0,0,0,0,1.0,1.0,interval_speed,2.48245868306185e-13,0.10471975511965977,rad/s,2.370573422584141e-12,expected_evidence_disposition,,,,,F90/CLEAN-E/SAME/0,0.0
F90/EV-map-A-hash-S/SAME/0,F90,EV-map-A-hash-S,S,SAME,0,"{""mutation"": ""map-A-hash""}",evidence,False,evidence_failure,True,1.0,1.0,1.0,16.5,3,3,0,0,0,0,0,0,1.0,1.0,B.orientation,0.005524664224010412,0.017453292519943295,rad,0.3165399432627146,expected_evidence_disposition,,,,,F90/CLEAN-S/SAME/0,0.0
F90/EV-map-A-node-E/SAME/0,F90,EV-map-A-node-E,E,SAME,0,"{""mutation"": ""map-A-node""}",evidence,True,evidence_gate,False,0.0,0.0,,16.5,3,,3,0,0,0,0,0,1.0,1.0,B.orientation,1.9269389314901716e-15,0.017453292519943295,rad,1.1040546815383531e-13,elevation;interval_speed;counts;detected_count;coverage;summary.rom_mean_rad;summary.rom_max_rad;summary.rom_range_rad;summary.rom_sd_rad;summary.rom_cv;summary.active_s;summary.cadence_per_s,,,,,F90/CLEAN-E/SAME/0,0.0
F90/EV-map-A-node-S/SAME/0,F90,EV-map-A-node-S,S,SAME,0,"{""mutation"": ""map-A-node""}",evidence,True,evidence_gate,False,0.0,0.0,,16.5,3,,3,0,0,0,0,0,1.0,1.0,B.orientation,0.005524664224010412,0.017453292519943295,rad,0.3165399432627146,elevation;interval_speed;counts;detected_count;coverage;summary.rom_mean_rad;summary.rom_max_rad;summary.rom_range_rad;summary.rom_sd_rad;summary.rom_cv;summary.active_s;summary.cadence_per_s,,,,,F90/CLEAN-S/SAME/0,0.0
F90/EV-map-A-side-E/SAME/0,F90,EV-map-A-side-E,E,SAME,0,"{""mutation"": ""map-A-side""}",evidence,True,expected_rejection,False,0.0,0.0,,16.5,3,,3,0,0,0,0,0,1.0,1.0,B.orientation,1.9269389314901716e-15,0.017453292519943295,rad,1.1040546815383531e-13,,,evidence,TypeError,ClockMap.__init__() got an unexpected keyword argument 'side',F90/CLEAN-E/SAME/0,
F90/EV-map-A-side-S/SAME/0,F90,EV-map-A-side-S,S,SAME,0,"{""mutation"": ""map-A-side""}",evidence,True,expected_rejection,False,0.0,0.0,,16.5,3,,3,0,0,0,0,0,1.0,1.0,B.orientation,0.005524664224010412,0.017453292519943295,rad,0.3165399432627146,,,evidence,TypeError,ClockMap.__init__() got an unexpected keyword argument 'side',F90/CLEAN-S/SAME/0,
F90/EV-map-A-world-E/SAME/0,F90,EV-map-A-world-E,E,SAME,0,"{""mutation"": ""map-A-world""}",evidence,True,expected_rejection,False,0.0,0.0,,16.5,3,,3,0,0,0,0,0,1.0,1.0,B.orientation,1.9269389314901716e-15,0.017453292519943295,rad,1.1040546815383531e-13,,,evidence,TypeError,ClockMap.__init__() got an unexpected keyword argument 'world_id',F90/CLEAN-E/SAME/0,
F90/EV-map-A-world-S/SAME/0,F90,EV-map-A-world-S,S,SAME,0,"{""mutation"": ""map-A-world""}",evidence,True,expected_rejection,False,0.0,0.0,,16.5,3,,3,0,0,0,0,0,1.0,1.0,B.orientation,0.005524664224010412,0.017453292519943295,rad,0.3165399432627146,,,evidence,TypeError,ClockMap.__init__() got an unexpected keyword argument 'world_id',F90/CLEAN-S/SAME/0,
F90/EV-map-B-E/SAME/0,F90,EV-map-B-E,E,SAME,0,"{""mutation"": ""map-B""}",evidence,True,evidence_gate,False,0.0,0.0,,16.5,3,,3,0,0,0,0,0,1.0,1.0,B.orientation,1.9269389314901716e-15,0.017453292519943295,rad,1.1040546815383531e-13,elevation;interval_speed;counts;detected_count;coverage;summary.rom_mean_rad;summary.rom_max_rad;summary.rom_range_rad;summary.rom_sd_rad;summary.rom_cv;summary.active_s;summary.cadence_per_s,,,,,F90/CLEAN-E/SAME/0,0.0
F90/EV-map-B-S/SAME/0,F90,EV-map-B-S,S,SAME,0,"{""mutation"": ""map-B""}",evidence,True,evidence_gate,False,0.0,0.0,,16.5,3,,3,0,0,0,0,0,1.0,1.0,B.orientation,0.005524664224010412,0.017453292519943295,rad,0.3165399432627146,elevation;interval_speed;counts;detected_count;coverage;summary.rom_mean_rad;summary.rom_max_rad;summary.rom_range_rad;summary.rom_sd_rad;summary.rom_cv;summary.active_s;summary.cadence_per_s,,,,,F90/CLEAN-S/SAME/0,0.0
F90/EV-map-B-assumed-E/SAME/0,F90,EV-map-B-assumed-E,E,SAME,0,"{""mutation"": ""map-B-assumed""}",evidence,True,evidence_gate,True,1.0,1.0,1.0,16.5,3,3,0,0,0,0,0,0,1.0,1.0,interval_speed,2.48245868306185e-13,0.10471975511965977,rad/s,2.370573422584141e-12,,,,,,F90/CLEAN-E/SAME/0,0.0
F90/EV-map-B-assumed-S/SAME/0,F90,EV-map-B-assumed-S,S,SAME,0,"{""mutation"": ""map-B-assumed""}",evidence,True,evidence_gate,True,1.0,1.0,1.0,16.5,3,3,0,0,0,0,0,0,1.0,1.0,B.orientation,0.005524664224010412,0.017453292519943295,rad,0.3165399432627146,,,,,,F90/CLEAN-S/SAME/0,0.0
F90/EV-map-B-epoch-E/SAME/0,F90,EV-map-B-epoch-E,E,SAME,0,"{""mutation"": ""map-B-epoch""}",evidence,True,evidence_gate,False,0.0,0.0,,16.5,3,,3,0,0,0,0,0,1.0,1.0,B.orientation,1.9269389314901716e-15,0.017453292519943295,rad,1.1040546815383531e-13,elevation;interval_speed;counts;detected_count;coverage;summary.rom_mean_rad;summary.rom_max_rad;summary.rom_range_rad;summary.rom_sd_rad;summary.rom_cv;summary.active_s;summary.cadence_per_s,,,,,F90/CLEAN-E/SAME/0,0.0
F90/EV-map-B-epoch-S/SAME/0,F90,EV-map-B-epoch-S,S,SAME,0,"{""mutation"": ""map-B-epoch""}",evidence,True,evidence_gate,False,0.0,0.0,,16.5,3,,3,0,0,0,0,0,1.0,1.0,B.orientation,0.005524664224010412,0.017453292519943295,rad,0.3165399432627146,elevation;interval_speed;counts;detected_count;coverage;summary.rom_mean_rad;summary.rom_max_rad;summary.rom_range_rad;summary.rom_sd_rad;summary.rom_cv;summary.active_s;summary.cadence_per_s,,,,,F90/CLEAN-S/SAME/0,0.0
F90/EV-map-B-expired-E/SAME/0,F90,EV-map-B-expired-E,E,SAME,0,"{""mutation"": ""map-B-expired""}",evidence,True,evidence_gate,False,0.0,0.0,,16.5,3,0,3,0,0,0,0,0,1.0,1.0,summary.active_s,11.82,0.6000000000000001,s,19.7,elevation;interval_speed;counts;detected_count;coverage;summary.rom_mean_rad;summary.rom_max_rad;summary.rom_range_rad;summary.rom_sd_rad;summary.rom_cv;summary.active_s;summary.cadence_per_s,,,,,F90/CLEAN-E/SAME/0,0.0
F90/EV-map-B-expired-S/SAME/0,F90,EV-map-B-expired-S,S,SAME,0,"{""mutation"": ""map-B-expired""}",evidence,True,evidence_gate,False,0.0,0.0,,16.5,3,0,3,0,0,0,0,0,1.0,1.0,summary.active_s,11.82,0.6000000000000001,s,19.7,elevation;interval_speed;counts;detected_count;coverage;summary.rom_mean_rad;summary.rom_max_rad;summary.rom_range_rad;summary.rom_sd_rad;summary.rom_cv;summary.active_s;summary.cadence_per_s,,,,,F90/CLEAN-S/SAME/0,0.0
F90/EV-map-B-hash-E/SAME/0,F90,EV-map-B-hash-E,E,SAME,0,"{""mutation"": ""map-B-hash""}",evidence,False,evidence_failure,True,1.0,1.0,1.0,16.5,3,3,0,0,0,0,0,0,1.0,1.0,interval_speed,2.48245868306185e-13,0.10471975511965977,rad/s,2.370573422584141e-12,expected_evidence_disposition,,,,,F90/CLEAN-E/SAME/0,0.0
F90/EV-map-B-hash-S/SAME/0,F90,EV-map-B-hash-S,S,SAME,0,"{""mutation"": ""map-B-hash""}",evidence,False,evidence_failure,True,1.0,1.0,1.0,16.5,3,3,0,0,0,0,0,0,1.0,1.0,B.orientation,0.005524664224010412,0.017453292519943295,rad,0.3165399432627146,expected_evidence_disposition,,,,,F90/CLEAN-S/SAME/0,0.0
F90/EV-map-B-node-E/SAME/0,F90,EV-map-B-node-E,E,SAME,0,"{""mutation"": ""map-B-node""}",evidence,True,evidence_gate,False,0.0,0.0,,16.5,3,,3,0,0,0,0,0,1.0,1.0,B.orientation,1.9269389314901716e-15,0.017453292519943295,rad,1.1040546815383531e-13,elevation;interval_speed;counts;detected_count;coverage;summary.rom_mean_rad;summary.rom_max_rad;summary.rom_range_rad;summary.rom_sd_rad;summary.rom_cv;summary.active_s;summary.cadence_per_s,,,,,F90/CLEAN-E/SAME/0,0.0
F90/EV-map-B-node-S/SAME/0,F90,EV-map-B-node-S,S,SAME,0,"{""mutation"": ""map-B-node""}",evidence,True,evidence_gate,False,0.0,0.0,,16.5,3,,3,0,0,0,0,0,1.0,1.0,B.orientation,0.005524664224010412,0.017453292519943295,rad,0.3165399432627146,elevation;interval_speed;counts;detected_count;coverage;summary.rom_mean_rad;summary.rom_max_rad;summary.rom_range_rad;summary.rom_sd_rad;summary.rom_cv;summary.active_s;summary.cadence_per_s,,,,,F90/CLEAN-S/SAME/0,0.0
F90/EV-map-B-side-E/SAME/0,F90,EV-map-B-side-E,E,SAME,0,"{""mutation"": ""map-B-side""}",evidence,True,expected_rejection,False,0.0,0.0,,16.5,3,,3,0,0,0,0,0,1.0,1.0,B.orientation,1.9269389314901716e-15,0.017453292519943295,rad,1.1040546815383531e-13,,,evidence,TypeError,ClockMap.__init__() got an unexpected keyword argument 'side',F90/CLEAN-E/SAME/0,
F90/EV-map-B-side-S/SAME/0,F90,EV-map-B-side-S,S,SAME,0,"{""mutation"": ""map-B-side""}",evidence,True,expected_rejection,False,0.0,0.0,,16.5,3,,3,0,0,0,0,0,1.0,1.0,B.orientation,0.005524664224010412,0.017453292519943295,rad,0.3165399432627146,,,evidence,TypeError,ClockMap.__init__() got an unexpected keyword argument 'side',F90/CLEAN-S/SAME/0,
F90/EV-map-B-world-E/SAME/0,F90,EV-map-B-world-E,E,SAME,0,"{""mutation"": ""map-B-world""}",evidence,True,expected_rejection,False,0.0,0.0,,16.5,3,,3,0,0,0,0,0,1.0,1.0,B.orientation,1.9269389314901716e-15,0.017453292519943295,rad,1.1040546815383531e-13,,,evidence,TypeError,ClockMap.__init__() got an unexpected keyword argument 'world_id',F90/CLEAN-E/SAME/0,
F90/EV-map-B-world-S/SAME/0,F90,EV-map-B-world-S,S,SAME,0,"{""mutation"": ""map-B-world""}",evidence,True,expected_rejection,False,0.0,0.0,,16.5,3,,3,0,0,0,0,0,1.0,1.0,B.orientation,0.005524664224010412,0.017453292519943295,rad,0.3165399432627146,,,evidence,TypeError,ClockMap.__init__() got an unexpected keyword argument 'world_id',F90/CLEAN-S/SAME/0,
F90/EV-singularity-T8-E/SAME/0,F90,EV-singularity-T8-E,E,SAME,0,"{""mutation"": ""singularity-T8""}",evidence,True,existing_frozen_fixture,,,,,,,,,,,,,,,,,,,,,,,,,,F90/CLEAN-E/SAME/0,
F90/EV-singularity-T8-S/SAME/0,F90,EV-singularity-T8-S,S,SAME,0,"{""mutation"": ""singularity-T8""}",evidence,True,existing_frozen_fixture,,,,,,,,,,,,,,,,,,,,,,,,,,F90/CLEAN-S/SAME/0,
F90/EV-trace-E/SAME/0,F90,EV-trace-E,E,SAME,0,"{""mutation"": ""trace""}",evidence,True,evidence_gate,False,1.0,1.0,0.0,16.5,3,3,0,0,0,0,0,0,1.0,1.0,interval_speed,2.48245868306185e-13,0.10471975511965977,rad/s,2.370573422584141e-12,F90:rep-1.proxy_unavailable;F90:rep-2.proxy_unavailable;F90:rep-3.proxy_unavailable;coverage,thorax_trace_missing,,,,F90/CLEAN-E/SAME/0,0.0
F90/EV-trace-S/SAME/0,F90,EV-trace-S,S,SAME,0,"{""mutation"": ""trace""}",evidence,True,evidence_gate,False,1.0,1.0,0.0,16.5,3,3,0,0,0,0,0,0,1.0,1.0,B.orientation,0.005524664224010412,0.017453292519943295,rad,0.3165399432627146,F90:rep-1.proxy_unavailable;F90:rep-2.proxy_unavailable;F90:rep-3.proxy_unavailable;coverage,thorax_trace_missing,,,,F90/CLEAN-S/SAME/0,0.0
F90/EV-trace-epoch-E/SAME/0,F90,EV-trace-epoch-E,E,SAME,0,"{""mutation"": ""trace-epoch""}",evidence,True,evidence_gate,False,1.0,1.0,0.0,16.5,3,3,0,0,0,0,0,0,1.0,1.0,interval_speed,2.48245868306185e-13,0.10471975511965977,rad/s,2.370573422584141e-12,F90:rep-1.proxy_unavailable;F90:rep-2.proxy_unavailable;F90:rep-3.proxy_unavailable;coverage,thorax_trace_incompatible,,,,F90/CLEAN-E/SAME/0,0.0
F90/EV-trace-epoch-S/SAME/0,F90,EV-trace-epoch-S,S,SAME,0,"{""mutation"": ""trace-epoch""}",evidence,True,evidence_gate,False,1.0,1.0,0.0,16.5,3,3,0,0,0,0,0,0,1.0,1.0,B.orientation,0.005524664224010412,0.017453292519943295,rad,0.3165399432627146,F90:rep-1.proxy_unavailable;F90:rep-2.proxy_unavailable;F90:rep-3.proxy_unavailable;coverage,thorax_trace_incompatible,,,,F90/CLEAN-S/SAME/0,0.0
F90/EV-trace-hash-E/SAME/0,F90,EV-trace-hash-E,E,SAME,0,"{""mutation"": ""trace-hash""}",evidence,True,evidence_gate,False,1.0,1.0,0.0,16.5,3,3,0,0,0,0,0,0,1.0,1.0,interval_speed,2.48245868306185e-13,0.10471975511965977,rad/s,2.370573422584141e-12,F90:rep-1.proxy_unavailable;F90:rep-2.proxy_unavailable;F90:rep-3.proxy_unavailable;coverage,thorax_trace_incompatible,,,,F90/CLEAN-E/SAME/0,0.0
F90/EV-trace-hash-S/SAME/0,F90,EV-trace-hash-S,S,SAME,0,"{""mutation"": ""trace-hash""}",evidence,True,evidence_gate,False,1.0,1.0,0.0,16.5,3,3,0,0,0,0,0,0,1.0,1.0,B.orientation,0.005524664224010412,0.017453292519943295,rad,0.3165399432627146,F90:rep-1.proxy_unavailable;F90:rep-2.proxy_unavailable;F90:rep-3.proxy_unavailable;coverage,thorax_trace_incompatible,,,,F90/CLEAN-S/SAME/0,0.0
F90/EV-trace-node-E/SAME/0,F90,EV-trace-node-E,E,SAME,0,"{""mutation"": ""trace-node""}",evidence,True,evidence_gate,False,1.0,1.0,0.0,16.5,3,3,0,0,0,0,0,0,1.0,1.0,interval_speed,2.48245868306185e-13,0.10471975511965977,rad/s,2.370573422584141e-12,F90:rep-1.proxy_unavailable;F90:rep-2.proxy_unavailable;F90:rep-3.proxy_unavailable;coverage,thorax_trace_incompatible,,,,F90/CLEAN-E/SAME/0,0.0
F90/EV-trace-node-S/SAME/0,F90,EV-trace-node-S,S,SAME,0,"{""mutation"": ""trace-node""}",evidence,True,evidence_gate,False,1.0,1.0,0.0,16.5,3,3,0,0,0,0,0,0,1.0,1.0,B.orientation,0.005524664224010412,0.017453292519943295,rad,0.3165399432627146,F90:rep-1.proxy_unavailable;F90:rep-2.proxy_unavailable;F90:rep-3.proxy_unavailable;coverage,thorax_trace_incompatible,,,,F90/CLEAN-S/SAME/0,0.0
F90/EV-trace-side-E/SAME/0,F90,EV-trace-side-E,E,SAME,0,"{""mutation"": ""trace-side""}",evidence,True,expected_rejection,False,0.0,0.0,,16.5,3,,3,0,0,0,0,0,1.0,1.0,interval_speed,2.48245868306185e-13,0.10471975511965977,rad/s,2.370573422584141e-12,,,evidence_trace,TypeError,SegmentOrientationStream.__init__() got an unexpected keyword argument 'side',F90/CLEAN-E/SAME/0,
F90/EV-trace-side-S/SAME/0,F90,EV-trace-side-S,S,SAME,0,"{""mutation"": ""trace-side""}",evidence,True,expected_rejection,False,0.0,0.0,,16.5,3,,3,0,0,0,0,0,1.0,1.0,B.orientation,0.005524664224010412,0.017453292519943295,rad,0.3165399432627146,,,evidence_trace,TypeError,SegmentOrientationStream.__init__() got an unexpected keyword argument 'side',F90/CLEAN-S/SAME/0,
F90/EV-trace-world-E/SAME/0,F90,EV-trace-world-E,E,SAME,0,"{""mutation"": ""trace-world""}",evidence,True,evidence_gate,False,1.0,1.0,0.0,16.5,3,3,0,0,0,0,0,0,1.0,1.0,interval_speed,2.48245868306185e-13,0.10471975511965977,rad/s,2.370573422584141e-12,F90:rep-1.proxy_unavailable;F90:rep-2.proxy_unavailable;F90:rep-3.proxy_unavailable;coverage,thorax_trace_incompatible,,,,F90/CLEAN-E/SAME/0,0.0
F90/EV-trace-world-S/SAME/0,F90,EV-trace-world-S,S,SAME,0,"{""mutation"": ""trace-world""}",evidence,True,evidence_gate,False,1.0,1.0,0.0,16.5,3,3,0,0,0,0,0,0,1.0,1.0,B.orientation,0.005524664224010412,0.017453292519943295,rad,0.3165399432627146,F90:rep-1.proxy_unavailable;F90:rep-2.proxy_unavailable;F90:rep-3.proxy_unavailable;coverage,thorax_trace_incompatible,,,,F90/CLEAN-S/SAME/0,0.0
F90/EV-uncertainty-1999-E/SAME/0,F90,EV-uncertainty-1999-E,E,SAME,0,"{""mutation"": ""uncertainty-1999""}",evidence,True,evidence_gate,True,1.0,1.0,1.0,16.5,3,3,0,0,0,0,0,0,1.0,1.0,interval_speed,2.48245868306185e-13,0.10471975511965977,rad/s,2.370573422584141e-12,,,,,,F90/CLEAN-E/SAME/0,0.0
F90/EV-uncertainty-1999-S/SAME/0,F90,EV-uncertainty-1999-S,S,SAME,0,"{""mutation"": ""uncertainty-1999""}",evidence,True,evidence_gate,True,1.0,1.0,1.0,16.5,3,3,0,0,0,0,0,0,1.0,1.0,B.orientation,0.005524664224010412,0.017453292519943295,rad,0.3165399432627146,,,,,,F90/CLEAN-S/SAME/0,0.0
F90/EV-uncertainty-2000-E/SAME/0,F90,EV-uncertainty-2000-E,E,SAME,0,"{""mutation"": ""uncertainty-2000""}",evidence,True,evidence_gate,True,1.0,1.0,1.0,16.5,3,3,0,0,0,0,0,0,1.0,1.0,interval_speed,2.48245868306185e-13,0.10471975511965977,rad/s,2.370573422584141e-12,,,,,,F90/CLEAN-E/SAME/0,0.0
F90/EV-uncertainty-2000-S/SAME/0,F90,EV-uncertainty-2000-S,S,SAME,0,"{""mutation"": ""uncertainty-2000""}",evidence,True,evidence_gate,True,1.0,1.0,1.0,16.5,3,3,0,0,0,0,0,0,1.0,1.0,B.orientation,0.005524664224010412,0.017453292519943295,rad,0.3165399432627146,,,,,,F90/CLEAN-S/SAME/0,0.0
F90/EV-uncertainty-2001-E/SAME/0,F90,EV-uncertainty-2001-E,E,SAME,0,"{""mutation"": ""uncertainty-2001""}",evidence,True,evidence_gate,False,0.0,0.0,,16.5,3,,3,0,0,0,0,0,1.0,1.0,B.orientation,1.9269389314901716e-15,0.017453292519943295,rad,1.1040546815383531e-13,elevation;interval_speed;counts;detected_count;coverage;summary.rom_mean_rad;summary.rom_max_rad;summary.rom_range_rad;summary.rom_sd_rad;summary.rom_cv;summary.active_s;summary.cadence_per_s,,,,,F90/CLEAN-E/SAME/0,0.0
F90/EV-uncertainty-2001-S/SAME/0,F90,EV-uncertainty-2001-S,S,SAME,0,"{""mutation"": ""uncertainty-2001""}",evidence,True,evidence_gate,False,0.0,0.0,,16.5,3,,3,0,0,0,0,0,1.0,1.0,B.orientation,0.005524664224010412,0.017453292519943295,rad,0.3165399432627146,elevation;interval_speed;counts;detected_count;coverage;summary.rom_mean_rad;summary.rom_max_rad;summary.rom_range_rad;summary.rom_sd_rad;summary.rom_cv;summary.active_s;summary.cadence_per_s,,,,,F90/CLEAN-S/SAME/0,0.0
F90/GAP-49999-E/SAME/0,F90,GAP-49999-E,E,SAME,0,"{""gap_us"": 49999}",boundary,True,gap_equality_or_below_accepted,False,1.0,1.0,1.0,16.5,3,3,0,0,4,4,0,0,0.99814039981404,0.99814039981404,interval_speed,0.8377538520832409,0.10471975511965977,rad/s,7.99995999919946,interval_speed,,,,,F90/CLEAN-E/SAME/0,0.0
F90/GAP-49999-S/SAME/0,F90,GAP-49999-S,S,SAME,0,"{""gap_us"": 49999}",boundary,True,gap_equality_or_below_accepted,False,1.0,1.0,1.0,16.5,3,3,0,0,4,4,0,0,0.99814039981404,0.99814039981404,interval_speed,1.0447115213820273,0.10471975511965977,rad/s,9.976260163980237,interval_speed,,,,,F90/CLEAN-S/SAME/0,0.0
F90/GAP-50000-E/SAME/0,F90,GAP-50000-E,E,SAME,0,"{""gap_us"": 50000}",boundary,True,gap_equality_or_below_accepted,False,1.0,1.0,1.0,16.5,3,3,0,0,4,4,0,0,0.99814039981404,0.99814039981404,interval_speed,0.8377580409572428,0.10471975511965977,rad/s,7.9999999999996625,interval_speed,,,,,F90/CLEAN-E/SAME/0,0.0
F90/GAP-50000-S/SAME/0,F90,GAP-50000-S,S,SAME,0,"{""gap_us"": 50000}",boundary,True,gap_equality_or_below_accepted,False,1.0,1.0,1.0,16.5,3,3,0,0,4,4,0,0,0.99814039981404,0.99814039981404,interval_speed,1.0447115245366039,0.10471975511965977,rad/s,9.976260194104226,interval_speed,,,,,F90/CLEAN-S/SAME/0,0.0
F90/GAP-50001-E/SAME/0,F90,GAP-50001-E,E,SAME,0,"{""gap_us"": 50001}",boundary,True,downstream_gap_boundary,False,0.9963636363636365,0.6666666666666666,1.0,16.5,3,2,1,0,4,4,0,0,0.99814039981404,0.99814039981404,summary.active_s,3.9400000000000004,0.6000000000000001,s,6.566666666666666,F90:rep-1.missed;F90:rep-2.preceding_rest_duration_s;counts;detected_count;summary.preceding_rest_duration_s.support;summary.active_s,interrupted;partial_start;phase_too_short;upstream_invalid:m2_invalid:interpolation_gap,,,,F90/CLEAN-E/SAME/0,0.0
F90/GAP-50001-S/SAME/0,F90,GAP-50001-S,S,SAME,0,"{""gap_us"": 50001}",rejection,True,expected_rejection,False,0.0,0.0,,16.5,3,,3,0,4,4,0,0,0.99814039981404,0.99814039981404,,,,,,,,ahrs,ValueError,observed timestamp gap exceeds max_gap_s,F90/CLEAN-S/SAME/0,
F90/I-JL/SAME/1103,F90,I-JL,S,SAME,1103,"{""loss"": ""sample-per"", ""sample_jitter_us"": 1000}",W,False,complete,False,1.0,1.0,1.0,16.5,3,3,0,0,16,16,0,0,0.9925615992561599,0.9925615992561599,interval_speed,1.0437349327507663,0.10471975511965977,rad/s,9.966934429498286,interval_speed,,,,,F90/CLEAN-S/SAME/0,0.0
F90/I-JL/SAME/2207,F90,I-JL,S,SAME,2207,"{""loss"": ""sample-per"", ""sample_jitter_us"": 1000}",W,False,complete,False,1.0,1.0,1.0,16.5,3,3,0,0,16,16,0,0,0.9925615992561599,0.9925615992561599,interval_speed,1.0440893410259082,0.10471975511965977,rad/s,9.970318779229977,interval_speed,,,,,F90/CLEAN-S/SAME/0,0.0
F90/I-JL/SAME/3301,F90,I-JL,S,SAME,3301,"{""loss"": ""sample-per"", ""sample_jitter_us"": 1000}",W,False,complete,False,1.0,1.0,1.0,16.5,3,3,0,0,16,16,0,0,0.9925615992561599,0.9925615992561599,interval_speed,0.9964367585769148,0.10471975511965977,rad/s,9.515270136358893,interval_speed,,,,,F90/CLEAN-S/SAME/0,0.0
F90/I-JL/SAME/4409,F90,I-JL,S,SAME,4409,"{""loss"": ""sample-per"", ""sample_jitter_us"": 1000}",W,False,complete,False,1.0,1.0,1.0,16.5,3,3,0,0,16,16,0,0,0.9925615992561599,0.9925615992561599,interval_speed,0.9723595104891245,0.10471975511965977,rad/s,9.28534935340559,interval_speed,,,,,F90/CLEAN-S/SAME/0,0.0
F90/I-JL/SAME/5519,F90,I-JL,S,SAME,5519,"{""loss"": ""sample-per"", ""sample_jitter_us"": 1000}",W,False,complete,False,1.0,1.0,1.0,16.5,3,3,0,0,16,16,0,0,0.9925615992561599,0.9925615992561599,interval_speed,1.030456909020547,0.10471975511965977,rad/s,9.840138642828933,interval_speed,,,,,F90/CLEAN-S/SAME/0,0.0
F90/I-NB/DIFF/1103,F90,I-NB,S,DIFF,1103,"{""accel_sigma"": 0.02, ""bias_rads"": 0.00034906585039886593, ""gyro_sigma"": 0.005}",W,True,complete,True,1.0,1.0,1.0,16.5,3,3,0,0,0,0,0,0,1.0,1.0,B.orientation,0.006655168403972192,0.017453292519943295,rad,0.3813130614964227,,,,,,F90/CLEAN-S/SAME/0,0.0
F90/I-NB/DIFF/2207,F90,I-NB,S,DIFF,2207,"{""accel_sigma"": 0.02, ""bias_rads"": 0.00034906585039886593, ""gyro_sigma"": 0.005}",W,True,complete,True,1.0,1.0,1.0,16.5,3,3,0,0,0,0,0,0,1.0,1.0,B.orientation,0.00671538146232913,0.017453292519943295,rad,0.38476301561185017,,,,,,F90/CLEAN-S/SAME/0,0.0
F90/I-NB/DIFF/3301,F90,I-NB,S,DIFF,3301,"{""accel_sigma"": 0.02, ""bias_rads"": 0.00034906585039886593, ""gyro_sigma"": 0.005}",W,True,complete,True,1.0,1.0,1.0,16.5,3,3,0,0,0,0,0,0,1.0,1.0,B.orientation,0.006558389046433013,0.017453292519943295,rad,0.37576801276544014,,,,,,F90/CLEAN-S/SAME/0,0.0
F90/I-NB/DIFF/4409,F90,I-NB,S,DIFF,4409,"{""accel_sigma"": 0.02, ""bias_rads"": 0.00034906585039886593, ""gyro_sigma"": 0.005}",W,True,complete,True,1.0,1.0,1.0,16.5,3,3,0,0,0,0,0,0,1.0,1.0,B.orientation,0.006000318078933376,0.017453292519943295,rad,0.3437929016589284,,,,,,F90/CLEAN-S/SAME/0,0.0
F90/I-NB/DIFF/5519,F90,I-NB,S,DIFF,5519,"{""accel_sigma"": 0.02, ""bias_rads"": 0.00034906585039886593, ""gyro_sigma"": 0.005}",W,True,complete,True,1.0,1.0,1.0,16.5,3,3,0,0,0,0,0,0,1.0,1.0,B.orientation,0.006162647169201555,0.017453292519943295,rad,0.35309367342349324,,,,,,F90/CLEAN-S/SAME/0,0.0
F90/INPUT-accel-clipped/SAME/0,F90,INPUT-accel-clipped,S,SAME,0,"{""mutation"": ""accel-clipped""}",rejection,True,expected_rejection,False,0.0,0.0,,16.5,3,,3,0,0,0,0,0,1.0,1.0,A.initialization,2.220446049250313e-16,0.017453292519943295,rad,1.2722218725854067e-14,,,calibration,ValueError,clipped samples cannot be used for calibration,F90/CLEAN-S/SAME/0,
F90/INPUT-accel-range/SAME/0,F90,INPUT-accel-range,S,SAME,0,"{""mutation"": ""accel-range""}",rejection,True,expected_rejection,False,0.0,0.0,,16.5,3,,3,0,0,0,0,0,1.0,1.0,A.initialization,2.220446049250313e-16,0.017453292519943295,rad,1.2722218725854067e-14,,,calibration,ValueError,sensor values exceed configured range,F90/CLEAN-S/SAME/0,
F90/INPUT-crc/SAME/0,F90,INPUT-crc,S,SAME,0,"{""mutation"": ""crc""}",rejection,True,existing_frozen_fixture,,,,,,,,,,,,,,,,,,,,,,,,,,F90/CLEAN-S/SAME/0,
F90/INPUT-duplicate-time/SAME/0,F90,INPUT-duplicate-time,S,SAME,0,"{""mutation"": ""duplicate-time""}",rejection,True,expected_rejection,False,0.0,0.0,,16.5,3,,3,0,0,0,0,0,1.0,1.0,A.initialization,2.220446049250313e-16,0.017453292519943295,rad,1.2722218725854067e-14,,,ahrs,ValueError,timestamp_us must increase strictly within an epoch,F90/CLEAN-S/SAME/0,
F90/INPUT-empty/SAME/0,F90,INPUT-empty,S,SAME,0,"{""mutation"": ""empty""}",rejection,True,expected_rejection,False,0.0,0.0,,16.5,3,,3,0,0,2151,0,538,1.0,0.0,A.initialization,2.220446049250313e-16,0.017453292519943295,rad,1.2722218725854067e-14,,,calibration,ValueError,"acceleration must have shape (N,3) with N>0, got (0, 3)",F90/CLEAN-S/SAME/0,
F90/INPUT-epoch-reset/SAME/0,F90,INPUT-epoch-reset,S,SAME,0,"{""mutation"": ""epoch-reset""}",boundary,True,existing_frozen_fixture,,,,,,,,,,,,,,,,,,,,,,,,,,F90/CLEAN-S/SAME/0,
F90/INPUT-gyro-clipped/SAME/0,F90,INPUT-gyro-clipped,S,SAME,0,"{""mutation"": ""gyro-clipped""}",rejection,True,expected_rejection,False,0.0,0.0,,16.5,3,,3,0,0,0,0,0,1.0,1.0,A.initialization,2.220446049250313e-16,0.017453292519943295,rad,1.2722218725854067e-14,,,calibration,ValueError,clipped samples cannot be used for calibration,F90/CLEAN-S/SAME/0,
F90/INPUT-gyro-range/SAME/0,F90,INPUT-gyro-range,S,SAME,0,"{""mutation"": ""gyro-range""}",rejection,True,expected_rejection,False,0.0,0.0,,16.5,3,,3,0,0,0,0,0,1.0,1.0,A.initialization,2.220446049250313e-16,0.017453292519943295,rad,1.2722218725854067e-14,,,calibration,ValueError,sensor values exceed configured range,F90/CLEAN-S/SAME/0,
F90/INPUT-hash/SAME/0,F90,INPUT-hash,S,SAME,0,"{""mutation"": ""hash""}",rejection,True,existing_frozen_fixture,,,,,,,,,,,,,,,,,,,,,,,,,,F90/CLEAN-S/SAME/0,
F90/INPUT-inf-force/SAME/0,F90,INPUT-inf-force,S,SAME,0,"{""mutation"": ""inf-force""}",rejection,True,expected_rejection,False,0.0,0.0,,16.5,3,,3,0,0,0,0,0,1.0,1.0,A.initialization,2.220446049250313e-16,0.017453292519943295,rad,1.2722218725854067e-14,,,calibration,ValueError,acceleration must be finite,F90/CLEAN-S/SAME/0,
F90/INPUT-inf-rate/SAME/0,F90,INPUT-inf-rate,S,SAME,0,"{""mutation"": ""inf-rate""}",rejection,True,expected_rejection,False,0.0,0.0,,16.5,3,,3,0,0,0,0,0,1.0,1.0,A.initialization,2.220446049250313e-16,0.017453292519943295,rad,1.2722218725854067e-14,,,calibration,ValueError,gyroscope must be finite,F90/CLEAN-S/SAME/0,
F90/INPUT-nan-force/SAME/0,F90,INPUT-nan-force,S,SAME,0,"{""mutation"": ""nan-force""}",rejection,True,expected_rejection,False,0.0,0.0,,16.5,3,,3,0,0,0,0,0,1.0,1.0,A.initialization,2.220446049250313e-16,0.017453292519943295,rad,1.2722218725854067e-14,,,calibration,ValueError,acceleration must be finite,F90/CLEAN-S/SAME/0,
F90/INPUT-nan-rate/SAME/0,F90,INPUT-nan-rate,S,SAME,0,"{""mutation"": ""nan-rate""}",rejection,True,expected_rejection,False,0.0,0.0,,16.5,3,,3,0,0,0,0,0,1.0,1.0,A.initialization,2.220446049250313e-16,0.017453292519943295,rad,1.2722218725854067e-14,,,calibration,ValueError,gyroscope must be finite,F90/CLEAN-S/SAME/0,
F90/INPUT-node/SAME/0,F90,INPUT-node,S,SAME,0,"{""mutation"": ""node""}",rejection,True,existing_frozen_fixture,,,,,,,,,,,,,,,,,,,,,,,,,,F90/CLEAN-S/SAME/0,
F90/INPUT-one-row/SAME/0,F90,INPUT-one-row,S,SAME,0,"{""mutation"": ""one-row""}",boundary,True,complete,False,0.0,0.0,,16.5,3,,3,0,0,2150,0,537,1.0,0.00046490004649000463,A.initialization,2.220446049250313e-16,0.017453292519943295,rad,1.2722218725854067e-14,B.orientation;elevation;interval_speed;counts;detected_count;coverage;summary.rom_mean_rad;summary.rom_max_rad;summary.rom_range_rad;summary.rom_sd_rad;summary.rom_cv;summary.active_s;summary.cadence_per_s,,,,,F90/CLEAN-S/SAME/0,0.0
F90/INPUT-reverse-time/SAME/0,F90,INPUT-reverse-time,S,SAME,0,"{""mutation"": ""reverse-time""}",rejection,True,expected_rejection,False,0.0,0.0,,16.5,3,,3,0,0,0,0,0,1.0,1.0,A.initialization,2.220446049250313e-16,0.017453292519943295,rad,1.2722218725854067e-14,,,ahrs,ValueError,timestamp_us must increase strictly within an epoch,F90/CLEAN-S/SAME/0,
F90/INPUT-zero-force/SAME/0,F90,INPUT-zero-force,S,SAME,0,"{""mutation"": ""zero-force""}",rejection,True,expected_rejection,False,0.0,0.0,,16.5,3,,3,0,0,0,0,0,1.0,1.0,A.initialization,2.220446049250313e-16,0.017453292519943295,rad,1.2722218725854067e-14,,,ahrs,ValueError,acceleration magnitude must be nonzero for six-axis orientation,F90/CLEAN-S/SAME/0,
F90/J-S-H/A/1103,F90,J-S-H,S,A,1103,"{""sample_jitter_us"": 1000}",W,True,complete,True,1.0,1.0,1.0,16.5,3,3,0,0,0,0,0,0,1.0,1.0,B.orientation,0.005524664224010412,0.017453292519943295,rad,0.3165399432627146,,,,,,F90/CLEAN-S/SAME/0,0.0
F90/J-S-H/A/2207,F90,J-S-H,S,A,2207,"{""sample_jitter_us"": 1000}",W,True,complete,True,1.0,1.0,1.0,16.5,3,3,0,0,0,0,0,0,1.0,1.0,B.orientation,0.005524664224010412,0.017453292519943295,rad,0.3165399432627146,,,,,,F90/CLEAN-S/SAME/0,0.0
F90/J-S-H/A/3301,F90,J-S-H,S,A,3301,"{""sample_jitter_us"": 1000}",W,True,complete,True,1.0,1.0,1.0,16.5,3,3,0,0,0,0,0,0,1.0,1.0,B.orientation,0.005524664224010412,0.017453292519943295,rad,0.3165399432627146,,,,,,F90/CLEAN-S/SAME/0,0.0
F90/J-S-H/A/4409,F90,J-S-H,S,A,4409,"{""sample_jitter_us"": 1000}",W,True,complete,True,1.0,1.0,1.0,16.5,3,3,0,0,0,0,0,0,1.0,1.0,B.orientation,0.005524664224010412,0.017453292519943295,rad,0.3165399432627146,,,,,,F90/CLEAN-S/SAME/0,0.0
F90/J-S-H/A/5519,F90,J-S-H,S,A,5519,"{""sample_jitter_us"": 1000}",W,True,complete,True,1.0,1.0,1.0,16.5,3,3,0,0,0,0,0,0,1.0,1.0,B.orientation,0.005524664224010412,0.017453292519943295,rad,0.3165399432627146,,,,,,F90/CLEAN-S/SAME/0,0.0
F90/J-S-H/B/1103,F90,J-S-H,S,B,1103,"{""sample_jitter_us"": 1000}",W,True,complete,True,1.0,1.0,1.0,16.5,3,3,0,0,0,0,0,0,1.0,1.0,B.orientation,0.005567054603736575,0.017453292519943295,rad,0.3189687331129807,,,,,,F90/CLEAN-S/SAME/0,0.0
F90/J-S-H/B/2207,F90,J-S-H,S,B,2207,"{""sample_jitter_us"": 1000}",W,True,complete,True,1.0,1.0,1.0,16.5,3,3,0,0,0,0,0,0,1.0,1.0,B.orientation,0.005558695085090384,0.017453292519943295,rad,0.31848976797579304,,,,,,F90/CLEAN-S/SAME/0,0.0
F90/J-S-H/B/3301,F90,J-S-H,S,B,3301,"{""sample_jitter_us"": 1000}",W,True,complete,True,1.0,1.0,1.0,16.5,3,3,0,0,0,0,0,0,1.0,1.0,B.orientation,0.005561343756126346,0.017453292519943295,rad,0.3186415256474722,,,,,,F90/CLEAN-S/SAME/0,0.0
F90/J-S-H/B/4409,F90,J-S-H,S,B,4409,"{""sample_jitter_us"": 1000}",W,True,complete,True,1.0,1.0,1.0,16.5,3,3,0,0,0,0,0,0,1.0,1.0,B.orientation,0.005562069719228778,0.017453292519943295,rad,0.31868312026932377,,,,,,F90/CLEAN-S/SAME/0,0.0
F90/J-S-H/B/5519,F90,J-S-H,S,B,5519,"{""sample_jitter_us"": 1000}",W,True,complete,True,1.0,1.0,1.0,16.5,3,3,0,0,0,0,0,0,1.0,1.0,B.orientation,0.0055628687908647785,0.017453292519943295,rad,0.3187289037015952,,,,,,F90/CLEAN-S/SAME/0,0.0
F90/J-S-H/SAME/1103,F90,J-S-H,S,SAME,1103,"{""sample_jitter_us"": 1000}",W,True,complete,True,1.0,1.0,1.0,16.5,3,3,0,0,0,0,0,0,1.0,1.0,B.orientation,0.005567054603736575,0.017453292519943295,rad,0.3189687331129807,,,,,,F90/CLEAN-S/SAME/0,0.0
F90/J-S-H/SAME/2207,F90,J-S-H,S,SAME,2207,"{""sample_jitter_us"": 1000}",W,True,complete,True,1.0,1.0,1.0,16.5,3,3,0,0,0,0,0,0,1.0,1.0,B.orientation,0.005558695085090384,0.017453292519943295,rad,0.31848976797579304,,,,,,F90/CLEAN-S/SAME/0,0.0
F90/J-S-H/SAME/3301,F90,J-S-H,S,SAME,3301,"{""sample_jitter_us"": 1000}",W,True,complete,True,1.0,1.0,1.0,16.5,3,3,0,0,0,0,0,0,1.0,1.0,B.orientation,0.005561343756126346,0.017453292519943295,rad,0.3186415256474722,,,,,,F90/CLEAN-S/SAME/0,0.0
F90/J-S-H/SAME/4409,F90,J-S-H,S,SAME,4409,"{""sample_jitter_us"": 1000}",W,True,complete,True,1.0,1.0,1.0,16.5,3,3,0,0,0,0,0,0,1.0,1.0,B.orientation,0.005562069719228778,0.017453292519943295,rad,0.31868312026932377,,,,,,F90/CLEAN-S/SAME/0,0.0
F90/J-S-H/SAME/5519,F90,J-S-H,S,SAME,5519,"{""sample_jitter_us"": 1000}",W,True,complete,True,1.0,1.0,1.0,16.5,3,3,0,0,0,0,0,0,1.0,1.0,B.orientation,0.0055628687908647785,0.017453292519943295,rad,0.3187289037015952,,,,,,F90/CLEAN-S/SAME/0,0.0
F90/J-S-L/A/1103,F90,J-S-L,S,A,1103,"{""sample_jitter_us"": 100}",W,True,complete,True,1.0,1.0,1.0,16.5,3,3,0,0,0,0,0,0,1.0,1.0,B.orientation,0.005524664224010412,0.017453292519943295,rad,0.3165399432627146,,,,,,F90/CLEAN-S/SAME/0,0.0
F90/J-S-L/A/2207,F90,J-S-L,S,A,2207,"{""sample_jitter_us"": 100}",W,True,complete,True,1.0,1.0,1.0,16.5,3,3,0,0,0,0,0,0,1.0,1.0,B.orientation,0.005524664224010412,0.017453292519943295,rad,0.3165399432627146,,,,,,F90/CLEAN-S/SAME/0,0.0
F90/J-S-L/A/3301,F90,J-S-L,S,A,3301,"{""sample_jitter_us"": 100}",W,True,complete,True,1.0,1.0,1.0,16.5,3,3,0,0,0,0,0,0,1.0,1.0,B.orientation,0.005524664224010412,0.017453292519943295,rad,0.3165399432627146,,,,,,F90/CLEAN-S/SAME/0,0.0
F90/J-S-L/A/4409,F90,J-S-L,S,A,4409,"{""sample_jitter_us"": 100}",W,True,complete,True,1.0,1.0,1.0,16.5,3,3,0,0,0,0,0,0,1.0,1.0,B.orientation,0.005524664224010412,0.017453292519943295,rad,0.3165399432627146,,,,,,F90/CLEAN-S/SAME/0,0.0
F90/J-S-L/A/5519,F90,J-S-L,S,A,5519,"{""sample_jitter_us"": 100}",W,True,complete,True,1.0,1.0,1.0,16.5,3,3,0,0,0,0,0,0,1.0,1.0,B.orientation,0.005524664224010412,0.017453292519943295,rad,0.3165399432627146,,,,,,F90/CLEAN-S/SAME/0,0.0
F90/J-S-L/B/1103,F90,J-S-L,S,B,1103,"{""sample_jitter_us"": 100}",W,True,complete,True,1.0,1.0,1.0,16.5,3,3,0,0,0,0,0,0,1.0,1.0,B.orientation,0.005524893794148876,0.017453292519943295,rad,0.31655309666275083,,,,,,F90/CLEAN-S/SAME/0,0.0
F90/J-S-L/B/2207,F90,J-S-L,S,B,2207,"{""sample_jitter_us"": 100}",W,True,complete,True,1.0,1.0,1.0,16.5,3,3,0,0,0,0,0,0,1.0,1.0,B.orientation,0.005524777379271287,0.017453292519943295,rad,0.31654642658159243,,,,,,F90/CLEAN-S/SAME/0,0.0
F90/J-S-L/B/3301,F90,J-S-L,S,B,3301,"{""sample_jitter_us"": 100}",W,True,complete,True,1.0,1.0,1.0,16.5,3,3,0,0,0,0,0,0,1.0,1.0,B.orientation,0.0055246502542248875,0.017453292519943295,rad,0.31653914285296336,,,,,,F90/CLEAN-S/SAME/0,0.0
F90/J-S-L/B/4409,F90,J-S-L,S,B,4409,"{""sample_jitter_us"": 100}",W,True,complete,True,1.0,1.0,1.0,16.5,3,3,0,0,0,0,0,0,1.0,1.0,B.orientation,0.005524368995880654,0.017453292519943295,rad,0.3165230279368859,,,,,,F90/CLEAN-S/SAME/0,0.0
F90/J-S-L/B/5519,F90,J-S-L,S,B,5519,"{""sample_jitter_us"": 100}",W,True,complete,True,1.0,1.0,1.0,16.5,3,3,0,0,0,0,0,0,1.0,1.0,B.orientation,0.005524816029010694,0.017453292519943295,rad,0.31654864104853975,,,,,,F90/CLEAN-S/SAME/0,0.0
F90/J-S-L/SAME/1103,F90,J-S-L,S,SAME,1103,"{""sample_jitter_us"": 100}",W,True,complete,True,1.0,1.0,1.0,16.5,3,3,0,0,0,0,0,0,1.0,1.0,B.orientation,0.005524893794148876,0.017453292519943295,rad,0.31655309666275083,,,,,,F90/CLEAN-S/SAME/0,0.0
F90/J-S-L/SAME/2207,F90,J-S-L,S,SAME,2207,"{""sample_jitter_us"": 100}",W,True,complete,True,1.0,1.0,1.0,16.5,3,3,0,0,0,0,0,0,1.0,1.0,B.orientation,0.005524777379271287,0.017453292519943295,rad,0.31654642658159243,,,,,,F90/CLEAN-S/SAME/0,0.0
F90/J-S-L/SAME/3301,F90,J-S-L,S,SAME,3301,"{""sample_jitter_us"": 100}",W,True,complete,True,1.0,1.0,1.0,16.5,3,3,0,0,0,0,0,0,1.0,1.0,B.orientation,0.0055246502542248875,0.017453292519943295,rad,0.31653914285296336,,,,,,F90/CLEAN-S/SAME/0,0.0
F90/J-S-L/SAME/4409,F90,J-S-L,S,SAME,4409,"{""sample_jitter_us"": 100}",W,True,complete,True,1.0,1.0,1.0,16.5,3,3,0,0,0,0,0,0,1.0,1.0,B.orientation,0.005524368995880654,0.017453292519943295,rad,0.3165230279368859,,,,,,F90/CLEAN-S/SAME/0,0.0
F90/J-S-L/SAME/5519,F90,J-S-L,S,SAME,5519,"{""sample_jitter_us"": 100}",W,True,complete,True,1.0,1.0,1.0,16.5,3,3,0,0,0,0,0,0,1.0,1.0,B.orientation,0.005524816029010694,0.017453292519943295,rad,0.31654864104853975,,,,,,F90/CLEAN-S/SAME/0,0.0
F90/J-S-X/A/1103,F90,J-S-X,S,A,1103,"{""sample_jitter_us"": 6000}",stress,True,expected_rejection,False,0.0,0.0,,16.5,3,,3,0,0,0,0,0,1.0,1.0,,,,,,,,ahrs,ValueError,timestamp_us must increase strictly within an epoch,F90/CLEAN-S/SAME/0,
F90/J-S-X/A/2207,F90,J-S-X,S,A,2207,"{""sample_jitter_us"": 6000}",stress,True,expected_rejection,False,0.0,0.0,,16.5,3,,3,0,0,0,0,0,1.0,1.0,,,,,,,,ahrs,ValueError,timestamp_us must increase strictly within an epoch,F90/CLEAN-S/SAME/0,
F90/J-S-X/A/3301,F90,J-S-X,S,A,3301,"{""sample_jitter_us"": 6000}",stress,True,expected_rejection,False,0.0,0.0,,16.5,3,,3,0,0,0,0,0,1.0,1.0,,,,,,,,ahrs,ValueError,timestamp_us must increase strictly within an epoch,F90/CLEAN-S/SAME/0,
F90/J-S-X/A/4409,F90,J-S-X,S,A,4409,"{""sample_jitter_us"": 6000}",stress,True,expected_rejection,False,0.0,0.0,,16.5,3,,3,0,0,0,0,0,1.0,1.0,,,,,,,,ahrs,ValueError,timestamp_us must increase strictly within an epoch,F90/CLEAN-S/SAME/0,
F90/J-S-X/A/5519,F90,J-S-X,S,A,5519,"{""sample_jitter_us"": 6000}",stress,True,expected_rejection,False,0.0,0.0,,16.5,3,,3,0,0,0,0,0,1.0,1.0,,,,,,,,ahrs,ValueError,timestamp_us must increase strictly within an epoch,F90/CLEAN-S/SAME/0,
F90/J-S-X/B/1103,F90,J-S-X,S,B,1103,"{""sample_jitter_us"": 6000}",stress,True,expected_rejection,False,0.0,0.0,,16.5,3,,3,0,0,0,0,0,1.0,1.0,A.initialization,2.220446049250313e-16,0.017453292519943295,rad,1.2722218725854067e-14,,,ahrs,ValueError,timestamp_us must increase strictly within an epoch,F90/CLEAN-S/SAME/0,
F90/J-S-X/B/2207,F90,J-S-X,S,B,2207,"{""sample_jitter_us"": 6000}",stress,True,expected_rejection,False,0.0,0.0,,16.5,3,,3,0,0,0,0,0,1.0,1.0,A.initialization,2.220446049250313e-16,0.017453292519943295,rad,1.2722218725854067e-14,,,ahrs,ValueError,timestamp_us must increase strictly within an epoch,F90/CLEAN-S/SAME/0,
F90/J-S-X/B/3301,F90,J-S-X,S,B,3301,"{""sample_jitter_us"": 6000}",stress,True,expected_rejection,False,0.0,0.0,,16.5,3,,3,0,0,0,0,0,1.0,1.0,A.initialization,2.220446049250313e-16,0.017453292519943295,rad,1.2722218725854067e-14,,,ahrs,ValueError,timestamp_us must increase strictly within an epoch,F90/CLEAN-S/SAME/0,
F90/J-S-X/B/4409,F90,J-S-X,S,B,4409,"{""sample_jitter_us"": 6000}",stress,True,expected_rejection,False,0.0,0.0,,16.5,3,,3,0,0,0,0,0,1.0,1.0,A.initialization,2.220446049250313e-16,0.017453292519943295,rad,1.2722218725854067e-14,,,ahrs,ValueError,timestamp_us must increase strictly within an epoch,F90/CLEAN-S/SAME/0,
F90/J-S-X/B/5519,F90,J-S-X,S,B,5519,"{""sample_jitter_us"": 6000}",stress,True,expected_rejection,False,0.0,0.0,,16.5,3,,3,0,0,0,0,0,1.0,1.0,A.initialization,2.220446049250313e-16,0.017453292519943295,rad,1.2722218725854067e-14,,,ahrs,ValueError,timestamp_us must increase strictly within an epoch,F90/CLEAN-S/SAME/0,
F90/J-S-X/SAME/1103,F90,J-S-X,S,SAME,1103,"{""sample_jitter_us"": 6000}",stress,True,expected_rejection,False,0.0,0.0,,16.5,3,,3,0,0,0,0,0,1.0,1.0,,,,,,,,ahrs,ValueError,timestamp_us must increase strictly within an epoch,F90/CLEAN-S/SAME/0,
F90/J-S-X/SAME/2207,F90,J-S-X,S,SAME,2207,"{""sample_jitter_us"": 6000}",stress,True,expected_rejection,False,0.0,0.0,,16.5,3,,3,0,0,0,0,0,1.0,1.0,,,,,,,,ahrs,ValueError,timestamp_us must increase strictly within an epoch,F90/CLEAN-S/SAME/0,
F90/J-S-X/SAME/3301,F90,J-S-X,S,SAME,3301,"{""sample_jitter_us"": 6000}",stress,True,expected_rejection,False,0.0,0.0,,16.5,3,,3,0,0,0,0,0,1.0,1.0,,,,,,,,ahrs,ValueError,timestamp_us must increase strictly within an epoch,F90/CLEAN-S/SAME/0,
F90/J-S-X/SAME/4409,F90,J-S-X,S,SAME,4409,"{""sample_jitter_us"": 6000}",stress,True,expected_rejection,False,0.0,0.0,,16.5,3,,3,0,0,0,0,0,1.0,1.0,,,,,,,,ahrs,ValueError,timestamp_us must increase strictly within an epoch,F90/CLEAN-S/SAME/0,
F90/J-S-X/SAME/5519,F90,J-S-X,S,SAME,5519,"{""sample_jitter_us"": 6000}",stress,True,expected_rejection,False,0.0,0.0,,16.5,3,,3,0,0,0,0,0,1.0,1.0,,,,,,,,ahrs,ValueError,timestamp_us must increase strictly within an epoch,F90/CLEAN-S/SAME/0,
F90/J-T-H/A/1103,F90,J-T-H,S,A,1103,"{""timestamp_jitter_us"": 1000}",W,True,complete,True,1.0,1.0,1.0,16.5,3,3,0,0,0,0,0,0,1.0,1.0,B.orientation,0.005524664224010412,0.017453292519943295,rad,0.3165399432627146,,,,,,F90/CLEAN-S/SAME/0,0.0
F90/J-T-H/A/2207,F90,J-T-H,S,A,2207,"{""timestamp_jitter_us"": 1000}",W,True,complete,True,1.0,1.0,1.0,16.5,3,3,0,0,0,0,0,0,1.0,1.0,B.orientation,0.005524664224010412,0.017453292519943295,rad,0.3165399432627146,,,,,,F90/CLEAN-S/SAME/0,0.0
F90/J-T-H/A/3301,F90,J-T-H,S,A,3301,"{""timestamp_jitter_us"": 1000}",W,True,complete,True,1.0,1.0,1.0,16.5,3,3,0,0,0,0,0,0,1.0,1.0,B.orientation,0.005524664224010412,0.017453292519943295,rad,0.3165399432627146,,,,,,F90/CLEAN-S/SAME/0,0.0
F90/J-T-H/A/4409,F90,J-T-H,S,A,4409,"{""timestamp_jitter_us"": 1000}",W,True,complete,True,1.0,1.0,1.0,16.5,3,3,0,0,0,0,0,0,1.0,1.0,B.orientation,0.005524664224010412,0.017453292519943295,rad,0.3165399432627146,,,,,,F90/CLEAN-S/SAME/0,0.0
F90/J-T-H/A/5519,F90,J-T-H,S,A,5519,"{""timestamp_jitter_us"": 1000}",W,True,complete,True,1.0,1.0,1.0,16.5,3,3,0,0,0,0,0,0,1.0,1.0,B.orientation,0.005524664224010412,0.017453292519943295,rad,0.3165399432627146,,,,,,F90/CLEAN-S/SAME/0,0.0
F90/J-T-H/B/1103,F90,J-T-H,S,B,1103,"{""timestamp_jitter_us"": 1000}",W,True,complete,True,1.0,1.0,1.0,16.5,3,3,0,0,0,0,0,0,1.0,1.0,B.orientation,0.0062825630615087795,0.017453292519943295,rad,0.3599643479492425,,,,,,F90/CLEAN-S/SAME/0,0.0
F90/J-T-H/B/2207,F90,J-T-H,S,B,2207,"{""timestamp_jitter_us"": 1000}",W,True,complete,True,1.0,1.0,1.0,16.5,3,3,0,0,0,0,0,0,1.0,1.0,B.orientation,0.006479880787321313,0.017453292519943295,rad,0.3712698208614202,,,,,,F90/CLEAN-S/SAME/0,0.0
F90/J-T-H/B/3301,F90,J-T-H,S,B,3301,"{""timestamp_jitter_us"": 1000}",W,True,complete,True,1.0,1.0,1.0,16.5,3,3,0,0,0,0,0,0,1.0,1.0,B.orientation,0.0062172165417380045,0.017453292519943295,rad,0.3562202681605089,,,,,,F90/CLEAN-S/SAME/0,0.0
F90/J-T-H/B/4409,F90,J-T-H,S,B,4409,"{""timestamp_jitter_us"": 1000}",W,True,complete,True,1.0,1.0,1.0,16.5,3,3,0,0,0,0,0,0,1.0,1.0,B.orientation,0.006170426260297232,0.017453292519943295,rad,0.35353938251172334,,,,,,F90/CLEAN-S/SAME/0,0.0
F90/J-T-H/B/5519,F90,J-T-H,S,B,5519,"{""timestamp_jitter_us"": 1000}",W,True,complete,True,1.0,1.0,1.0,16.5,3,3,0,0,0,0,0,0,1.0,1.0,B.orientation,0.006267188128856876,0.017453292519943295,rad,0.3590834291979905,,,,,,F90/CLEAN-S/SAME/0,0.0
F90/J-T-H/SAME/1103,F90,J-T-H,S,SAME,1103,"{""timestamp_jitter_us"": 1000}",W,True,complete,True,1.0,1.0,1.0,16.5,3,3,0,0,0,0,0,0,1.0,1.0,B.orientation,0.0062825630615087795,0.017453292519943295,rad,0.3599643479492425,,,,,,F90/CLEAN-S/SAME/0,0.0
F90/J-T-H/SAME/2207,F90,J-T-H,S,SAME,2207,"{""timestamp_jitter_us"": 1000}",W,True,complete,True,1.0,1.0,1.0,16.5,3,3,0,0,0,0,0,0,1.0,1.0,B.orientation,0.006479880787321313,0.017453292519943295,rad,0.3712698208614202,,,,,,F90/CLEAN-S/SAME/0,0.0
F90/J-T-H/SAME/3301,F90,J-T-H,S,SAME,3301,"{""timestamp_jitter_us"": 1000}",W,True,complete,True,1.0,1.0,1.0,16.5,3,3,0,0,0,0,0,0,1.0,1.0,B.orientation,0.0062172165417380045,0.017453292519943295,rad,0.3562202681605089,,,,,,F90/CLEAN-S/SAME/0,0.0
F90/J-T-H/SAME/4409,F90,J-T-H,S,SAME,4409,"{""timestamp_jitter_us"": 1000}",W,True,complete,True,1.0,1.0,1.0,16.5,3,3,0,0,0,0,0,0,1.0,1.0,B.orientation,0.006170426260297232,0.017453292519943295,rad,0.35353938251172334,,,,,,F90/CLEAN-S/SAME/0,0.0
F90/J-T-H/SAME/5519,F90,J-T-H,S,SAME,5519,"{""timestamp_jitter_us"": 1000}",W,True,complete,True,1.0,1.0,1.0,16.5,3,3,0,0,0,0,0,0,1.0,1.0,B.orientation,0.006267188128856876,0.017453292519943295,rad,0.3590834291979905,,,,,,F90/CLEAN-S/SAME/0,0.0
F90/J-T-L/A/1103,F90,J-T-L,S,A,1103,"{""timestamp_jitter_us"": 100}",W,True,complete,True,1.0,1.0,1.0,16.5,3,3,0,0,0,0,0,0,1.0,1.0,B.orientation,0.005524664224010412,0.017453292519943295,rad,0.3165399432627146,,,,,,F90/CLEAN-S/SAME/0,0.0
F90/J-T-L/A/2207,F90,J-T-L,S,A,2207,"{""timestamp_jitter_us"": 100}",W,True,complete,True,1.0,1.0,1.0,16.5,3,3,0,0,0,0,0,0,1.0,1.0,B.orientation,0.005524664224010412,0.017453292519943295,rad,0.3165399432627146,,,,,,F90/CLEAN-S/SAME/0,0.0
F90/J-T-L/A/3301,F90,J-T-L,S,A,3301,"{""timestamp_jitter_us"": 100}",W,True,complete,True,1.0,1.0,1.0,16.5,3,3,0,0,0,0,0,0,1.0,1.0,B.orientation,0.005524664224010412,0.017453292519943295,rad,0.3165399432627146,,,,,,F90/CLEAN-S/SAME/0,0.0
F90/J-T-L/A/4409,F90,J-T-L,S,A,4409,"{""timestamp_jitter_us"": 100}",W,True,complete,True,1.0,1.0,1.0,16.5,3,3,0,0,0,0,0,0,1.0,1.0,B.orientation,0.005524664224010412,0.017453292519943295,rad,0.3165399432627146,,,,,,F90/CLEAN-S/SAME/0,0.0
F90/J-T-L/A/5519,F90,J-T-L,S,A,5519,"{""timestamp_jitter_us"": 100}",W,True,complete,True,1.0,1.0,1.0,16.5,3,3,0,0,0,0,0,0,1.0,1.0,B.orientation,0.005524664224010412,0.017453292519943295,rad,0.3165399432627146,,,,,,F90/CLEAN-S/SAME/0,0.0
F90/J-T-L/B/1103,F90,J-T-L,S,B,1103,"{""timestamp_jitter_us"": 100}",W,True,complete,True,1.0,1.0,1.0,16.5,3,3,0,0,0,0,0,0,1.0,1.0,B.orientation,0.005528573901238748,0.017453292519943295,rad,0.3167639512671567,,,,,,F90/CLEAN-S/SAME/0,0.0
F90/J-T-L/B/2207,F90,J-T-L,S,B,2207,"{""timestamp_jitter_us"": 100}",W,True,complete,True,1.0,1.0,1.0,16.5,3,3,0,0,0,0,0,0,1.0,1.0,B.orientation,0.005529716164003968,0.017453292519943295,rad,0.3168293981026987,,,,,,F90/CLEAN-S/SAME/0,0.0
F90/J-T-L/B/3301,F90,J-T-L,S,B,3301,"{""timestamp_jitter_us"": 100}",W,True,complete,True,1.0,1.0,1.0,16.5,3,3,0,0,0,0,0,0,1.0,1.0,B.orientation,0.005537578414504645,0.017453292519943295,rad,0.3172798718738621,,,,,,F90/CLEAN-S/SAME/0,0.0
F90/J-T-L/B/4409,F90,J-T-L,S,B,4409,"{""timestamp_jitter_us"": 100}",W,True,complete,True,1.0,1.0,1.0,16.5,3,3,0,0,0,0,0,0,1.0,1.0,B.orientation,0.0055655985650582395,0.017453292519943295,rad,0.31888530824190425,,,,,,F90/CLEAN-S/SAME/0,0.0
F90/J-T-L/B/5519,F90,J-T-L,S,B,5519,"{""timestamp_jitter_us"": 100}",W,True,complete,True,1.0,1.0,1.0,16.5,3,3,0,0,0,0,0,0,1.0,1.0,B.orientation,0.0055283509437620195,0.017453292519943295,rad,0.31675117674472925,,,,,,F90/CLEAN-S/SAME/0,0.0
F90/J-T-L/SAME/1103,F90,J-T-L,S,SAME,1103,"{""timestamp_jitter_us"": 100}",W,True,complete,True,1.0,1.0,1.0,16.5,3,3,0,0,0,0,0,0,1.0,1.0,B.orientation,0.005528573901238748,0.017453292519943295,rad,0.3167639512671567,,,,,,F90/CLEAN-S/SAME/0,0.0
F90/J-T-L/SAME/2207,F90,J-T-L,S,SAME,2207,"{""timestamp_jitter_us"": 100}",W,True,complete,True,1.0,1.0,1.0,16.5,3,3,0,0,0,0,0,0,1.0,1.0,B.orientation,0.005529716164003968,0.017453292519943295,rad,0.3168293981026987,,,,,,F90/CLEAN-S/SAME/0,0.0
F90/J-T-L/SAME/3301,F90,J-T-L,S,SAME,3301,"{""timestamp_jitter_us"": 100}",W,True,complete,True,1.0,1.0,1.0,16.5,3,3,0,0,0,0,0,0,1.0,1.0,B.orientation,0.005537578414504645,0.017453292519943295,rad,0.3172798718738621,,,,,,F90/CLEAN-S/SAME/0,0.0
F90/J-T-L/SAME/4409,F90,J-T-L,S,SAME,4409,"{""timestamp_jitter_us"": 100}",W,True,complete,True,1.0,1.0,1.0,16.5,3,3,0,0,0,0,0,0,1.0,1.0,B.orientation,0.0055655985650582395,0.017453292519943295,rad,0.31888530824190425,,,,,,F90/CLEAN-S/SAME/0,0.0
F90/J-T-L/SAME/5519,F90,J-T-L,S,SAME,5519,"{""timestamp_jitter_us"": 100}",W,True,complete,True,1.0,1.0,1.0,16.5,3,3,0,0,0,0,0,0,1.0,1.0,B.orientation,0.0055283509437620195,0.017453292519943295,rad,0.31675117674472925,,,,,,F90/CLEAN-S/SAME/0,0.0
F90/J-T-X/A/1103,F90,J-T-X,S,A,1103,"{""timestamp_jitter_us"": 6000}",stress,True,expected_rejection,False,0.0,0.0,,16.5,3,,3,0,0,0,0,0,1.0,1.0,,,,,,,,ahrs,ValueError,timestamp_us must increase strictly within an epoch,F90/CLEAN-S/SAME/0,
F90/J-T-X/A/2207,F90,J-T-X,S,A,2207,"{""timestamp_jitter_us"": 6000}",stress,True,expected_rejection,False,0.0,0.0,,16.5,3,,3,0,0,0,0,0,1.0,1.0,,,,,,,,ahrs,ValueError,timestamp_us must increase strictly within an epoch,F90/CLEAN-S/SAME/0,
F90/J-T-X/A/3301,F90,J-T-X,S,A,3301,"{""timestamp_jitter_us"": 6000}",stress,True,expected_rejection,False,0.0,0.0,,16.5,3,,3,0,0,0,0,0,1.0,1.0,,,,,,,,ahrs,ValueError,timestamp_us must increase strictly within an epoch,F90/CLEAN-S/SAME/0,
F90/J-T-X/A/4409,F90,J-T-X,S,A,4409,"{""timestamp_jitter_us"": 6000}",stress,True,expected_rejection,False,0.0,0.0,,16.5,3,,3,0,0,0,0,0,1.0,1.0,,,,,,,,ahrs,ValueError,timestamp_us must increase strictly within an epoch,F90/CLEAN-S/SAME/0,
F90/J-T-X/A/5519,F90,J-T-X,S,A,5519,"{""timestamp_jitter_us"": 6000}",stress,True,expected_rejection,False,0.0,0.0,,16.5,3,,3,0,0,0,0,0,1.0,1.0,,,,,,,,ahrs,ValueError,timestamp_us must increase strictly within an epoch,F90/CLEAN-S/SAME/0,
F90/J-T-X/B/1103,F90,J-T-X,S,B,1103,"{""timestamp_jitter_us"": 6000}",stress,True,expected_rejection,False,0.0,0.0,,16.5,3,,3,0,0,0,0,0,1.0,1.0,A.initialization,2.220446049250313e-16,0.017453292519943295,rad,1.2722218725854067e-14,,,ahrs,ValueError,timestamp_us must increase strictly within an epoch,F90/CLEAN-S/SAME/0,
F90/J-T-X/B/2207,F90,J-T-X,S,B,2207,"{""timestamp_jitter_us"": 6000}",stress,True,expected_rejection,False,0.0,0.0,,16.5,3,,3,0,0,0,0,0,1.0,1.0,A.initialization,2.220446049250313e-16,0.017453292519943295,rad,1.2722218725854067e-14,,,ahrs,ValueError,timestamp_us must increase strictly within an epoch,F90/CLEAN-S/SAME/0,
F90/J-T-X/B/3301,F90,J-T-X,S,B,3301,"{""timestamp_jitter_us"": 6000}",stress,True,expected_rejection,False,0.0,0.0,,16.5,3,,3,0,0,0,0,0,1.0,1.0,A.initialization,2.220446049250313e-16,0.017453292519943295,rad,1.2722218725854067e-14,,,ahrs,ValueError,timestamp_us must increase strictly within an epoch,F90/CLEAN-S/SAME/0,
F90/J-T-X/B/4409,F90,J-T-X,S,B,4409,"{""timestamp_jitter_us"": 6000}",stress,True,expected_rejection,False,0.0,0.0,,16.5,3,,3,0,0,0,0,0,1.0,1.0,A.initialization,2.220446049250313e-16,0.017453292519943295,rad,1.2722218725854067e-14,,,ahrs,ValueError,timestamp_us must increase strictly within an epoch,F90/CLEAN-S/SAME/0,
F90/J-T-X/B/5519,F90,J-T-X,S,B,5519,"{""timestamp_jitter_us"": 6000}",stress,True,expected_rejection,False,0.0,0.0,,16.5,3,,3,0,0,0,0,0,1.0,1.0,A.initialization,2.220446049250313e-16,0.017453292519943295,rad,1.2722218725854067e-14,,,ahrs,ValueError,timestamp_us must increase strictly within an epoch,F90/CLEAN-S/SAME/0,
F90/J-T-X/SAME/1103,F90,J-T-X,S,SAME,1103,"{""timestamp_jitter_us"": 6000}",stress,True,expected_rejection,False,0.0,0.0,,16.5,3,,3,0,0,0,0,0,1.0,1.0,,,,,,,,ahrs,ValueError,timestamp_us must increase strictly within an epoch,F90/CLEAN-S/SAME/0,
F90/J-T-X/SAME/2207,F90,J-T-X,S,SAME,2207,"{""timestamp_jitter_us"": 6000}",stress,True,expected_rejection,False,0.0,0.0,,16.5,3,,3,0,0,0,0,0,1.0,1.0,,,,,,,,ahrs,ValueError,timestamp_us must increase strictly within an epoch,F90/CLEAN-S/SAME/0,
F90/J-T-X/SAME/3301,F90,J-T-X,S,SAME,3301,"{""timestamp_jitter_us"": 6000}",stress,True,expected_rejection,False,0.0,0.0,,16.5,3,,3,0,0,0,0,0,1.0,1.0,,,,,,,,ahrs,ValueError,timestamp_us must increase strictly within an epoch,F90/CLEAN-S/SAME/0,
F90/J-T-X/SAME/4409,F90,J-T-X,S,SAME,4409,"{""timestamp_jitter_us"": 6000}",stress,True,expected_rejection,False,0.0,0.0,,16.5,3,,3,0,0,0,0,0,1.0,1.0,,,,,,,,ahrs,ValueError,timestamp_us must increase strictly within an epoch,F90/CLEAN-S/SAME/0,
F90/J-T-X/SAME/5519,F90,J-T-X,S,SAME,5519,"{""timestamp_jitter_us"": 6000}",stress,True,expected_rejection,False,0.0,0.0,,16.5,3,,3,0,0,0,0,0,1.0,1.0,,,,,,,,ahrs,ValueError,timestamp_us must increase strictly within an epoch,F90/CLEAN-S/SAME/0,
F90/L-P-BURST/A/0,F90,L-P-BURST,Q,A,0,"{""loss"": ""packet-burst""}",rejection,True,expected_rejection,False,0.0,0.0,,16.5,3,,3,0,8,0,2,0,0.9962807996280799,1.0,,,,,,,,ahrs,ValueError,observed timestamp gap exceeds max_gap_s,F90/CLEAN-Q/SAME/0,
F90/L-P-BURST/B/0,F90,L-P-BURST,Q,B,0,"{""loss"": ""packet-burst""}",rejection,True,expected_rejection,False,0.0,0.0,,16.5,3,,3,0,0,8,0,2,1.0,0.9962807996280799,A.initialization,2.220446049250313e-16,0.017453292519943295,rad,1.2722218725854067e-14,,,ahrs,ValueError,observed timestamp gap exceeds max_gap_s,F90/CLEAN-Q/SAME/0,
F90/L-P-BURST/SAME/0,F90,L-P-BURST,Q,SAME,0,"{""loss"": ""packet-burst""}",rejection,True,expected_rejection,False,0.0,0.0,,16.5,3,,3,0,8,8,2,2,0.9962807996280799,0.9962807996280799,,,,,,,,ahrs,ValueError,observed timestamp gap exceeds max_gap_s,F90/CLEAN-Q/SAME/0,
F90/L-P-ONE/A/0,F90,L-P-ONE,Q,A,0,"{""loss"": ""packet-one""}",W,True,complete,True,1.0,1.0,1.0,16.5,3,3,0,0,4,0,1,0,0.99814039981404,1.0,B.orientation,0.005663503117983247,0.017453292519943295,rad,0.32449482591962236,,,,,,F90/CLEAN-Q/SAME/0,0.0
F90/L-P-ONE/B/0,F90,L-P-ONE,Q,B,0,"{""loss"": ""packet-one""}",W,False,complete,False,1.0,1.0,1.0,16.5,3,3,0,0,0,4,0,1,1.0,0.99814039981404,interval_speed,1.0342846405495751,0.10471975511965977,rad/s,9.876690786449345,B.orientation;interval_speed,,,,,F90/CLEAN-Q/SAME/0,0.0
F90/L-P-ONE/SAME/0,F90,L-P-ONE,Q,SAME,0,"{""loss"": ""packet-one""}",W,False,complete,False,1.0,1.0,1.0,16.5,3,3,0,0,4,4,1,1,0.99814039981404,0.99814039981404,interval_speed,1.0342846405495751,0.10471975511965977,rad/s,9.876690786449345,B.orientation;interval_speed,,,,,F90/CLEAN-Q/SAME/0,0.0
F90/L-P-PER/A/0,F90,L-P-PER,Q,A,0,"{""loss"": ""packet-per""}",W,True,complete,True,1.0,1.0,1.0,16.5,3,3,0,0,64,0,16,0,0.9702463970246397,1.0,B.orientation,0.005663503117983247,0.017453292519943295,rad,0.32449482591962236,,,,,,F90/CLEAN-Q/SAME/0,0.0
F90/L-P-PER/B/0,F90,L-P-PER,Q,B,0,"{""loss"": ""packet-per""}",W,False,complete,False,1.0,1.0,1.0,16.5,3,3,0,0,0,64,0,16,1.0,0.9702463970246397,interval_speed,1.0685436946989157,0.10471975511965977,rad/s,10.203840655260572,interval_speed,,,,,F90/CLEAN-Q/SAME/0,0.0
F90/L-P-PER/SAME/0,F90,L-P-PER,Q,SAME,0,"{""loss"": ""packet-per""}",W,False,complete,False,1.0,1.0,1.0,16.5,3,3,0,0,64,64,16,16,0.9702463970246397,0.9702463970246397,interval_speed,1.0685436946989157,0.10471975511965977,rad/s,10.203840655260572,interval_speed,,,,,F90/CLEAN-Q/SAME/0,0.0
F90/L-S-BURST/A/0,F90,L-S-BURST,S,A,0,"{""loss"": ""sample-burst""}",rejection,True,expected_rejection,False,0.0,0.0,,16.5,3,,3,0,7,0,1,0,0.9967456996745699,1.0,,,,,,,,ahrs,ValueError,observed timestamp gap exceeds max_gap_s,F90/CLEAN-S/SAME/0,
F90/L-S-BURST/B/0,F90,L-S-BURST,S,B,0,"{""loss"": ""sample-burst""}",rejection,True,expected_rejection,False,0.0,0.0,,16.5,3,,3,0,0,7,0,1,1.0,0.9967456996745699,A.initialization,2.220446049250313e-16,0.017453292519943295,rad,1.2722218725854067e-14,,,ahrs,ValueError,observed timestamp gap exceeds max_gap_s,F90/CLEAN-S/SAME/0,
F90/L-S-BURST/SAME/0,F90,L-S-BURST,S,SAME,0,"{""loss"": ""sample-burst""}",rejection,True,expected_rejection,False,0.0,0.0,,16.5,3,,3,0,7,7,1,1,0.9967456996745699,0.9967456996745699,,,,,,,,ahrs,ValueError,observed timestamp gap exceeds max_gap_s,F90/CLEAN-S/SAME/0,
F90/L-S-ONE/A/0,F90,L-S-ONE,S,A,0,"{""loss"": ""sample-one""}",W,True,complete,True,1.0,1.0,1.0,16.5,3,3,0,0,1,0,0,0,0.99953509995351,1.0,B.orientation,0.005524664224010412,0.017453292519943295,rad,0.3165399432627146,,,,,,F90/CLEAN-S/SAME/0,0.0
F90/L-S-ONE/B/0,F90,L-S-ONE,S,B,0,"{""loss"": ""sample-one""}",W,False,complete,False,1.0,1.0,1.0,16.5,3,3,0,0,0,1,0,0,1.0,0.99953509995351,interval_speed,1.0447115181184046,0.10471975511965977,rad/s,9.976260132814936,interval_speed,,,,,F90/CLEAN-S/SAME/0,0.0
F90/L-S-ONE/SAME/0,F90,L-S-ONE,S,SAME,0,"{""loss"": ""sample-one""}",W,False,complete,False,1.0,1.0,1.0,16.5,3,3,0,0,1,1,0,0,0.99953509995351,0.99953509995351,interval_speed,1.0447115181184046,0.10471975511965977,rad/s,9.976260132814936,interval_speed,,,,,F90/CLEAN-S/SAME/0,0.0
F90/L-S-PER/A/0,F90,L-S-PER,S,A,0,"{""loss"": ""sample-per""}",W,True,complete,True,1.0,1.0,1.0,16.5,3,3,0,0,16,0,0,0,0.9925615992561599,1.0,B.orientation,0.005524664224010412,0.017453292519943295,rad,0.3165399432627146,,,,,,F90/CLEAN-S/SAME/0,0.0
F90/L-S-PER/B/0,F90,L-S-PER,S,B,0,"{""loss"": ""sample-per""}",W,False,complete,False,1.0,1.0,1.0,16.5,3,3,0,0,0,16,0,0,1.0,0.9925615992561599,interval_speed,1.052820159810848,0.10471975511965977,rad/s,10.05369195724174,interval_speed,,,,,F90/CLEAN-S/SAME/0,0.0
F90/L-S-PER/SAME/0,F90,L-S-PER,S,SAME,0,"{""loss"": ""sample-per""}",W,False,complete,False,1.0,1.0,1.0,16.5,3,3,0,0,16,16,0,0,0.9925615992561599,0.9925615992561599,interval_speed,1.052820159810848,0.10471975511965977,rad/s,10.05369195724174,interval_speed,,,,,F90/CLEAN-S/SAME/0,0.0
F90/M4-C0/SAME/0,F90,M4-C0,E,SAME,0,"{""fixture"": ""C0""}",boundary,True,existing_frozen_fixture,,,,,,,,,,,,,,,,,,,,,,,,,,F90/CLEAN-E/SAME/0,
F90/M4-C1/SAME/0,F90,M4-C1,E,SAME,0,"{""fixture"": ""C1""}",boundary,True,existing_frozen_fixture,,,,,,,,,,,,,,,,,,,,,,,,,,F90/CLEAN-E/SAME/0,
F90/M4-C10/SAME/0,F90,M4-C10,E,SAME,0,"{""fixture"": ""C10""}",boundary,True,existing_frozen_fixture,,,,,,,,,,,,,,,,,,,,,,,,,,F90/CLEAN-E/SAME/0,
F90/M4-C11/SAME/0,F90,M4-C11,E,SAME,0,"{""fixture"": ""C11""}",boundary,True,existing_frozen_fixture,,,,,,,,,,,,,,,,,,,,,,,,,,F90/CLEAN-E/SAME/0,
F90/M4-C12/SAME/0,F90,M4-C12,E,SAME,0,"{""fixture"": ""C12""}",boundary,True,existing_frozen_fixture,,,,,,,,,,,,,,,,,,,,,,,,,,F90/CLEAN-E/SAME/0,
F90/M4-C13/SAME/0,F90,M4-C13,E,SAME,0,"{""fixture"": ""C13""}",boundary,True,existing_frozen_fixture,,,,,,,,,,,,,,,,,,,,,,,,,,F90/CLEAN-E/SAME/0,
F90/M4-C14/SAME/0,F90,M4-C14,E,SAME,0,"{""fixture"": ""C14""}",boundary,True,existing_frozen_fixture,,,,,,,,,,,,,,,,,,,,,,,,,,F90/CLEAN-E/SAME/0,
F90/M4-C15/SAME/0,F90,M4-C15,E,SAME,0,"{""fixture"": ""C15""}",boundary,True,existing_frozen_fixture,,,,,,,,,,,,,,,,,,,,,,,,,,F90/CLEAN-E/SAME/0,
F90/M4-C16/SAME/0,F90,M4-C16,E,SAME,0,"{""fixture"": ""C16""}",boundary,True,existing_frozen_fixture,,,,,,,,,,,,,,,,,,,,,,,,,,F90/CLEAN-E/SAME/0,
F90/M4-C17/SAME/0,F90,M4-C17,E,SAME,0,"{""fixture"": ""C17""}",boundary,True,existing_frozen_fixture,,,,,,,,,,,,,,,,,,,,,,,,,,F90/CLEAN-E/SAME/0,
F90/M4-C18/SAME/0,F90,M4-C18,E,SAME,0,"{""fixture"": ""C18""}",boundary,True,existing_frozen_fixture,,,,,,,,,,,,,,,,,,,,,,,,,,F90/CLEAN-E/SAME/0,
F90/M4-C19/SAME/0,F90,M4-C19,E,SAME,0,"{""fixture"": ""C19""}",boundary,True,existing_frozen_fixture,,,,,,,,,,,,,,,,,,,,,,,,,,F90/CLEAN-E/SAME/0,
F90/M4-C2/SAME/0,F90,M4-C2,E,SAME,0,"{""fixture"": ""C2""}",boundary,True,existing_frozen_fixture,,,,,,,,,,,,,,,,,,,,,,,,,,F90/CLEAN-E/SAME/0,
F90/M4-C20/SAME/0,F90,M4-C20,E,SAME,0,"{""fixture"": ""C20""}",boundary,True,existing_frozen_fixture,,,,,,,,,,,,,,,,,,,,,,,,,,F90/CLEAN-E/SAME/0,
F90/M4-C21/SAME/0,F90,M4-C21,E,SAME,0,"{""fixture"": ""C21""}",boundary,True,existing_frozen_fixture,,,,,,,,,,,,,,,,,,,,,,,,,,F90/CLEAN-E/SAME/0,
F90/M4-C3/SAME/0,F90,M4-C3,E,SAME,0,"{""fixture"": ""C3""}",boundary,True,existing_frozen_fixture,,,,,,,,,,,,,,,,,,,,,,,,,,F90/CLEAN-E/SAME/0,
F90/M4-C4/SAME/0,F90,M4-C4,E,SAME,0,"{""fixture"": ""C4""}",boundary,True,existing_frozen_fixture,,,,,,,,,,,,,,,,,,,,,,,,,,F90/CLEAN-E/SAME/0,
F90/M4-C5/SAME/0,F90,M4-C5,E,SAME,0,"{""fixture"": ""C5""}",boundary,True,existing_frozen_fixture,,,,,,,,,,,,,,,,,,,,,,,,,,F90/CLEAN-E/SAME/0,
F90/M4-C6/SAME/0,F90,M4-C6,E,SAME,0,"{""fixture"": ""C6""}",boundary,True,existing_frozen_fixture,,,,,,,,,,,,,,,,,,,,,,,,,,F90/CLEAN-E/SAME/0,
F90/M4-C7/SAME/0,F90,M4-C7,E,SAME,0,"{""fixture"": ""C7""}",boundary,True,existing_frozen_fixture,,,,,,,,,,,,,,,,,,,,,,,,,,F90/CLEAN-E/SAME/0,
F90/M4-C8/SAME/0,F90,M4-C8,E,SAME,0,"{""fixture"": ""C8""}",boundary,True,existing_frozen_fixture,,,,,,,,,,,,,,,,,,,,,,,,,,F90/CLEAN-E/SAME/0,
F90/M4-C9/SAME/0,F90,M4-C9,E,SAME,0,"{""fixture"": ""C9""}",boundary,True,existing_frozen_fixture,,,,,,,,,,,,,,,,,,,,,,,,,,F90/CLEAN-E/SAME/0,
F90/M4-P0/SAME/0,F90,M4-P0,E,SAME,0,"{""fixture"": ""P0""}",boundary,True,existing_frozen_fixture,,,,,,,,,,,,,,,,,,,,,,,,,,F90/CLEAN-E/SAME/0,
F90/M4-P1/SAME/0,F90,M4-P1,E,SAME,0,"{""fixture"": ""P1""}",boundary,True,existing_frozen_fixture,,,,,,,,,,,,,,,,,,,,,,,,,,F90/CLEAN-E/SAME/0,
F90/M4-P10/SAME/0,F90,M4-P10,E,SAME,0,"{""fixture"": ""P10""}",boundary,True,existing_frozen_fixture,,,,,,,,,,,,,,,,,,,,,,,,,,F90/CLEAN-E/SAME/0,
F90/M4-P2/SAME/0,F90,M4-P2,E,SAME,0,"{""fixture"": ""P2""}",boundary,True,existing_frozen_fixture,,,,,,,,,,,,,,,,,,,,,,,,,,F90/CLEAN-E/SAME/0,
F90/M4-P3/SAME/0,F90,M4-P3,E,SAME,0,"{""fixture"": ""P3""}",boundary,True,existing_frozen_fixture,,,,,,,,,,,,,,,,,,,,,,,,,,F90/CLEAN-E/SAME/0,
F90/M4-P4/SAME/0,F90,M4-P4,E,SAME,0,"{""fixture"": ""P4""}",boundary,True,existing_frozen_fixture,,,,,,,,,,,,,,,,,,,,,,,,,,F90/CLEAN-E/SAME/0,
F90/M4-P5/SAME/0,F90,M4-P5,E,SAME,0,"{""fixture"": ""P5""}",boundary,True,existing_frozen_fixture,,,,,,,,,,,,,,,,,,,,,,,,,,F90/CLEAN-E/SAME/0,
F90/M4-P6/SAME/0,F90,M4-P6,E,SAME,0,"{""fixture"": ""P6""}",boundary,True,existing_frozen_fixture,,,,,,,,,,,,,,,,,,,,,,,,,,F90/CLEAN-E/SAME/0,
F90/M4-P7/SAME/0,F90,M4-P7,E,SAME,0,"{""fixture"": ""P7""}",boundary,True,existing_frozen_fixture,,,,,,,,,,,,,,,,,,,,,,,,,,F90/CLEAN-E/SAME/0,
F90/M4-P8/SAME/0,F90,M4-P8,E,SAME,0,"{""fixture"": ""P8""}",boundary,True,existing_frozen_fixture,,,,,,,,,,,,,,,,,,,,,,,,,,F90/CLEAN-E/SAME/0,
F90/M4-P9/SAME/0,F90,M4-P9,E,SAME,0,"{""fixture"": ""P9""}",boundary,True,existing_frozen_fixture,,,,,,,,,,,,,,,,,,,,,,,,,,F90/CLEAN-E/SAME/0,
F90/M4-T0/SAME/0,F90,M4-T0,E,SAME,0,"{""fixture"": ""T0""}",boundary,True,existing_frozen_fixture,,,,,,,,,,,,,,,,,,,,,,,,,,F90/CLEAN-E/SAME/0,
F90/M4-T1/SAME/0,F90,M4-T1,E,SAME,0,"{""fixture"": ""T1""}",boundary,True,existing_frozen_fixture,,,,,,,,,,,,,,,,,,,,,,,,,,F90/CLEAN-E/SAME/0,
F90/M4-T10/SAME/0,F90,M4-T10,E,SAME,0,"{""fixture"": ""T10""}",boundary,True,existing_frozen_fixture,,,,,,,,,,,,,,,,,,,,,,,,,,F90/CLEAN-E/SAME/0,
F90/M4-T11/SAME/0,F90,M4-T11,E,SAME,0,"{""fixture"": ""T11""}",boundary,True,existing_frozen_fixture,,,,,,,,,,,,,,,,,,,,,,,,,,F90/CLEAN-E/SAME/0,
F90/M4-T12/SAME/0,F90,M4-T12,E,SAME,0,"{""fixture"": ""T12""}",boundary,True,existing_frozen_fixture,,,,,,,,,,,,,,,,,,,,,,,,,,F90/CLEAN-E/SAME/0,
F90/M4-T13/SAME/0,F90,M4-T13,E,SAME,0,"{""fixture"": ""T13""}",boundary,True,existing_frozen_fixture,,,,,,,,,,,,,,,,,,,,,,,,,,F90/CLEAN-E/SAME/0,
F90/M4-T14/SAME/0,F90,M4-T14,E,SAME,0,"{""fixture"": ""T14""}",boundary,True,existing_frozen_fixture,,,,,,,,,,,,,,,,,,,,,,,,,,F90/CLEAN-E/SAME/0,
F90/M4-T15/SAME/0,F90,M4-T15,E,SAME,0,"{""fixture"": ""T15""}",boundary,True,existing_frozen_fixture,,,,,,,,,,,,,,,,,,,,,,,,,,F90/CLEAN-E/SAME/0,
F90/M4-T2/SAME/0,F90,M4-T2,E,SAME,0,"{""fixture"": ""T2""}",boundary,True,existing_frozen_fixture,,,,,,,,,,,,,,,,,,,,,,,,,,F90/CLEAN-E/SAME/0,
F90/M4-T3/SAME/0,F90,M4-T3,E,SAME,0,"{""fixture"": ""T3""}",boundary,True,existing_frozen_fixture,,,,,,,,,,,,,,,,,,,,,,,,,,F90/CLEAN-E/SAME/0,
F90/M4-T4/SAME/0,F90,M4-T4,E,SAME,0,"{""fixture"": ""T4""}",boundary,True,existing_frozen_fixture,,,,,,,,,,,,,,,,,,,,,,,,,,F90/CLEAN-E/SAME/0,
F90/M4-T5/SAME/0,F90,M4-T5,E,SAME,0,"{""fixture"": ""T5""}",boundary,True,existing_frozen_fixture,,,,,,,,,,,,,,,,,,,,,,,,,,F90/CLEAN-E/SAME/0,
F90/M4-T6/SAME/0,F90,M4-T6,E,SAME,0,"{""fixture"": ""T6""}",boundary,True,existing_frozen_fixture,,,,,,,,,,,,,,,,,,,,,,,,,,F90/CLEAN-E/SAME/0,
F90/M4-T7/SAME/0,F90,M4-T7,E,SAME,0,"{""fixture"": ""T7""}",boundary,True,existing_frozen_fixture,,,,,,,,,,,,,,,,,,,,,,,,,,F90/CLEAN-E/SAME/0,
F90/M4-T8/SAME/0,F90,M4-T8,E,SAME,0,"{""fixture"": ""T8""}",boundary,True,existing_frozen_fixture,,,,,,,,,,,,,,,,,,,,,,,,,,F90/CLEAN-E/SAME/0,
F90/M4-T9/SAME/0,F90,M4-T9,E,SAME,0,"{""fixture"": ""T9""}",boundary,True,existing_frozen_fixture,,,,,,,,,,,,,,,,,,,,,,,,,,F90/CLEAN-E/SAME/0,
F90/M4-U0/SAME/0,F90,M4-U0,E,SAME,0,"{""fixture"": ""U0""}",boundary,True,existing_frozen_fixture,,,,,,,,,,,,,,,,,,,,,,,,,,F90/CLEAN-E/SAME/0,
F90/M4-U1/SAME/0,F90,M4-U1,E,SAME,0,"{""fixture"": ""U1""}",boundary,True,existing_frozen_fixture,,,,,,,,,,,,,,,,,,,,,,,,,,F90/CLEAN-E/SAME/0,
F90/M4-U10/SAME/0,F90,M4-U10,E,SAME,0,"{""fixture"": ""U10""}",boundary,True,existing_frozen_fixture,,,,,,,,,,,,,,,,,,,,,,,,,,F90/CLEAN-E/SAME/0,
F90/M4-U2/SAME/0,F90,M4-U2,E,SAME,0,"{""fixture"": ""U2""}",boundary,True,existing_frozen_fixture,,,,,,,,,,,,,,,,,,,,,,,,,,F90/CLEAN-E/SAME/0,
F90/M4-U3/SAME/0,F90,M4-U3,E,SAME,0,"{""fixture"": ""U3""}",boundary,True,existing_frozen_fixture,,,,,,,,,,,,,,,,,,,,,,,,,,F90/CLEAN-E/SAME/0,
F90/M4-U4/SAME/0,F90,M4-U4,E,SAME,0,"{""fixture"": ""U4""}",boundary,True,existing_frozen_fixture,,,,,,,,,,,,,,,,,,,,,,,,,,F90/CLEAN-E/SAME/0,
F90/M4-U5/SAME/0,F90,M4-U5,E,SAME,0,"{""fixture"": ""U5""}",boundary,True,existing_frozen_fixture,,,,,,,,,,,,,,,,,,,,,,,,,,F90/CLEAN-E/SAME/0,
F90/M4-U6/SAME/0,F90,M4-U6,E,SAME,0,"{""fixture"": ""U6""}",boundary,True,existing_frozen_fixture,,,,,,,,,,,,,,,,,,,,,,,,,,F90/CLEAN-E/SAME/0,
F90/M4-U7/SAME/0,F90,M4-U7,E,SAME,0,"{""fixture"": ""U7""}",boundary,True,existing_frozen_fixture,,,,,,,,,,,,,,,,,,,,,,,,,,F90/CLEAN-E/SAME/0,
F90/M4-U8/SAME/0,F90,M4-U8,E,SAME,0,"{""fixture"": ""U8""}",boundary,True,existing_frozen_fixture,,,,,,,,,,,,,,,,,,,,,,,,,,F90/CLEAN-E/SAME/0,
F90/M4-U9/SAME/0,F90,M4-U9,E,SAME,0,"{""fixture"": ""U9""}",boundary,True,existing_frozen_fixture,,,,,,,,,,,,,,,,,,,,,,,,,,F90/CLEAN-E/SAME/0,
F90/N-A-H/A/1103,F90,N-A-H,S,A,1103,"{""accel_sigma"": 0.02}",W,True,complete,True,1.0,1.0,1.0,16.5,3,3,0,0,0,0,0,0,1.0,1.0,B.orientation,0.005524664224010412,0.017453292519943295,rad,0.3165399432627146,,,,,,F90/CLEAN-S/SAME/0,0.0
F90/N-A-H/A/2207,F90,N-A-H,S,A,2207,"{""accel_sigma"": 0.02}",W,True,complete,True,1.0,1.0,1.0,16.5,3,3,0,0,0,0,0,0,1.0,1.0,B.orientation,0.005524664224010412,0.017453292519943295,rad,0.3165399432627146,,,,,,F90/CLEAN-S/SAME/0,0.0
F90/N-A-H/A/3301,F90,N-A-H,S,A,3301,"{""accel_sigma"": 0.02}",W,True,complete,True,1.0,1.0,1.0,16.5,3,3,0,0,0,0,0,0,1.0,1.0,B.orientation,0.005524664224010412,0.017453292519943295,rad,0.3165399432627146,,,,,,F90/CLEAN-S/SAME/0,0.0
F90/N-A-H/A/4409,F90,N-A-H,S,A,4409,"{""accel_sigma"": 0.02}",W,True,complete,True,1.0,1.0,1.0,16.5,3,3,0,0,0,0,0,0,1.0,1.0,B.orientation,0.005524664224010412,0.017453292519943295,rad,0.3165399432627146,,,,,,F90/CLEAN-S/SAME/0,0.0
F90/N-A-H/A/5519,F90,N-A-H,S,A,5519,"{""accel_sigma"": 0.02}",W,True,complete,True,1.0,1.0,1.0,16.5,3,3,0,0,0,0,0,0,1.0,1.0,B.orientation,0.005524664224010412,0.017453292519943295,rad,0.3165399432627146,,,,,,F90/CLEAN-S/SAME/0,0.0
F90/N-A-H/B/1103,F90,N-A-H,S,B,1103,"{""accel_sigma"": 0.02}",W,True,complete,True,1.0,1.0,1.0,16.5,3,3,0,0,0,0,0,0,1.0,1.0,B.orientation,0.005448400477612565,0.017453292519943295,rad,0.31217035246426195,,,,,,F90/CLEAN-S/SAME/0,0.0
F90/N-A-H/B/2207,F90,N-A-H,S,B,2207,"{""accel_sigma"": 0.02}",W,True,complete,True,1.0,1.0,1.0,16.5,3,3,0,0,0,0,0,0,1.0,1.0,B.orientation,0.005674727535884275,0.017453292519943295,rad,0.3251379376928424,,,,,,F90/CLEAN-S/SAME/0,0.0
F90/N-A-H/B/3301,F90,N-A-H,S,B,3301,"{""accel_sigma"": 0.02}",W,True,complete,True,1.0,1.0,1.0,16.5,3,3,0,0,0,0,0,0,1.0,1.0,B.orientation,0.00551858746751959,0.017453292519943295,rad,0.3161917707626618,,,,,,F90/CLEAN-S/SAME/0,0.0
F90/N-A-H/B/4409,F90,N-A-H,S,B,4409,"{""accel_sigma"": 0.02}",W,True,complete,True,1.0,1.0,1.0,16.5,3,3,0,0,0,0,0,0,1.0,1.0,B.orientation,0.005549550867080131,0.017453292519943295,rad,0.31796584287685803,,,,,,F90/CLEAN-S/SAME/0,0.0
F90/N-A-H/B/5519,F90,N-A-H,S,B,5519,"{""accel_sigma"": 0.02}",W,True,complete,True,1.0,1.0,1.0,16.5,3,3,0,0,0,0,0,0,1.0,1.0,B.orientation,0.0056250981059057644,0.017453292519943295,rad,0.32229438081543366,,,,,,F90/CLEAN-S/SAME/0,0.0
F90/N-A-H/SAME/1103,F90,N-A-H,S,SAME,1103,"{""accel_sigma"": 0.02}",W,True,complete,True,1.0,1.0,1.0,16.5,3,3,0,0,0,0,0,0,1.0,1.0,B.orientation,0.005448400477612565,0.017453292519943295,rad,0.31217035246426195,,,,,,F90/CLEAN-S/SAME/0,0.0
F90/N-A-H/SAME/2207,F90,N-A-H,S,SAME,2207,"{""accel_sigma"": 0.02}",W,True,complete,True,1.0,1.0,1.0,16.5,3,3,0,0,0,0,0,0,1.0,1.0,B.orientation,0.005674727535884275,0.017453292519943295,rad,0.3251379376928424,,,,,,F90/CLEAN-S/SAME/0,0.0
F90/N-A-H/SAME/3301,F90,N-A-H,S,SAME,3301,"{""accel_sigma"": 0.02}",W,True,complete,True,1.0,1.0,1.0,16.5,3,3,0,0,0,0,0,0,1.0,1.0,B.orientation,0.00551858746751959,0.017453292519943295,rad,0.3161917707626618,,,,,,F90/CLEAN-S/SAME/0,0.0
F90/N-A-H/SAME/4409,F90,N-A-H,S,SAME,4409,"{""accel_sigma"": 0.02}",W,True,complete,True,1.0,1.0,1.0,16.5,3,3,0,0,0,0,0,0,1.0,1.0,B.orientation,0.005549550867080131,0.017453292519943295,rad,0.31796584287685803,,,,,,F90/CLEAN-S/SAME/0,0.0
F90/N-A-H/SAME/5519,F90,N-A-H,S,SAME,5519,"{""accel_sigma"": 0.02}",W,True,complete,True,1.0,1.0,1.0,16.5,3,3,0,0,0,0,0,0,1.0,1.0,B.orientation,0.0056250981059057644,0.017453292519943295,rad,0.32229438081543366,,,,,,F90/CLEAN-S/SAME/0,0.0
F90/N-A-L/A/1103,F90,N-A-L,S,A,1103,"{""accel_sigma"": 0.005}",W,True,complete,True,1.0,1.0,1.0,16.5,3,3,0,0,0,0,0,0,1.0,1.0,B.orientation,0.005524664224010412,0.017453292519943295,rad,0.3165399432627146,,,,,,F90/CLEAN-S/SAME/0,0.0
F90/N-A-L/A/2207,F90,N-A-L,S,A,2207,"{""accel_sigma"": 0.005}",W,True,complete,True,1.0,1.0,1.0,16.5,3,3,0,0,0,0,0,0,1.0,1.0,B.orientation,0.005524664224010412,0.017453292519943295,rad,0.3165399432627146,,,,,,F90/CLEAN-S/SAME/0,0.0
F90/N-A-L/A/3301,F90,N-A-L,S,A,3301,"{""accel_sigma"": 0.005}",W,True,complete,True,1.0,1.0,1.0,16.5,3,3,0,0,0,0,0,0,1.0,1.0,B.orientation,0.005524664224010412,0.017453292519943295,rad,0.3165399432627146,,,,,,F90/CLEAN-S/SAME/0,0.0
F90/N-A-L/A/4409,F90,N-A-L,S,A,4409,"{""accel_sigma"": 0.005}",W,True,complete,True,1.0,1.0,1.0,16.5,3,3,0,0,0,0,0,0,1.0,1.0,B.orientation,0.005524664224010412,0.017453292519943295,rad,0.3165399432627146,,,,,,F90/CLEAN-S/SAME/0,0.0
F90/N-A-L/A/5519,F90,N-A-L,S,A,5519,"{""accel_sigma"": 0.005}",W,True,complete,True,1.0,1.0,1.0,16.5,3,3,0,0,0,0,0,0,1.0,1.0,B.orientation,0.005524664224010412,0.017453292519943295,rad,0.3165399432627146,,,,,,F90/CLEAN-S/SAME/0,0.0
F90/N-A-L/B/1103,F90,N-A-L,S,B,1103,"{""accel_sigma"": 0.005}",W,True,complete,True,1.0,1.0,1.0,16.5,3,3,0,0,0,0,0,0,1.0,1.0,B.orientation,0.005505495129243056,0.017453292519943295,rad,0.3154416350354588,,,,,,F90/CLEAN-S/SAME/0,0.0
F90/N-A-L/B/2207,F90,N-A-L,S,B,2207,"{""accel_sigma"": 0.005}",W,True,complete,True,1.0,1.0,1.0,16.5,3,3,0,0,0,0,0,0,1.0,1.0,B.orientation,0.0055619606072342615,0.017453292519943295,rad,0.3186768686125437,,,,,,F90/CLEAN-S/SAME/0,0.0
F90/N-A-L/B/3301,F90,N-A-L,S,B,3301,"{""accel_sigma"": 0.005}",W,True,complete,True,1.0,1.0,1.0,16.5,3,3,0,0,0,0,0,0,1.0,1.0,B.orientation,0.0055225251440905575,0.017453292519943295,rad,0.31641738301126576,,,,,,F90/CLEAN-S/SAME/0,0.0
F90/N-A-L/B/4409,F90,N-A-L,S,B,4409,"{""accel_sigma"": 0.005}",W,True,complete,True,1.0,1.0,1.0,16.5,3,3,0,0,0,0,0,0,1.0,1.0,B.orientation,0.005530798872679452,0.017453292519943295,rad,0.31689143274024617,,,,,,F90/CLEAN-S/SAME/0,0.0
F90/N-A-L/B/5519,F90,N-A-L,S,B,5519,"{""accel_sigma"": 0.005}",W,True,complete,True,1.0,1.0,1.0,16.5,3,3,0,0,0,0,0,0,1.0,1.0,B.orientation,0.005549182912324499,0.017453292519943295,rad,0.31794476062230853,,,,,,F90/CLEAN-S/SAME/0,0.0
F90/N-A-L/SAME/1103,F90,N-A-L,S,SAME,1103,"{""accel_sigma"": 0.005}",W,True,complete,True,1.0,1.0,1.0,16.5,3,3,0,0,0,0,0,0,1.0,1.0,B.orientation,0.005505495129243056,0.017453292519943295,rad,0.3154416350354588,,,,,,F90/CLEAN-S/SAME/0,0.0
F90/N-A-L/SAME/2207,F90,N-A-L,S,SAME,2207,"{""accel_sigma"": 0.005}",W,True,complete,True,1.0,1.0,1.0,16.5,3,3,0,0,0,0,0,0,1.0,1.0,B.orientation,0.0055619606072342615,0.017453292519943295,rad,0.3186768686125437,,,,,,F90/CLEAN-S/SAME/0,0.0
F90/N-A-L/SAME/3301,F90,N-A-L,S,SAME,3301,"{""accel_sigma"": 0.005}",W,True,complete,True,1.0,1.0,1.0,16.5,3,3,0,0,0,0,0,0,1.0,1.0,B.orientation,0.0055225251440905575,0.017453292519943295,rad,0.31641738301126576,,,,,,F90/CLEAN-S/SAME/0,0.0
F90/N-A-L/SAME/4409,F90,N-A-L,S,SAME,4409,"{""accel_sigma"": 0.005}",W,True,complete,True,1.0,1.0,1.0,16.5,3,3,0,0,0,0,0,0,1.0,1.0,B.orientation,0.005530798872679452,0.017453292519943295,rad,0.31689143274024617,,,,,,F90/CLEAN-S/SAME/0,0.0
F90/N-A-L/SAME/5519,F90,N-A-L,S,SAME,5519,"{""accel_sigma"": 0.005}",W,True,complete,True,1.0,1.0,1.0,16.5,3,3,0,0,0,0,0,0,1.0,1.0,B.orientation,0.005549182912324499,0.017453292519943295,rad,0.31794476062230853,,,,,,F90/CLEAN-S/SAME/0,0.0
F90/N-A-X/A/1103,F90,N-A-X,S,A,1103,"{""accel_sigma"": 0.2}",stress,True,stress_completed,True,1.0,1.0,1.0,16.5,3,3,0,0,0,0,0,0,1.0,1.0,interval_speed,0.04120399025045596,0.10471975511965977,rad/s,0.3934691234082197,,,,,,F90/CLEAN-S/SAME/0,0.0
F90/N-A-X/A/2207,F90,N-A-X,S,A,2207,"{""accel_sigma"": 0.2}",stress,True,stress_completed,True,1.0,1.0,1.0,16.5,3,3,0,0,0,0,0,0,1.0,1.0,interval_speed,0.05032330665601292,0.10471975511965977,rad/s,0.48055218042202413,,,,,,F90/CLEAN-S/SAME/0,0.0
F90/N-A-X/A/3301,F90,N-A-X,S,A,3301,"{""accel_sigma"": 0.2}",stress,True,stress_completed,True,1.0,1.0,1.0,16.5,3,3,0,0,0,0,0,0,1.0,1.0,interval_speed,0.03861281591844705,0.10471975511965977,rad/s,0.36872523120709627,,,,,,F90/CLEAN-S/SAME/0,0.0
F90/N-A-X/A/4409,F90,N-A-X,S,A,4409,"{""accel_sigma"": 0.2}",stress,True,stress_completed,True,1.0,1.0,1.0,16.5,3,3,0,0,0,0,0,0,1.0,1.0,interval_speed,0.04098279751107247,0.10471975511965977,rad/s,0.39135688833728455,,,,,,F90/CLEAN-S/SAME/0,0.0
F90/N-A-X/A/5519,F90,N-A-X,S,A,5519,"{""accel_sigma"": 0.2}",stress,True,stress_completed,True,1.0,1.0,1.0,16.5,3,3,0,0,0,0,0,0,1.0,1.0,F90:rep-1.hold_speed_max_rads,0.039587913738437286,0.10471975511965977,rad/s,0.3780367294900709,,,,,,F90/CLEAN-S/SAME/0,0.0
F90/N-A-X/B/1103,F90,N-A-X,S,B,1103,"{""accel_sigma"": 0.2}",stress,True,stress_completed,True,1.0,1.0,1.0,16.5,3,3,0,0,0,0,0,0,1.0,1.0,F90:rep-3.hold_speed_max_rads,0.04292096709290629,0.10471975511965977,rad/s,0.4098650445072368,,,,,,F90/CLEAN-S/SAME/0,0.0
F90/N-A-X/B/2207,F90,N-A-X,S,B,2207,"{""accel_sigma"": 0.2}",stress,True,stress_completed,True,1.0,1.0,1.0,16.5,3,3,0,0,0,0,0,0,1.0,1.0,B.orientation,0.007284587504207346,0.017453292519943295,rad,0.41737611948481873,,,,,,F90/CLEAN-S/SAME/0,0.0
F90/N-A-X/B/3301,F90,N-A-X,S,B,3301,"{""accel_sigma"": 0.2}",stress,True,stress_completed,True,1.0,1.0,1.0,16.5,3,3,0,0,0,0,0,0,1.0,1.0,interval_speed,0.038264167915189384,0.10471975511965977,rad/s,0.36539588802004164,,,,,,F90/CLEAN-S/SAME/0,0.0
F90/N-A-X/B/4409,F90,N-A-X,S,B,4409,"{""accel_sigma"": 0.2}",stress,True,stress_completed,True,1.0,1.0,1.0,16.5,3,3,0,0,0,0,0,0,1.0,1.0,interval_speed,0.03895611170247104,0.10471975511965977,rad/s,0.3720034644652978,,,,,,F90/CLEAN-S/SAME/0,0.0
F90/N-A-X/B/5519,F90,N-A-X,S,B,5519,"{""accel_sigma"": 0.2}",stress,True,stress_completed,True,1.0,1.0,1.0,16.5,3,3,0,0,0,0,0,0,1.0,1.0,B.orientation,0.006769831845534905,0.017453292519943295,rad,0.38788279276241105,,,,,,F90/CLEAN-S/SAME/0,0.0
F90/N-A-X/SAME/1103,F90,N-A-X,S,SAME,1103,"{""accel_sigma"": 0.2}",stress,True,stress_completed,True,1.0,1.0,1.0,16.5,3,3,0,0,0,0,0,0,1.0,1.0,interval_speed,0.058425170087469724,0.10471975511965977,rad/s,0.557919277224333,,,,,,F90/CLEAN-S/SAME/0,0.0
F90/N-A-X/SAME/2207,F90,N-A-X,S,SAME,2207,"{""accel_sigma"": 0.2}",stress,True,stress_completed,True,1.0,1.0,1.0,16.5,3,3,0,0,0,0,0,0,1.0,1.0,interval_speed,0.05565924379535403,0.10471975511965977,rad/s,0.53150662672725,,,,,,F90/CLEAN-S/SAME/0,0.0
F90/N-A-X/SAME/3301,F90,N-A-X,S,SAME,3301,"{""accel_sigma"": 0.2}",stress,True,stress_completed,True,1.0,1.0,1.0,16.5,3,3,0,0,0,0,0,0,1.0,1.0,interval_speed,0.056181847381965966,0.10471975511965977,rad/s,0.5364971233724606,,,,,,F90/CLEAN-S/SAME/0,0.0
F90/N-A-X/SAME/4409,F90,N-A-X,S,SAME,4409,"{""accel_sigma"": 0.2}",stress,True,stress_completed,True,1.0,1.0,1.0,16.5,3,3,0,0,0,0,0,0,1.0,1.0,interval_speed,0.053738092623997424,0.10471975511965977,rad/s,0.5131609844063587,,,,,,F90/CLEAN-S/SAME/0,0.0
F90/N-A-X/SAME/5519,F90,N-A-X,S,SAME,5519,"{""accel_sigma"": 0.2}",stress,True,stress_completed,True,1.0,1.0,1.0,16.5,3,3,0,0,0,0,0,0,1.0,1.0,F90:rep-1.hold_speed_max_rads,0.051129858842662086,0.10471975511965977,rad/s,0.48825418646403157,,,,,,F90/CLEAN-S/SAME/0,0.0
F90/N-G-H/A/1103,F90,N-G-H,S,A,1103,"{""gyro_sigma"": 0.005}",W,True,complete,True,1.0,1.0,1.0,16.5,3,3,0,0,0,0,0,0,1.0,1.0,B.orientation,0.005524664224010412,0.017453292519943295,rad,0.3165399432627146,,,,,,F90/CLEAN-S/SAME/0,0.0
F90/N-G-H/A/2207,F90,N-G-H,S,A,2207,"{""gyro_sigma"": 0.005}",W,True,complete,True,1.0,1.0,1.0,16.5,3,3,0,0,0,0,0,0,1.0,1.0,B.orientation,0.005524664224010412,0.017453292519943295,rad,0.3165399432627146,,,,,,F90/CLEAN-S/SAME/0,0.0
F90/N-G-H/A/3301,F90,N-G-H,S,A,3301,"{""gyro_sigma"": 0.005}",W,True,complete,True,1.0,1.0,1.0,16.5,3,3,0,0,0,0,0,0,1.0,1.0,B.orientation,0.005524664224010412,0.017453292519943295,rad,0.3165399432627146,,,,,,F90/CLEAN-S/SAME/0,0.0
F90/N-G-H/A/4409,F90,N-G-H,S,A,4409,"{""gyro_sigma"": 0.005}",W,True,complete,True,1.0,1.0,1.0,16.5,3,3,0,0,0,0,0,0,1.0,1.0,B.orientation,0.005524664224010412,0.017453292519943295,rad,0.3165399432627146,,,,,,F90/CLEAN-S/SAME/0,0.0
F90/N-G-H/A/5519,F90,N-G-H,S,A,5519,"{""gyro_sigma"": 0.005}",W,True,complete,True,1.0,1.0,1.0,16.5,3,3,0,0,0,0,0,0,1.0,1.0,B.orientation,0.005524664224010412,0.017453292519943295,rad,0.3165399432627146,,,,,,F90/CLEAN-S/SAME/0,0.0
F90/N-G-H/B/1103,F90,N-G-H,S,B,1103,"{""gyro_sigma"": 0.005}",W,True,complete,True,1.0,1.0,1.0,16.5,3,3,0,0,0,0,0,0,1.0,1.0,B.orientation,0.006006613545418814,0.017453292519943295,rad,0.34415360531861006,,,,,,F90/CLEAN-S/SAME/0,0.0
F90/N-G-H/B/2207,F90,N-G-H,S,B,2207,"{""gyro_sigma"": 0.005}",W,True,complete,True,1.0,1.0,1.0,16.5,3,3,0,0,0,0,0,0,1.0,1.0,B.orientation,0.00591562514285067,0.017453292519943295,rad,0.33894035386681814,,,,,,F90/CLEAN-S/SAME/0,0.0
F90/N-G-H/B/3301,F90,N-G-H,S,B,3301,"{""gyro_sigma"": 0.005}",W,True,complete,True,1.0,1.0,1.0,16.5,3,3,0,0,0,0,0,0,1.0,1.0,B.orientation,0.006340271009039742,0.017453292519943295,rad,0.363270769787129,,,,,,F90/CLEAN-S/SAME/0,0.0
F90/N-G-H/B/4409,F90,N-G-H,S,B,4409,"{""gyro_sigma"": 0.005}",W,True,complete,True,1.0,1.0,1.0,16.5,3,3,0,0,0,0,0,0,1.0,1.0,B.orientation,0.005336482084223413,0.017453292519943295,rad,0.30575790087317867,,,,,,F90/CLEAN-S/SAME/0,0.0
F90/N-G-H/B/5519,F90,N-G-H,S,B,5519,"{""gyro_sigma"": 0.005}",W,True,complete,True,1.0,1.0,1.0,16.5,3,3,0,0,0,0,0,0,1.0,1.0,B.orientation,0.0053964765266111105,0.017453292519943295,rad,0.3091953292162345,,,,,,F90/CLEAN-S/SAME/0,0.0
F90/N-G-H/SAME/1103,F90,N-G-H,S,SAME,1103,"{""gyro_sigma"": 0.005}",W,True,complete,True,1.0,1.0,1.0,16.5,3,3,0,0,0,0,0,0,1.0,1.0,B.orientation,0.006006613545418814,0.017453292519943295,rad,0.34415360531861006,,,,,,F90/CLEAN-S/SAME/0,0.0
F90/N-G-H/SAME/2207,F90,N-G-H,S,SAME,2207,"{""gyro_sigma"": 0.005}",W,True,complete,True,1.0,1.0,1.0,16.5,3,3,0,0,0,0,0,0,1.0,1.0,B.orientation,0.00591562514285067,0.017453292519943295,rad,0.33894035386681814,,,,,,F90/CLEAN-S/SAME/0,0.0
F90/N-G-H/SAME/3301,F90,N-G-H,S,SAME,3301,"{""gyro_sigma"": 0.005}",W,True,complete,True,1.0,1.0,1.0,16.5,3,3,0,0,0,0,0,0,1.0,1.0,B.orientation,0.006340271009039742,0.017453292519943295,rad,0.363270769787129,,,,,,F90/CLEAN-S/SAME/0,0.0
F90/N-G-H/SAME/4409,F90,N-G-H,S,SAME,4409,"{""gyro_sigma"": 0.005}",W,True,complete,True,1.0,1.0,1.0,16.5,3,3,0,0,0,0,0,0,1.0,1.0,B.orientation,0.005336482084223413,0.017453292519943295,rad,0.30575790087317867,,,,,,F90/CLEAN-S/SAME/0,0.0
F90/N-G-H/SAME/5519,F90,N-G-H,S,SAME,5519,"{""gyro_sigma"": 0.005}",W,True,complete,True,1.0,1.0,1.0,16.5,3,3,0,0,0,0,0,0,1.0,1.0,B.orientation,0.0053964765266111105,0.017453292519943295,rad,0.3091953292162345,,,,,,F90/CLEAN-S/SAME/0,0.0
F90/N-G-L/A/1103,F90,N-G-L,S,A,1103,"{""gyro_sigma"": 0.001}",W,True,complete,True,1.0,1.0,1.0,16.5,3,3,0,0,0,0,0,0,1.0,1.0,B.orientation,0.005524664224010412,0.017453292519943295,rad,0.3165399432627146,,,,,,F90/CLEAN-S/SAME/0,0.0
F90/N-G-L/A/2207,F90,N-G-L,S,A,2207,"{""gyro_sigma"": 0.001}",W,True,complete,True,1.0,1.0,1.0,16.5,3,3,0,0,0,0,0,0,1.0,1.0,B.orientation,0.005524664224010412,0.017453292519943295,rad,0.3165399432627146,,,,,,F90/CLEAN-S/SAME/0,0.0
F90/N-G-L/A/3301,F90,N-G-L,S,A,3301,"{""gyro_sigma"": 0.001}",W,True,complete,True,1.0,1.0,1.0,16.5,3,3,0,0,0,0,0,0,1.0,1.0,B.orientation,0.005524664224010412,0.017453292519943295,rad,0.3165399432627146,,,,,,F90/CLEAN-S/SAME/0,0.0
F90/N-G-L/A/4409,F90,N-G-L,S,A,4409,"{""gyro_sigma"": 0.001}",W,True,complete,True,1.0,1.0,1.0,16.5,3,3,0,0,0,0,0,0,1.0,1.0,B.orientation,0.005524664224010412,0.017453292519943295,rad,0.3165399432627146,,,,,,F90/CLEAN-S/SAME/0,0.0
F90/N-G-L/A/5519,F90,N-G-L,S,A,5519,"{""gyro_sigma"": 0.001}",W,True,complete,True,1.0,1.0,1.0,16.5,3,3,0,0,0,0,0,0,1.0,1.0,B.orientation,0.005524664224010412,0.017453292519943295,rad,0.3165399432627146,,,,,,F90/CLEAN-S/SAME/0,0.0
F90/N-G-L/B/1103,F90,N-G-L,S,B,1103,"{""gyro_sigma"": 0.001}",W,True,complete,True,1.0,1.0,1.0,16.5,3,3,0,0,0,0,0,0,1.0,1.0,B.orientation,0.005460374011151463,0.017453292519943295,rad,0.31285638540189914,,,,,,F90/CLEAN-S/SAME/0,0.0
F90/N-G-L/B/2207,F90,N-G-L,S,B,2207,"{""gyro_sigma"": 0.001}",W,True,complete,True,1.0,1.0,1.0,16.5,3,3,0,0,0,0,0,0,1.0,1.0,B.orientation,0.0055842611132922906,0.017453292519943295,rad,0.3199545934906747,,,,,,F90/CLEAN-S/SAME/0,0.0
F90/N-G-L/B/3301,F90,N-G-L,S,B,3301,"{""gyro_sigma"": 0.001}",W,True,complete,True,1.0,1.0,1.0,16.5,3,3,0,0,0,0,0,0,1.0,1.0,B.orientation,0.005505552984249787,0.017453292519943295,rad,0.3154449498831682,,,,,,F90/CLEAN-S/SAME/0,0.0
F90/N-G-L/B/4409,F90,N-G-L,S,B,4409,"{""gyro_sigma"": 0.001}",W,True,complete,True,1.0,1.0,1.0,16.5,3,3,0,0,0,0,0,0,1.0,1.0,B.orientation,0.0054462009293028794,0.017453292519943295,rad,0.3120443276292818,,,,,,F90/CLEAN-S/SAME/0,0.0
F90/N-G-L/B/5519,F90,N-G-L,S,B,5519,"{""gyro_sigma"": 0.001}",W,True,complete,True,1.0,1.0,1.0,16.5,3,3,0,0,0,0,0,0,1.0,1.0,B.orientation,0.005496112254108425,0.017453292519943295,rad,0.3149040358905462,,,,,,F90/CLEAN-S/SAME/0,0.0
F90/N-G-L/SAME/1103,F90,N-G-L,S,SAME,1103,"{""gyro_sigma"": 0.001}",W,True,complete,True,1.0,1.0,1.0,16.5,3,3,0,0,0,0,0,0,1.0,1.0,B.orientation,0.005460374011151463,0.017453292519943295,rad,0.31285638540189914,,,,,,F90/CLEAN-S/SAME/0,0.0
F90/N-G-L/SAME/2207,F90,N-G-L,S,SAME,2207,"{""gyro_sigma"": 0.001}",W,True,complete,True,1.0,1.0,1.0,16.5,3,3,0,0,0,0,0,0,1.0,1.0,B.orientation,0.0055842611132922906,0.017453292519943295,rad,0.3199545934906747,,,,,,F90/CLEAN-S/SAME/0,0.0
F90/N-G-L/SAME/3301,F90,N-G-L,S,SAME,3301,"{""gyro_sigma"": 0.001}",W,True,complete,True,1.0,1.0,1.0,16.5,3,3,0,0,0,0,0,0,1.0,1.0,B.orientation,0.005505552984249787,0.017453292519943295,rad,0.3154449498831682,,,,,,F90/CLEAN-S/SAME/0,0.0
F90/N-G-L/SAME/4409,F90,N-G-L,S,SAME,4409,"{""gyro_sigma"": 0.001}",W,True,complete,True,1.0,1.0,1.0,16.5,3,3,0,0,0,0,0,0,1.0,1.0,B.orientation,0.0054462009293028794,0.017453292519943295,rad,0.3120443276292818,,,,,,F90/CLEAN-S/SAME/0,0.0
F90/N-G-L/SAME/5519,F90,N-G-L,S,SAME,5519,"{""gyro_sigma"": 0.001}",W,True,complete,True,1.0,1.0,1.0,16.5,3,3,0,0,0,0,0,0,1.0,1.0,B.orientation,0.005496112254108425,0.017453292519943295,rad,0.3149040358905462,,,,,,F90/CLEAN-S/SAME/0,0.0
F90/N-G-X/A/1103,F90,N-G-X,S,A,1103,"{""gyro_sigma"": 0.05}",stress,True,stress_completed,False,1.0,1.0,1.0,16.5,3,3,0,0,0,0,0,0,1.0,1.0,F90:rep-1.elevation_duration_s,1.0000000000000002,0.2,s,5.000000000000001,A.orientation;A.initialization;interval_speed;F90:rep-1.elevation_duration_s;F90:rep-1.hold_duration_s;F90:rep-1.rep_speed_max_rads;F90:rep-1.elevation_speed_mean_rads;F90:rep-1.elevation_speed_max_rads;F90:rep-1.return_speed_max_rads;F90:rep-1.hold_speed_mean_rads;F90:rep-1.hold_speed_max_rads;F90:rep-2.elevation_duration_s;F90:rep-2.hold_duration_s;F90:rep-2.rep_speed_max_rads;F90:rep-2.elevation_speed_mean_rads;F90:rep-2.elevation_speed_max_rads;F90:rep-2.return_speed_max_rads;F90:rep-2.hold_speed_mean_rads;F90:rep-2.hold_speed_max_rads;F90:rep-3.return_duration_s;F90:rep-3.hold_duration_s;F90:rep-3.rep_speed_max_rads;F90:rep-3.elevation_speed_max_rads;F90:rep-3.return_speed_mean_rads;F90:rep-3.return_speed_max_rads;F90:rep-3.hold_speed_mean_rads;F90:rep-3.hold_speed_max_rads;summary.elevation_duration_s.mean;summary.elevation_duration_s.maximum;summary.return_duration_s.mean;summary.return_duration_s.maximum;summary.hold_duration_s.mean;summary.hold_duration_s.maximum;summary.rep_speed_max_rads.mean;summary.rep_speed_max_rads.maximum;summary.elevation_speed_mean_rads.mean;summary.elevation_speed_max_rads.mean;summary.elevation_speed_max_rads.maximum;summary.return_speed_max_rads.mean;summary.return_speed_max_rads.maximum;summary.hold_speed_mean_rads.support;summary.hold_speed_max_rads.support,,,,,F90/CLEAN-S/SAME/0,0.0
F90/N-G-X/A/2207,F90,N-G-X,S,A,2207,"{""gyro_sigma"": 0.05}",stress,True,stress_completed,False,1.0,1.0,1.0,16.5,3,3,0,0,0,0,0,0,1.0,1.0,F90:rep-1.hold_duration_s,1.0,0.2,s,5.0,A.orientation;interval_speed;F90:rep-1.return_duration_s;F90:rep-1.hold_duration_s;F90:rep-1.rep_speed_max_rads;F90:rep-1.elevation_speed_max_rads;F90:rep-1.return_speed_mean_rads;F90:rep-1.return_speed_max_rads;F90:rep-1.hold_speed_mean_rads;F90:rep-1.hold_speed_max_rads;F90:rep-2.return_duration_s;F90:rep-2.hold_duration_s;F90:rep-2.rep_speed_max_rads;F90:rep-2.elevation_speed_max_rads;F90:rep-2.return_speed_mean_rads;F90:rep-2.return_speed_max_rads;F90:rep-2.hold_speed_mean_rads;F90:rep-2.hold_speed_max_rads;F90:rep-3.elevation_duration_s;F90:rep-3.hold_duration_s;F90:rep-3.rep_speed_max_rads;F90:rep-3.elevation_speed_mean_rads;F90:rep-3.elevation_speed_max_rads;F90:rep-3.return_speed_max_rads;F90:rep-3.hold_speed_mean_rads;F90:rep-3.hold_speed_max_rads;summary.elevation_duration_s.mean;summary.elevation_duration_s.maximum;summary.return_duration_s.mean;summary.return_duration_s.maximum;summary.hold_duration_s.mean;summary.hold_duration_s.maximum;summary.rep_speed_max_rads.mean;summary.rep_speed_max_rads.maximum;summary.elevation_speed_mean_rads.mean;summary.elevation_speed_max_rads.mean;summary.elevation_speed_max_rads.maximum;summary.return_speed_mean_rads.mean;summary.return_speed_max_rads.mean;summary.return_speed_max_rads.maximum;summary.hold_speed_mean_rads.support;summary.hold_speed_max_rads.support,,,,,F90/CLEAN-S/SAME/0,0.0
F90/N-G-X/A/3301,F90,N-G-X,S,A,3301,"{""gyro_sigma"": 0.05}",stress,True,stress_completed,False,1.0,1.0,1.0,16.5,3,3,0,0,0,0,0,0,1.0,1.0,F90:rep-2.elevation_duration_s,1.0000000000000002,0.2,s,5.000000000000001,A.orientation;interval_speed;F90:rep-1.elevation_duration_s;F90:rep-1.hold_duration_s;F90:rep-1.rep_speed_max_rads;F90:rep-1.elevation_speed_mean_rads;F90:rep-1.elevation_speed_max_rads;F90:rep-1.return_speed_max_rads;F90:rep-1.hold_speed_mean_rads;F90:rep-1.hold_speed_max_rads;F90:rep-2.elevation_duration_s;F90:rep-2.hold_duration_s;F90:rep-2.rep_speed_max_rads;F90:rep-2.elevation_speed_mean_rads;F90:rep-2.elevation_speed_max_rads;F90:rep-2.return_speed_max_rads;F90:rep-2.hold_speed_mean_rads;F90:rep-2.hold_speed_max_rads;F90:rep-3.elevation_duration_s;F90:rep-3.hold_duration_s;F90:rep-3.rep_speed_max_rads;F90:rep-3.elevation_speed_mean_rads;F90:rep-3.elevation_speed_max_rads;F90:rep-3.return_speed_max_rads;F90:rep-3.hold_speed_mean_rads;F90:rep-3.hold_speed_max_rads;summary.elevation_duration_s.mean;summary.elevation_duration_s.maximum;summary.hold_duration_s.mean;summary.hold_duration_s.maximum;summary.rep_speed_max_rads.mean;summary.rep_speed_max_rads.maximum;summary.elevation_speed_mean_rads.mean;summary.elevation_speed_mean_rads.maximum;summary.elevation_speed_max_rads.mean;summary.elevation_speed_max_rads.maximum;summary.return_speed_max_rads.mean;summary.return_speed_max_rads.maximum;summary.hold_speed_mean_rads.support;summary.hold_speed_max_rads.support,,,,,F90/CLEAN-S/SAME/0,0.0
F90/N-G-X/A/4409,F90,N-G-X,S,A,4409,"{""gyro_sigma"": 0.05}",stress,True,stress_completed,False,1.0,1.0,1.0,16.5,3,3,0,0,0,0,0,0,1.0,1.0,F90:rep-1.hold_duration_s,1.0,0.2,s,5.0,interval_speed;F90:rep-1.return_duration_s;F90:rep-1.hold_duration_s;F90:rep-1.rep_speed_max_rads;F90:rep-1.elevation_speed_max_rads;F90:rep-1.return_speed_mean_rads;F90:rep-1.return_speed_max_rads;F90:rep-1.hold_speed_mean_rads;F90:rep-1.hold_speed_max_rads;F90:rep-2.elevation_duration_s;F90:rep-2.return_duration_s;F90:rep-2.hold_duration_s;F90:rep-2.rep_speed_max_rads;F90:rep-2.elevation_speed_mean_rads;F90:rep-2.elevation_speed_max_rads;F90:rep-2.return_speed_mean_rads;F90:rep-2.return_speed_max_rads;F90:rep-2.hold_speed_mean_rads;F90:rep-2.hold_speed_max_rads;F90:rep-3.return_duration_s;F90:rep-3.hold_duration_s;F90:rep-3.rep_speed_max_rads;F90:rep-3.elevation_speed_max_rads;F90:rep-3.return_speed_mean_rads;F90:rep-3.return_speed_max_rads;F90:rep-3.hold_speed_mean_rads;F90:rep-3.hold_speed_max_rads;summary.elevation_duration_s.maximum;summary.return_duration_s.mean;summary.return_duration_s.maximum;summary.hold_duration_s.mean;summary.hold_duration_s.maximum;summary.rep_speed_max_rads.mean;summary.rep_speed_max_rads.maximum;summary.elevation_speed_max_rads.mean;summary.elevation_speed_max_rads.maximum;summary.return_speed_mean_rads.mean;summary.return_speed_mean_rads.maximum;summary.return_speed_max_rads.mean;summary.return_speed_max_rads.maximum;summary.hold_speed_mean_rads.support;summary.hold_speed_max_rads.support,,,,,F90/CLEAN-S/SAME/0,0.0
F90/N-G-X/A/5519,F90,N-G-X,S,A,5519,"{""gyro_sigma"": 0.05}",stress,True,stress_completed,False,1.0,1.0,1.0,16.5,3,3,0,0,0,0,0,0,1.0,1.0,F90:rep-1.hold_duration_s,1.0,0.2,s,5.0,A.orientation;interval_speed;F90:rep-1.return_duration_s;F90:rep-1.hold_duration_s;F90:rep-1.rep_speed_max_rads;F90:rep-1.elevation_speed_mean_rads;F90:rep-1.elevation_speed_max_rads;F90:rep-1.return_speed_mean_rads;F90:rep-1.return_speed_max_rads;F90:rep-1.hold_speed_mean_rads;F90:rep-1.hold_speed_max_rads;F90:rep-2.return_duration_s;F90:rep-2.hold_duration_s;F90:rep-2.rep_speed_max_rads;F90:rep-2.elevation_speed_max_rads;F90:rep-2.return_speed_mean_rads;F90:rep-2.return_speed_max_rads;F90:rep-2.hold_speed_mean_rads;F90:rep-2.hold_speed_max_rads;F90:rep-3.elevation_duration_s;F90:rep-3.return_duration_s;F90:rep-3.hold_duration_s;F90:rep-3.rep_speed_max_rads;F90:rep-3.elevation_speed_mean_rads;F90:rep-3.elevation_speed_max_rads;F90:rep-3.return_speed_mean_rads;F90:rep-3.return_speed_max_rads;F90:rep-3.hold_speed_mean_rads;F90:rep-3.hold_speed_max_rads;summary.elevation_duration_s.mean;summary.elevation_duration_s.maximum;summary.return_duration_s.mean;summary.return_duration_s.maximum;summary.hold_duration_s.mean;summary.hold_duration_s.maximum;summary.rep_speed_max_rads.mean;summary.rep_speed_max_rads.maximum;summary.elevation_speed_mean_rads.mean;summary.elevation_speed_max_rads.mean;summary.elevation_speed_max_rads.maximum;summary.return_speed_mean_rads.mean;summary.return_speed_mean_rads.maximum;summary.return_speed_max_rads.mean;summary.return_speed_max_rads.maximum;summary.hold_speed_mean_rads.support;summary.hold_speed_max_rads.support,,,,,F90/CLEAN-S/SAME/0,0.0
F90/N-G-X/B/1103,F90,N-G-X,S,B,1103,"{""gyro_sigma"": 0.05}",stress,True,stress_completed,False,1.0,1.0,1.0,16.5,3,3,0,0,0,0,0,0,1.0,1.0,F90:rep-1.hold_duration_s,1.0,0.2,s,5.0,B.orientation;B.initialization;interval_speed;F90:rep-1.elevation_duration_s;F90:rep-1.return_duration_s;F90:rep-1.hold_duration_s;F90:rep-1.rep_speed_max_rads;F90:rep-1.elevation_speed_mean_rads;F90:rep-1.elevation_speed_max_rads;F90:rep-1.return_speed_mean_rads;F90:rep-1.return_speed_max_rads;F90:rep-1.hold_speed_mean_rads;F90:rep-1.hold_speed_max_rads;F90:rep-2.elevation_duration_s;F90:rep-2.return_duration_s;F90:rep-2.hold_duration_s;F90:rep-2.rep_speed_max_rads;F90:rep-2.elevation_speed_mean_rads;F90:rep-2.elevation_speed_max_rads;F90:rep-2.return_speed_max_rads;F90:rep-2.hold_speed_mean_rads;F90:rep-2.hold_speed_max_rads;F90:rep-3.return_duration_s;F90:rep-3.hold_duration_s;F90:rep-3.rep_speed_max_rads;F90:rep-3.elevation_speed_max_rads;F90:rep-3.return_speed_mean_rads;F90:rep-3.return_speed_max_rads;F90:rep-3.hold_speed_mean_rads;F90:rep-3.hold_speed_max_rads;summary.elevation_duration_s.mean;summary.elevation_duration_s.maximum;summary.return_duration_s.mean;summary.return_duration_s.maximum;summary.hold_duration_s.mean;summary.hold_duration_s.maximum;summary.rep_speed_max_rads.mean;summary.rep_speed_max_rads.maximum;summary.elevation_speed_mean_rads.mean;summary.elevation_speed_max_rads.mean;summary.elevation_speed_max_rads.maximum;summary.return_speed_mean_rads.mean;summary.return_speed_max_rads.mean;summary.return_speed_max_rads.maximum;summary.hold_speed_mean_rads.support;summary.hold_speed_max_rads.support,,,,,F90/CLEAN-S/SAME/0,0.0
F90/N-G-X/B/2207,F90,N-G-X,S,B,2207,"{""gyro_sigma"": 0.05}",stress,True,stress_completed,False,1.0,1.0,1.0,16.5,3,3,0,0,0,0,0,0,1.0,1.0,F90:rep-1.hold_duration_s,1.0,0.2,s,5.0,interval_speed;F90:rep-1.elevation_duration_s;F90:rep-1.return_duration_s;F90:rep-1.hold_duration_s;F90:rep-1.rep_speed_max_rads;F90:rep-1.elevation_speed_mean_rads;F90:rep-1.elevation_speed_max_rads;F90:rep-1.return_speed_mean_rads;F90:rep-1.return_speed_max_rads;F90:rep-1.hold_speed_mean_rads;F90:rep-1.hold_speed_max_rads;F90:rep-2.elevation_duration_s;F90:rep-2.return_duration_s;F90:rep-2.hold_duration_s;F90:rep-2.rep_speed_max_rads;F90:rep-2.elevation_speed_mean_rads;F90:rep-2.elevation_speed_max_rads;F90:rep-2.return_speed_mean_rads;F90:rep-2.return_speed_max_rads;F90:rep-2.hold_speed_mean_rads;F90:rep-2.hold_speed_max_rads;F90:rep-3.return_duration_s;F90:rep-3.hold_duration_s;F90:rep-3.rep_speed_max_rads;F90:rep-3.elevation_speed_max_rads;F90:rep-3.return_speed_mean_rads;F90:rep-3.return_speed_max_rads;F90:rep-3.hold_speed_mean_rads;F90:rep-3.hold_speed_max_rads;summary.elevation_duration_s.mean;summary.elevation_duration_s.maximum;summary.return_duration_s.mean;summary.return_duration_s.maximum;summary.hold_duration_s.mean;summary.hold_duration_s.maximum;summary.rep_speed_max_rads.mean;summary.rep_speed_max_rads.maximum;summary.elevation_speed_mean_rads.mean;summary.elevation_speed_max_rads.mean;summary.elevation_speed_max_rads.maximum;summary.return_speed_mean_rads.mean;summary.return_speed_mean_rads.maximum;summary.return_speed_max_rads.mean;summary.return_speed_max_rads.maximum;summary.hold_speed_mean_rads.support;summary.hold_speed_max_rads.support,,,,,F90/CLEAN-S/SAME/0,0.0
F90/N-G-X/B/3301,F90,N-G-X,S,B,3301,"{""gyro_sigma"": 0.05}",stress,True,stress_completed,False,1.0,1.0,1.0,16.5,3,3,0,0,0,0,0,0,1.0,1.0,F90:rep-1.hold_duration_s,1.0,0.2,s,5.0,B.orientation;interval_speed;F90:rep-1.elevation_duration_s;F90:rep-1.return_duration_s;F90:rep-1.hold_duration_s;F90:rep-1.rep_speed_max_rads;F90:rep-1.elevation_speed_mean_rads;F90:rep-1.elevation_speed_max_rads;F90:rep-1.return_speed_mean_rads;F90:rep-1.return_speed_max_rads;F90:rep-1.hold_speed_mean_rads;F90:rep-1.hold_speed_max_rads;F90:rep-2.elevation_duration_s;F90:rep-2.return_duration_s;F90:rep-2.hold_duration_s;F90:rep-2.rep_speed_max_rads;F90:rep-2.elevation_speed_mean_rads;F90:rep-2.elevation_speed_max_rads;F90:rep-2.return_speed_max_rads;F90:rep-2.hold_speed_mean_rads;F90:rep-2.hold_speed_max_rads;F90:rep-3.elevation_duration_s;F90:rep-3.return_duration_s;F90:rep-3.hold_duration_s;F90:rep-3.rep_speed_max_rads;F90:rep-3.elevation_speed_mean_rads;F90:rep-3.elevation_speed_max_rads;F90:rep-3.return_speed_max_rads;F90:rep-3.hold_speed_mean_rads;F90:rep-3.hold_speed_max_rads;summary.elevation_duration_s.mean;summary.elevation_duration_s.maximum;summary.return_duration_s.mean;summary.return_duration_s.maximum;summary.hold_duration_s.mean;summary.hold_duration_s.maximum;summary.rep_speed_max_rads.mean;summary.rep_speed_max_rads.maximum;summary.elevation_speed_mean_rads.mean;summary.elevation_speed_mean_rads.maximum;summary.elevation_speed_max_rads.mean;summary.elevation_speed_max_rads.maximum;summary.return_speed_mean_rads.mean;summary.return_speed_max_rads.mean;summary.return_speed_max_rads.maximum;summary.hold_speed_mean_rads.support;summary.hold_speed_max_rads.support,,,,,F90/CLEAN-S/SAME/0,0.0
F90/N-G-X/B/4409,F90,N-G-X,S,B,4409,"{""gyro_sigma"": 0.05}",stress,True,stress_completed,False,1.0,1.0,1.0,16.5,3,3,0,0,0,0,0,0,1.0,1.0,F90:rep-1.hold_duration_s,1.0,0.2,s,5.0,B.orientation;interval_speed;F90:rep-1.elevation_duration_s;F90:rep-1.hold_duration_s;F90:rep-1.rep_speed_max_rads;F90:rep-1.elevation_speed_mean_rads;F90:rep-1.elevation_speed_max_rads;F90:rep-1.return_speed_max_rads;F90:rep-1.hold_speed_mean_rads;F90:rep-1.hold_speed_max_rads;F90:rep-2.elevation_duration_s;F90:rep-2.hold_duration_s;F90:rep-2.rep_speed_max_rads;F90:rep-2.elevation_speed_mean_rads;F90:rep-2.elevation_speed_max_rads;F90:rep-2.return_speed_max_rads;F90:rep-2.hold_speed_mean_rads;F90:rep-2.hold_speed_max_rads;F90:rep-3.elevation_duration_s;F90:rep-3.return_duration_s;F90:rep-3.hold_duration_s;F90:rep-3.rep_speed_max_rads;F90:rep-3.elevation_speed_mean_rads;F90:rep-3.elevation_speed_max_rads;F90:rep-3.return_speed_mean_rads;F90:rep-3.return_speed_max_rads;F90:rep-3.hold_speed_mean_rads;F90:rep-3.hold_speed_max_rads;summary.elevation_duration_s.mean;summary.elevation_duration_s.maximum;summary.return_duration_s.mean;summary.return_duration_s.maximum;summary.hold_duration_s.mean;summary.hold_duration_s.maximum;summary.rep_speed_max_rads.mean;summary.rep_speed_max_rads.maximum;summary.elevation_speed_mean_rads.mean;summary.elevation_speed_mean_rads.maximum;summary.elevation_speed_max_rads.mean;summary.elevation_speed_max_rads.maximum;summary.return_speed_max_rads.mean;summary.return_speed_max_rads.maximum;summary.hold_speed_mean_rads.support;summary.hold_speed_max_rads.support,,,,,F90/CLEAN-S/SAME/0,0.0
F90/N-G-X/B/5519,F90,N-G-X,S,B,5519,"{""gyro_sigma"": 0.05}",stress,True,stress_completed,False,1.0,1.0,1.0,16.5,3,3,0,0,0,0,0,0,1.0,1.0,F90:rep-1.hold_duration_s,1.0,0.2,s,5.0,B.orientation;interval_speed;F90:rep-1.elevation_duration_s;F90:rep-1.hold_duration_s;F90:rep-1.rep_speed_max_rads;F90:rep-1.elevation_speed_mean_rads;F90:rep-1.elevation_speed_max_rads;F90:rep-1.return_speed_max_rads;F90:rep-1.hold_speed_mean_rads;F90:rep-1.hold_speed_max_rads;F90:rep-2.return_duration_s;F90:rep-2.hold_duration_s;F90:rep-2.rep_speed_max_rads;F90:rep-2.elevation_speed_max_rads;F90:rep-2.return_speed_mean_rads;F90:rep-2.return_speed_max_rads;F90:rep-2.hold_speed_mean_rads;F90:rep-2.hold_speed_max_rads;F90:rep-3.return_duration_s;F90:rep-3.hold_duration_s;F90:rep-3.rep_speed_max_rads;F90:rep-3.elevation_speed_max_rads;F90:rep-3.return_speed_mean_rads;F90:rep-3.return_speed_max_rads;F90:rep-3.hold_speed_mean_rads;F90:rep-3.hold_speed_max_rads;summary.elevation_duration_s.mean;summary.elevation_duration_s.maximum;summary.return_duration_s.mean;summary.return_duration_s.maximum;summary.hold_duration_s.mean;summary.hold_duration_s.maximum;summary.rep_speed_max_rads.mean;summary.rep_speed_max_rads.maximum;summary.elevation_speed_mean_rads.mean;summary.elevation_speed_max_rads.mean;summary.elevation_speed_max_rads.maximum;summary.return_speed_mean_rads.mean;summary.return_speed_max_rads.mean;summary.return_speed_max_rads.maximum;summary.hold_speed_mean_rads.support;summary.hold_speed_max_rads.support,,,,,F90/CLEAN-S/SAME/0,0.0
F90/N-G-X/SAME/1103,F90,N-G-X,S,SAME,1103,"{""gyro_sigma"": 0.05}",stress,True,stress_completed,False,1.0,1.0,1.0,16.5,3,3,0,0,0,0,0,0,1.0,1.0,F90:rep-1.hold_duration_s,1.0,0.2,s,5.0,A.orientation;A.initialization;B.orientation;B.initialization;interval_speed;F90:rep-1.elevation_duration_s;F90:rep-1.return_duration_s;F90:rep-1.hold_duration_s;F90:rep-1.rep_speed_max_rads;F90:rep-1.elevation_speed_mean_rads;F90:rep-1.elevation_speed_max_rads;F90:rep-1.return_speed_mean_rads;F90:rep-1.return_speed_max_rads;F90:rep-1.hold_speed_mean_rads;F90:rep-1.hold_speed_max_rads;F90:rep-2.elevation_duration_s;F90:rep-2.return_duration_s;F90:rep-2.hold_duration_s;F90:rep-2.rep_speed_max_rads;F90:rep-2.elevation_speed_mean_rads;F90:rep-2.elevation_speed_max_rads;F90:rep-2.return_speed_max_rads;F90:rep-2.hold_speed_mean_rads;F90:rep-2.hold_speed_max_rads;F90:rep-3.return_duration_s;F90:rep-3.hold_duration_s;F90:rep-3.rep_speed_max_rads;F90:rep-3.elevation_speed_max_rads;F90:rep-3.return_speed_mean_rads;F90:rep-3.return_speed_max_rads;F90:rep-3.hold_speed_mean_rads;F90:rep-3.hold_speed_max_rads;summary.elevation_duration_s.mean;summary.elevation_duration_s.maximum;summary.return_duration_s.mean;summary.return_duration_s.maximum;summary.hold_duration_s.mean;summary.hold_duration_s.maximum;summary.rep_speed_max_rads.mean;summary.rep_speed_max_rads.maximum;summary.elevation_speed_mean_rads.mean;summary.elevation_speed_max_rads.mean;summary.elevation_speed_max_rads.maximum;summary.return_speed_mean_rads.mean;summary.return_speed_max_rads.mean;summary.return_speed_max_rads.maximum;summary.hold_speed_mean_rads.support;summary.hold_speed_max_rads.support,,,,,F90/CLEAN-S/SAME/0,0.0
F90/N-G-X/SAME/2207,F90,N-G-X,S,SAME,2207,"{""gyro_sigma"": 0.05}",stress,True,stress_completed,False,1.0,1.0,1.0,16.5,3,3,0,0,0,0,0,0,1.0,1.0,F90:rep-2.return_duration_s,1.01,0.2,s,5.05,A.orientation;interval_speed;F90:rep-1.return_duration_s;F90:rep-1.hold_duration_s;F90:rep-1.rep_speed_max_rads;F90:rep-1.elevation_speed_max_rads;F90:rep-1.return_speed_mean_rads;F90:rep-1.return_speed_max_rads;F90:rep-1.hold_speed_mean_rads;F90:rep-1.hold_speed_max_rads;F90:rep-2.return_duration_s;F90:rep-2.hold_duration_s;F90:rep-2.rep_speed_max_rads;F90:rep-2.elevation_speed_max_rads;F90:rep-2.return_speed_mean_rads;F90:rep-2.return_speed_max_rads;F90:rep-2.hold_speed_mean_rads;F90:rep-2.hold_speed_max_rads;F90:rep-3.elevation_duration_s;F90:rep-3.hold_duration_s;F90:rep-3.rep_speed_max_rads;F90:rep-3.elevation_speed_mean_rads;F90:rep-3.elevation_speed_max_rads;F90:rep-3.return_speed_max_rads;F90:rep-3.hold_speed_mean_rads;F90:rep-3.hold_speed_max_rads;summary.elevation_duration_s.mean;summary.elevation_duration_s.maximum;summary.return_duration_s.mean;summary.return_duration_s.maximum;summary.hold_duration_s.mean;summary.hold_duration_s.maximum;summary.rep_speed_max_rads.mean;summary.rep_speed_max_rads.maximum;summary.elevation_speed_mean_rads.mean;summary.elevation_speed_max_rads.mean;summary.elevation_speed_max_rads.maximum;summary.return_speed_mean_rads.mean;summary.return_speed_max_rads.mean;summary.return_speed_max_rads.maximum;summary.hold_speed_mean_rads.support;summary.hold_speed_max_rads.support,,,,,F90/CLEAN-S/SAME/0,0.0
F90/N-G-X/SAME/3301,F90,N-G-X,S,SAME,3301,"{""gyro_sigma"": 0.05}",stress,True,stress_completed,False,1.0,1.0,1.0,16.5,3,3,0,0,0,0,0,0,1.0,1.0,F90:rep-1.hold_duration_s,1.0,0.2,s,5.0,A.orientation;B.orientation;interval_speed;F90:rep-1.elevation_duration_s;F90:rep-1.hold_duration_s;F90:rep-1.rep_speed_max_rads;F90:rep-1.elevation_speed_mean_rads;F90:rep-1.elevation_speed_max_rads;F90:rep-1.return_speed_max_rads;F90:rep-1.hold_speed_mean_rads;F90:rep-1.hold_speed_max_rads;F90:rep-2.elevation_duration_s;F90:rep-2.hold_duration_s;F90:rep-2.rep_speed_max_rads;F90:rep-2.elevation_speed_mean_rads;F90:rep-2.elevation_speed_max_rads;F90:rep-2.return_speed_max_rads;F90:rep-2.hold_speed_mean_rads;F90:rep-2.hold_speed_max_rads;F90:rep-3.elevation_duration_s;F90:rep-3.hold_duration_s;F90:rep-3.rep_speed_max_rads;F90:rep-3.elevation_speed_mean_rads;F90:rep-3.elevation_speed_max_rads;F90:rep-3.return_speed_max_rads;F90:rep-3.hold_speed_mean_rads;F90:rep-3.hold_speed_max_rads;summary.elevation_duration_s.mean;summary.elevation_duration_s.maximum;summary.hold_duration_s.mean;summary.hold_duration_s.maximum;summary.rep_speed_max_rads.mean;summary.rep_speed_max_rads.maximum;summary.elevation_speed_mean_rads.mean;summary.elevation_speed_mean_rads.maximum;summary.elevation_speed_max_rads.mean;summary.elevation_speed_max_rads.maximum;summary.return_speed_max_rads.mean;summary.return_speed_max_rads.maximum;summary.hold_speed_mean_rads.support;summary.hold_speed_max_rads.support,,,,,F90/CLEAN-S/SAME/0,0.0
F90/N-G-X/SAME/4409,F90,N-G-X,S,SAME,4409,"{""gyro_sigma"": 0.05}",stress,True,stress_completed,False,1.0,1.0,1.0,16.5,3,3,0,0,0,0,0,0,1.0,1.0,F90:rep-1.hold_duration_s,1.0,0.2,s,5.0,B.orientation;interval_speed;F90:rep-1.return_duration_s;F90:rep-1.hold_duration_s;F90:rep-1.rep_speed_max_rads;F90:rep-1.elevation_speed_max_rads;F90:rep-1.return_speed_mean_rads;F90:rep-1.return_speed_max_rads;F90:rep-1.hold_speed_mean_rads;F90:rep-1.hold_speed_max_rads;F90:rep-2.elevation_duration_s;F90:rep-2.return_duration_s;F90:rep-2.hold_duration_s;F90:rep-2.rep_speed_max_rads;F90:rep-2.elevation_speed_mean_rads;F90:rep-2.elevation_speed_max_rads;F90:rep-2.return_speed_mean_rads;F90:rep-2.return_speed_max_rads;F90:rep-2.hold_speed_mean_rads;F90:rep-2.hold_speed_max_rads;F90:rep-3.return_duration_s;F90:rep-3.hold_duration_s;F90:rep-3.rep_speed_max_rads;F90:rep-3.elevation_speed_max_rads;F90:rep-3.return_speed_mean_rads;F90:rep-3.return_speed_max_rads;F90:rep-3.hold_speed_mean_rads;F90:rep-3.hold_speed_max_rads;summary.elevation_duration_s.maximum;summary.return_duration_s.mean;summary.return_duration_s.maximum;summary.hold_duration_s.mean;summary.hold_duration_s.maximum;summary.rep_speed_max_rads.mean;summary.rep_speed_max_rads.maximum;summary.elevation_speed_mean_rads.mean;summary.elevation_speed_max_rads.mean;summary.elevation_speed_max_rads.maximum;summary.return_speed_mean_rads.mean;summary.return_speed_mean_rads.maximum;summary.return_speed_max_rads.mean;summary.return_speed_max_rads.maximum;summary.hold_speed_mean_rads.support;summary.hold_speed_max_rads.support,,,,,F90/CLEAN-S/SAME/0,0.0
F90/N-G-X/SAME/5519,F90,N-G-X,S,SAME,5519,"{""gyro_sigma"": 0.05}",stress,True,stress_completed,False,1.0,1.0,1.0,16.5,3,3,0,0,0,0,0,0,1.0,1.0,F90:rep-1.hold_duration_s,1.0,0.2,s,5.0,A.orientation;B.orientation;interval_speed;F90:rep-1.return_duration_s;F90:rep-1.hold_duration_s;F90:rep-1.rep_speed_max_rads;F90:rep-1.elevation_speed_mean_rads;F90:rep-1.elevation_speed_max_rads;F90:rep-1.return_speed_mean_rads;F90:rep-1.return_speed_max_rads;F90:rep-1.hold_speed_mean_rads;F90:rep-1.hold_speed_max_rads;F90:rep-2.return_duration_s;F90:rep-2.hold_duration_s;F90:rep-2.rep_speed_max_rads;F90:rep-2.elevation_speed_max_rads;F90:rep-2.return_speed_mean_rads;F90:rep-2.return_speed_max_rads;F90:rep-2.hold_speed_mean_rads;F90:rep-2.hold_speed_max_rads;F90:rep-3.return_duration_s;F90:rep-3.hold_duration_s;F90:rep-3.rep_speed_max_rads;F90:rep-3.elevation_speed_max_rads;F90:rep-3.return_speed_mean_rads;F90:rep-3.return_speed_max_rads;F90:rep-3.hold_speed_mean_rads;F90:rep-3.hold_speed_max_rads;summary.return_duration_s.mean;summary.return_duration_s.maximum;summary.hold_duration_s.mean;summary.hold_duration_s.maximum;summary.rep_speed_max_rads.mean;summary.rep_speed_max_rads.maximum;summary.elevation_speed_max_rads.mean;summary.elevation_speed_max_rads.maximum;summary.return_speed_mean_rads.mean;summary.return_speed_mean_rads.maximum;summary.return_speed_max_rads.mean;summary.return_speed_max_rads.maximum;summary.hold_speed_mean_rads.support;summary.hold_speed_max_rads.support,,,,,F90/CLEAN-S/SAME/0,0.0
F90-30/CLEAN-E/SAME/0,F90-30,CLEAN-E,E,SAME,0,{},C,True,complete,True,1.0,1.0,1.0,30.0,5,5,0,0,0,0,0,0,1.0,1.0,interval_speed,5.702105454474804e-13,1e-10,rad/s,0.005702105454474804,,partial_end,,,,F90-30/CLEAN-E/SAME/0,0.0
F90-30/CLEAN-S/SAME/0,F90-30,CLEAN-S,S,SAME,0,{},C,True,complete,True,1.0,1.0,1.0,30.0,5,5,0,0,0,0,0,0,1.0,1.0,B.orientation,0.005524664224010412,0.006981317007977318,rad,0.7913498581567865,,partial_end,,,,F90-30/CLEAN-S/SAME/0,0.0
F90-30/I-HD-30/DIFF/0,F90-30,I-HD-30,S,DIFF,0,"{""evaluation_duration_s"": 30, ""heading_rate_rads"": 0.00034906585039886593}",W,True,complete,True,1.0,1.0,1.0,30.0,5,5,0,0,0,0,0,0,1.0,1.0,B.orientation,0.01265205935046354,0.017453292519943295,rad,0.7249096029305906,,partial_end,,,,F90-30/CLEAN-S/SAME/0,0.010471975511965978
F90-NEXT/CLEAN-E/SAME/0,F90-NEXT,CLEAN-E,E,SAME,0,{},C,True,complete,True,1.0,1.0,1.0,16.5,3,3,0,0,0,0,0,0,1.0,1.0,interval_speed,2.851052727237402e-13,1e-10,rad/s,0.002851052727237402,,,,,,F90-NEXT/CLEAN-E/SAME/0,0.0
F90-NEXT/CLEAN-S/SAME/0,F90-NEXT,CLEAN-S,S,SAME,0,{},C,True,complete,True,1.0,1.0,1.0,16.5,3,3,0,0,0,0,0,0,1.0,1.0,B.orientation,0.006135313994737754,0.006981317007977318,rad,0.8788189947150566,,,,,,F90-NEXT/CLEAN-S/SAME/0,0.0
F90L/B-C-H/A/0,F90L,B-C-H,S,A,0,"{""bias_rads"": 0.00034906585039886593}",stress,True,stress_completed,True,1.0,1.0,1.0,300.0,54,54,0,0,0,0,0,0,1.0,1.0,B.orientation,0.005524664224010412,0.017453292519943295,rad,0.3165399432627146,,partial_end,,,,F90L/CLEAN-S/SAME/0,0.0
F90L/B-C-H/B/0,F90L,B-C-H,S,B,0,"{""bias_rads"": 0.00034906585039886593}",stress,True,stress_completed,True,1.0,1.0,1.0,300.0,54,54,0,0,0,0,0,0,1.0,1.0,B.orientation,0.00485277192865824,0.017453292519943295,rad,0.2780433504516778,,partial_end,,,,F90L/CLEAN-S/SAME/0,0.0
F90L/B-C-H/SAME/0,F90L,B-C-H,S,SAME,0,"{""bias_rads"": 0.00034906585039886593}",stress,True,stress_completed,True,1.0,1.0,1.0,300.0,54,54,0,0,0,0,0,0,1.0,1.0,B.orientation,0.00485277192865824,0.017453292519943295,rad,0.2780433504516778,,partial_end,,,,F90L/CLEAN-S/SAME/0,0.0
F90L/B-C-H/DIFF/0,F90L,B-C-H,S,DIFF,0,"{""bias_rads"": 0.00034906585039886593}",stress,True,stress_completed,True,1.0,1.0,1.0,300.0,54,54,0,0,0,0,0,0,1.0,1.0,B.orientation,0.006195272266243157,0.017453292519943295,rad,0.3549629537901817,,partial_end,,,,F90L/CLEAN-S/SAME/0,0.0
F90L/B-C-L/A/0,F90L,B-C-L,S,A,0,"{""bias_rads"": 3.490658503988659e-05}",W,True,complete,True,1.0,1.0,1.0,300.0,54,54,0,0,0,0,0,0,1.0,1.0,B.orientation,0.005524664224010412,0.017453292519943295,rad,0.3165399432627146,,partial_end,,,,F90L/CLEAN-S/SAME/0,0.0
F90L/B-C-L/B/0,F90L,B-C-L,S,B,0,"{""bias_rads"": 3.490658503988659e-05}",W,True,complete,True,1.0,1.0,1.0,300.0,54,54,0,0,0,0,0,0,1.0,1.0,B.orientation,0.005462326194499906,0.017453292519943295,rad,0.3129682372686006,,partial_end,,,,F90L/CLEAN-S/SAME/0,0.0
F90L/B-C-L/SAME/0,F90L,B-C-L,S,SAME,0,"{""bias_rads"": 3.490658503988659e-05}",W,True,complete,True,1.0,1.0,1.0,300.0,54,54,0,0,0,0,0,0,1.0,1.0,B.orientation,0.005462326194499906,0.017453292519943295,rad,0.3129682372686006,,partial_end,,,,F90L/CLEAN-S/SAME/0,0.0
F90L/B-C-L/DIFF/0,F90L,B-C-L,S,DIFF,0,"{""bias_rads"": 3.490658503988659e-05}",W,True,complete,True,1.0,1.0,1.0,300.0,54,54,0,0,0,0,0,0,1.0,1.0,B.orientation,0.005586291460995951,0.017453292519943295,rad,0.3200709238450385,,partial_end,,,,F90L/CLEAN-S/SAME/0,0.0
F90L/B-C-X/A/0,F90L,B-C-X,S,A,0,"{""bias_rads"": 0.017453292519943295}",stress,True,stress_completed,False,1.0,1.0,1.0,300.0,54,54,0,0,0,0,0,0,1.0,1.0,A.orientation,0.03491341069095899,0.017453292519943295,rad,2.0003910809988774,A.orientation;A.initialization,partial_end,,,,F90L/CLEAN-S/SAME/0,0.0
F90L/B-C-X/B/0,F90L,B-C-X,S,B,0,"{""bias_rads"": 0.017453292519943295}",stress,True,stress_completed,False,1.0,1.0,1.0,300.0,54,54,0,0,0,0,0,0,1.0,1.0,B.orientation,0.038904585664454955,0.017453292519943295,rad,2.2290685622784343,B.orientation;B.initialization,partial_end,,,,F90L/CLEAN-S/SAME/0,0.0
F90L/B-C-X/SAME/0,F90L,B-C-X,S,SAME,0,"{""bias_rads"": 0.017453292519943295}",stress,True,stress_completed,False,1.0,1.0,1.0,300.0,54,54,0,0,0,0,0,0,1.0,1.0,B.orientation,0.038904585664454955,0.017453292519943295,rad,2.2290685622784343,A.orientation;A.initialization;B.orientation;B.initialization,partial_end,,,,F90L/CLEAN-S/SAME/0,0.0
F90L/B-C-X/DIFF/0,F90L,B-C-X,S,DIFF,0,"{""bias_rads"": 0.017453292519943295}",stress,True,stress_completed,False,1.0,1.0,1.0,300.0,54,54,0,0,0,0,0,0,1.0,1.0,B.orientation,0.03929621402297229,0.017453292519943295,rad,2.2515072143591137,A.orientation;A.initialization;B.orientation;B.initialization;elevation;F90L:rep-1.peak_elevation_rad;F90L:rep-2.peak_elevation_rad;F90L:rep-3.peak_elevation_rad;F90L:rep-4.peak_elevation_rad;F90L:rep-5.peak_elevation_rad;F90L:rep-6.peak_elevation_rad;F90L:rep-7.peak_elevation_rad;F90L:rep-8.peak_elevation_rad;F90L:rep-9.peak_elevation_rad;F90L:rep-10.peak_elevation_rad;F90L:rep-11.peak_elevation_rad;F90L:rep-12.peak_elevation_rad;F90L:rep-13.peak_elevation_rad;F90L:rep-14.peak_elevation_rad;F90L:rep-15.peak_elevation_rad;F90L:rep-16.peak_elevation_rad;F90L:rep-17.peak_elevation_rad;F90L:rep-18.peak_elevation_rad;F90L:rep-19.peak_elevation_rad;F90L:rep-20.peak_elevation_rad;F90L:rep-21.peak_elevation_rad;F90L:rep-22.peak_elevation_rad;F90L:rep-23.peak_elevation_rad;F90L:rep-24.peak_elevation_rad;F90L:rep-25.peak_elevation_rad;F90L:rep-26.peak_elevation_rad;F90L:rep-27.peak_elevation_rad;F90L:rep-28.peak_elevation_rad;F90L:rep-29.peak_elevation_rad;F90L:rep-30.peak_elevation_rad;F90L:rep-31.peak_elevation_rad;F90L:rep-32.peak_elevation_rad;F90L:rep-33.peak_elevation_rad;F90L:rep-34.peak_elevation_rad;F90L:rep-35.peak_elevation_rad;F90L:rep-36.peak_elevation_rad;F90L:rep-37.peak_elevation_rad;F90L:rep-38.peak_elevation_rad;F90L:rep-39.peak_elevation_rad;F90L:rep-40.peak_elevation_rad;F90L:rep-41.peak_elevation_rad;F90L:rep-42.peak_elevation_rad;F90L:rep-43.peak_elevation_rad;F90L:rep-44.peak_elevation_rad;F90L:rep-45.peak_elevation_rad;F90L:rep-46.peak_elevation_rad;F90L:rep-47.peak_elevation_rad;F90L:rep-48.peak_elevation_rad;F90L:rep-49.peak_elevation_rad;F90L:rep-50.peak_elevation_rad;F90L:rep-51.peak_elevation_rad;F90L:rep-52.peak_elevation_rad;F90L:rep-53.peak_elevation_rad;F90L:rep-54.peak_elevation_rad;summary.peak_elevation_rad.mean;summary.peak_elevation_rad.maximum,partial_end,,,,F90L/CLEAN-S/SAME/0,0.0
F90L/B-R-H/A/0,F90L,B-R-H,S,A,0,"{""ramp_rads"": 0.0006981317007977319}",stress,True,stress_completed,True,1.0,1.0,1.0,300.0,54,54,0,0,0,0,0,0,1.0,1.0,B.orientation,0.005524664224010412,0.017453292519943295,rad,0.3165399432627146,,partial_end,,,,F90L/CLEAN-S/SAME/0,0.0
F90L/B-R-H/B/0,F90L,B-R-H,S,B,0,"{""ramp_rads"": 0.0006981317007977319}",stress,True,stress_completed,True,1.0,1.0,1.0,300.0,54,54,0,0,0,0,0,0,1.0,1.0,B.orientation,0.005522445356436301,0.017453292519943295,rad,0.3164128115154196,,partial_end,,,,F90L/CLEAN-S/SAME/0,0.0
F90L/B-R-H/SAME/0,F90L,B-R-H,S,SAME,0,"{""ramp_rads"": 0.0006981317007977319}",stress,True,stress_completed,True,1.0,1.0,1.0,300.0,54,54,0,0,0,0,0,0,1.0,1.0,B.orientation,0.005522445356436301,0.017453292519943295,rad,0.3164128115154196,,partial_end,,,,F90L/CLEAN-S/SAME/0,0.0
F90L/B-R-H/DIFF/0,F90L,B-R-H,S,DIFF,0,"{""ramp_rads"": 0.0006981317007977319}",stress,True,stress_completed,True,1.0,1.0,1.0,300.0,54,54,0,0,0,0,0,0,1.0,1.0,B.orientation,0.005764046858319245,0.017453292519943295,rad,0.3302555578973343,,partial_end,,,,F90L/CLEAN-S/SAME/0,0.0
F90L/B-R-L/A/0,F90L,B-R-L,S,A,0,"{""ramp_rads"": 6.981317007977319e-05}",W,True,complete,True,1.0,1.0,1.0,300.0,54,54,0,0,0,0,0,0,1.0,1.0,B.orientation,0.005524664224010412,0.017453292519943295,rad,0.3165399432627146,,partial_end,,,,F90L/CLEAN-S/SAME/0,0.0
F90L/B-R-L/B/0,F90L,B-R-L,S,B,0,"{""ramp_rads"": 6.981317007977319e-05}",W,True,complete,True,1.0,1.0,1.0,300.0,54,54,0,0,0,0,0,0,1.0,1.0,B.orientation,0.005524506831095676,0.017453292519943295,rad,0.316530925312975,,partial_end,,,,F90L/CLEAN-S/SAME/0,0.0
F90L/B-R-L/SAME/0,F90L,B-R-L,S,SAME,0,"{""ramp_rads"": 6.981317007977319e-05}",W,True,complete,True,1.0,1.0,1.0,300.0,54,54,0,0,0,0,0,0,1.0,1.0,B.orientation,0.005524506831095676,0.017453292519943295,rad,0.316530925312975,,partial_end,,,,F90L/CLEAN-S/SAME/0,0.0
F90L/B-R-L/DIFF/0,F90L,B-R-L,S,DIFF,0,"{""ramp_rads"": 6.981317007977319e-05}",W,True,complete,True,1.0,1.0,1.0,300.0,54,54,0,0,0,0,0,0,1.0,1.0,B.orientation,0.005524767600421476,0.017453292519943295,rad,0.3165458662947698,,partial_end,,,,F90L/CLEAN-S/SAME/0,0.0
F90L/B-R-X/A/0,F90L,B-R-X,S,A,0,"{""ramp_rads"": 0.03490658503988659}",stress,True,stress_completed,False,1.0,1.0,1.0,300.0,54,54,0,0,0,0,0,0,1.0,1.0,A.orientation,0.069403623449258,0.017453292519943295,rad,3.9765347065576764,A.orientation;elevation;F90L:rep-39.peak_elevation_rad;F90L:rep-40.peak_elevation_rad;F90L:rep-41.peak_elevation_rad;F90L:rep-42.peak_elevation_rad;F90L:rep-43.peak_elevation_rad;F90L:rep-44.peak_elevation_rad;F90L:rep-45.peak_elevation_rad;F90L:rep-46.peak_elevation_rad;F90L:rep-47.peak_elevation_rad;F90L:rep-48.peak_elevation_rad;F90L:rep-49.peak_elevation_rad;F90L:rep-50.peak_elevation_rad;F90L:rep-51.peak_elevation_rad;F90L:rep-52.peak_elevation_rad;F90L:rep-53.peak_elevation_rad;F90L:rep-54.peak_elevation_rad;summary.peak_elevation_rad.maximum,partial_end,,,,F90L/CLEAN-S/SAME/0,0.0
F90L/B-R-X/B/0,F90L,B-R-X,S,B,0,"{""ramp_rads"": 0.03490658503988659}",stress,True,stress_completed,False,1.0,1.0,1.0,300.0,54,54,0,0,0,0,0,0,1.0,1.0,B.orientation,0.0724570077299365,0.017453292519943295,rad,4.151480739072143,B.orientation;elevation;F90L:rep-46.peak_elevation_rad;F90L:rep-47.peak_elevation_rad;F90L:rep-48.peak_elevation_rad;F90L:rep-49.peak_elevation_rad;F90L:rep-50.peak_elevation_rad;F90L:rep-51.peak_elevation_rad;F90L:rep-52.peak_elevation_rad;F90L:rep-53.peak_elevation_rad;F90L:rep-54.peak_elevation_rad,partial_end,,,,F90L/CLEAN-S/SAME/0,0.0
F90L/B-R-X/SAME/0,F90L,B-R-X,S,SAME,0,"{""ramp_rads"": 0.03490658503988659}",stress,True,stress_completed,False,1.0,1.0,1.0,300.0,54,54,0,0,0,0,0,0,1.0,1.0,B.orientation,0.0724570077299365,0.017453292519943295,rad,4.151480739072143,A.orientation;B.orientation,partial_end,,,,F90L/CLEAN-S/SAME/0,0.0
F90L/B-R-X/DIFF/0,F90L,B-R-X,S,DIFF,0,"{""ramp_rads"": 0.03490658503988659}",stress,True,stress_completed,False,1.0,1.0,1.0,300.0,54,54,0,0,0,0,0,0,1.0,1.0,B.orientation,0.07343105421550604,0.017453292519943295,rad,4.207289491744828,A.orientation;B.orientation;elevation;F90L:rep-20.peak_elevation_rad;F90L:rep-21.peak_elevation_rad;F90L:rep-22.peak_elevation_rad;F90L:rep-23.peak_elevation_rad;F90L:rep-24.peak_elevation_rad;F90L:rep-25.peak_elevation_rad;F90L:rep-26.peak_elevation_rad;F90L:rep-27.peak_elevation_rad;F90L:rep-28.peak_elevation_rad;F90L:rep-29.peak_elevation_rad;F90L:rep-30.peak_elevation_rad;F90L:rep-31.peak_elevation_rad;F90L:rep-32.peak_elevation_rad;F90L:rep-33.peak_elevation_rad;F90L:rep-34.end_us;F90L:rep-34.end_confirmation;F90L:rep-34.peak_elevation_rad;F90L:rep-35.end_us;F90L:rep-35.end_confirmation;F90L:rep-35.peak_elevation_rad;F90L:rep-36.end_us;F90L:rep-36.end_confirmation;F90L:rep-36.peak_elevation_rad;F90L:rep-37.end_us;F90L:rep-37.end_confirmation;F90L:rep-37.peak_elevation_rad;F90L:rep-37.rep_duration_s;F90L:rep-38.end_us;F90L:rep-38.end_confirmation;F90L:rep-38.peak_elevation_rad;F90L:rep-38.rep_duration_s;F90L:rep-38.preceding_rest_duration_s;F90L:rep-39.end_us;F90L:rep-39.end_confirmation;F90L:rep-39.peak_elevation_rad;F90L:rep-39.rep_duration_s;F90L:rep-39.preceding_rest_duration_s;F90L:rep-40.end_us;F90L:rep-40.end_confirmation;F90L:rep-40.rom_rad;F90L:rep-40.peak_elevation_rad;F90L:rep-40.rep_duration_s;F90L:rep-40.preceding_rest_duration_s;F90L:rep-41.end_us;F90L:rep-41.end_confirmation;F90L:rep-41.rom_rad;F90L:rep-41.peak_elevation_rad;F90L:rep-41.rep_duration_s;F90L:rep-41.preceding_rest_duration_s;F90L:rep-42.end_us;F90L:rep-42.end_confirmation;F90L:rep-42.rom_rad;F90L:rep-42.peak_elevation_rad;F90L:rep-42.rep_duration_s;F90L:rep-42.preceding_rest_duration_s;F90L:rep-43.end_us;F90L:rep-43.end_confirmation;F90L:rep-43.rom_rad;F90L:rep-43.peak_elevation_rad;F90L:rep-43.rep_duration_s;F90L:rep-43.preceding_rest_duration_s;F90L:rep-44.start_us;F90L:rep-44.end_us;F90L:rep-44.start_confirmation;F90L:rep-44.end_confirmation;F90L:rep-44.rom_rad;F90L:rep-44.peak_elevation_rad;F90L:rep-44.rep_duration_s;F90L:rep-44.preceding_rest_duration_s;F90L:rep-45.start_us;F90L:rep-45.end_us;F90L:rep-45.start_confirmation;F90L:rep-45.end_confirmation;F90L:rep-45.rom_rad;F90L:rep-45.peak_elevation_rad;F90L:rep-45.rep_duration_s;F90L:rep-45.preceding_rest_duration_s;F90L:rep-46.start_us;F90L:rep-46.end_us;F90L:rep-46.start_confirmation;F90L:rep-46.end_confirmation;F90L:rep-46.rom_rad;F90L:rep-46.peak_elevation_rad;F90L:rep-46.rep_duration_s;F90L:rep-46.preceding_rest_duration_s;F90L:rep-47.start_us;F90L:rep-47.end_us;F90L:rep-47.start_confirmation;F90L:rep-47.end_confirmation;F90L:rep-47.rom_rad;F90L:rep-47.peak_elevation_rad;F90L:rep-47.rep_duration_s;F90L:rep-47.preceding_rest_duration_s;F90L:rep-48.start_us;F90L:rep-48.end_us;F90L:rep-48.start_confirmation;F90L:rep-48.end_confirmation;F90L:rep-48.rom_rad;F90L:rep-48.peak_elevation_rad;F90L:rep-48.rep_duration_s;F90L:rep-48.preceding_rest_duration_s;F90L:rep-49.start_us;F90L:rep-49.end_us;F90L:rep-49.start_confirmation;F90L:rep-49.end_confirmation;F90L:rep-49.rom_rad;F90L:rep-49.peak_elevation_rad;F90L:rep-49.rep_duration_s;F90L:rep-49.preceding_rest_duration_s;F90L:rep-50.start_us;F90L:rep-50.end_us;F90L:rep-50.start_confirmation;F90L:rep-50.end_confirmation;F90L:rep-50.rom_rad;F90L:rep-50.peak_elevation_rad;F90L:rep-50.rep_duration_s;F90L:rep-50.preceding_rest_duration_s;F90L:rep-51.start_us;F90L:rep-51.end_us;F90L:rep-51.start_confirmation;F90L:rep-51.end_confirmation;F90L:rep-51.rom_rad;F90L:rep-51.peak_elevation_rad;F90L:rep-51.rep_duration_s;F90L:rep-51.preceding_rest_duration_s;F90L:rep-52.start_us;F90L:rep-52.end_us;F90L:rep-52.start_confirmation;F90L:rep-52.end_confirmation;F90L:rep-52.rom_rad;F90L:rep-52.peak_elevation_rad;F90L:rep-52.rep_duration_s;F90L:rep-52.preceding_rest_duration_s;F90L:rep-53.start_us;F90L:rep-53.end_us;F90L:rep-53.start_confirmation;F90L:rep-53.end_confirmation;F90L:rep-53.rom_rad;F90L:rep-53.peak_elevation_rad;F90L:rep-53.rep_duration_s;F90L:rep-53.preceding_rest_duration_s;F90L:rep-54.start_us;F90L:rep-54.end_us;F90L:rep-54.start_confirmation;F90L:rep-54.end_confirmation;F90L:rep-54.rom_rad;F90L:rep-54.peak_elevation_rad;F90L:rep-54.rep_duration_s;F90L:rep-54.preceding_rest_duration_s;summary.rom_rad.maximum;summary.peak_elevation_rad.mean;summary.peak_elevation_rad.maximum;summary.rep_duration_s.maximum;summary.rom_max_rad,partial_end,,,,F90L/CLEAN-S/SAME/0,0.0
F90L/CLEAN-E/SAME/0,F90L,CLEAN-E,E,SAME,0,{},C,True,complete,True,1.0,1.0,1.0,300.0,54,54,0,0,0,0,0,0,1.0,1.0,interval_speed,5.015543536046607e-12,1e-10,rad/s,0.05015543536046607,,partial_end,,,,F90L/CLEAN-E/SAME/0,0.0
F90L/CLEAN-S/SAME/0,F90L,CLEAN-S,S,SAME,0,{},C,True,complete,True,1.0,1.0,1.0,300.0,54,54,0,0,0,0,0,0,1.0,1.0,B.orientation,0.005524664224010412,0.006981317007977318,rad,0.7913498581567865,,partial_end,,,,F90L/CLEAN-S/SAME/0,0.0
F90L/D-C-0-exact/B/0,F90L,D-C-0-exact,S,B,0,"{""clock_enabled"": true, ""clock_ppm"": 0, ""map_control"": ""exact""}",W,True,complete,True,1.0,1.0,1.0,300.0,54,54,0,0,0,0,0,0,1.0,1.0,B.orientation,0.005524664224010412,0.017453292519943295,rad,0.3165399432627146,,partial_end,,,,F90L/CLEAN-S/SAME/0,0.0
F90L/D-C-0-wrong/B/0,F90L,D-C-0-wrong,S,B,0,"{""clock_enabled"": true, ""clock_ppm"": 0, ""map_control"": ""wrong""}",stress,True,stress_completed,False,1.0,1.0,1.0,300.0,54,54,0,0,0,0,0,0,1.0,1.0,interval_speed,1.0506367753247714,0.10471975511965977,rad/s,10.032842171223987,elevation;interval_speed;F90L:rep-1.start_us;F90L:rep-1.end_us;F90L:rep-1.start_confirmation;F90L:rep-1.end_confirmation;F90L:rep-2.start_us;F90L:rep-2.end_us;F90L:rep-2.start_confirmation;F90L:rep-2.end_confirmation;F90L:rep-3.start_us;F90L:rep-3.end_us;F90L:rep-3.start_confirmation;F90L:rep-3.end_confirmation;F90L:rep-4.start_us;F90L:rep-4.end_us;F90L:rep-4.start_confirmation;F90L:rep-4.end_confirmation;F90L:rep-5.start_us;F90L:rep-5.end_us;F90L:rep-5.start_confirmation;F90L:rep-5.end_confirmation;F90L:rep-6.start_us;F90L:rep-6.end_us;F90L:rep-6.start_confirmation;F90L:rep-6.end_confirmation;F90L:rep-7.start_us;F90L:rep-7.end_us;F90L:rep-7.start_confirmation;F90L:rep-7.end_confirmation;F90L:rep-8.start_us;F90L:rep-8.end_us;F90L:rep-8.start_confirmation;F90L:rep-8.end_confirmation;F90L:rep-9.start_us;F90L:rep-9.end_us;F90L:rep-9.start_confirmation;F90L:rep-9.end_confirmation;F90L:rep-10.start_us;F90L:rep-10.end_us;F90L:rep-10.start_confirmation;F90L:rep-10.end_confirmation;F90L:rep-11.start_us;F90L:rep-11.end_us;F90L:rep-11.start_confirmation;F90L:rep-11.end_confirmation;F90L:rep-12.start_us;F90L:rep-12.end_us;F90L:rep-12.start_confirmation;F90L:rep-12.end_confirmation;F90L:rep-13.start_us;F90L:rep-13.end_us;F90L:rep-13.start_confirmation;F90L:rep-13.end_confirmation;F90L:rep-14.start_us;F90L:rep-14.end_us;F90L:rep-14.start_confirmation;F90L:rep-14.end_confirmation;F90L:rep-15.start_us;F90L:rep-15.end_us;F90L:rep-15.start_confirmation;F90L:rep-15.end_confirmation;F90L:rep-16.start_us;F90L:rep-16.end_us;F90L:rep-16.start_confirmation;F90L:rep-16.end_confirmation;F90L:rep-17.start_us;F90L:rep-17.end_us;F90L:rep-17.start_confirmation;F90L:rep-17.end_confirmation;F90L:rep-18.start_us;F90L:rep-18.end_us;F90L:rep-18.start_confirmation;F90L:rep-18.end_confirmation;F90L:rep-19.start_us;F90L:rep-19.end_us;F90L:rep-19.start_confirmation;F90L:rep-19.end_confirmation;F90L:rep-20.start_us;F90L:rep-20.end_us;F90L:rep-20.start_confirmation;F90L:rep-20.end_confirmation;F90L:rep-21.start_us;F90L:rep-21.end_us;F90L:rep-21.start_confirmation;F90L:rep-21.end_confirmation;F90L:rep-22.start_us;F90L:rep-22.end_us;F90L:rep-22.start_confirmation;F90L:rep-22.end_confirmation;F90L:rep-23.start_us;F90L:rep-23.end_us;F90L:rep-23.start_confirmation;F90L:rep-23.end_confirmation;F90L:rep-24.start_us;F90L:rep-24.end_us;F90L:rep-24.start_confirmation;F90L:rep-24.end_confirmation;F90L:rep-25.start_us;F90L:rep-25.end_us;F90L:rep-25.start_confirmation;F90L:rep-25.end_confirmation;F90L:rep-26.start_us;F90L:rep-26.end_us;F90L:rep-26.start_confirmation;F90L:rep-26.end_confirmation;F90L:rep-27.start_us;F90L:rep-27.end_us;F90L:rep-27.start_confirmation;F90L:rep-27.end_confirmation;F90L:rep-28.start_us;F90L:rep-28.end_us;F90L:rep-28.start_confirmation;F90L:rep-28.end_confirmation;F90L:rep-29.start_us;F90L:rep-29.end_us;F90L:rep-29.start_confirmation;F90L:rep-29.end_confirmation;F90L:rep-30.start_us;F90L:rep-30.end_us;F90L:rep-30.start_confirmation;F90L:rep-30.end_confirmation;F90L:rep-31.start_us;F90L:rep-31.end_us;F90L:rep-31.start_confirmation;F90L:rep-31.end_confirmation;F90L:rep-32.start_us;F90L:rep-32.end_us;F90L:rep-32.start_confirmation;F90L:rep-32.end_confirmation;F90L:rep-33.start_us;F90L:rep-33.end_us;F90L:rep-33.start_confirmation;F90L:rep-33.end_confirmation;F90L:rep-34.start_us;F90L:rep-34.end_us;F90L:rep-34.start_confirmation;F90L:rep-34.end_confirmation;F90L:rep-35.start_us;F90L:rep-35.end_us;F90L:rep-35.start_confirmation;F90L:rep-35.end_confirmation;F90L:rep-36.start_us;F90L:rep-36.end_us;F90L:rep-36.start_confirmation;F90L:rep-36.end_confirmation;F90L:rep-37.start_us;F90L:rep-37.end_us;F90L:rep-37.start_confirmation;F90L:rep-37.end_confirmation;F90L:rep-38.start_us;F90L:rep-38.end_us;F90L:rep-38.start_confirmation;F90L:rep-38.end_confirmation;F90L:rep-39.start_us;F90L:rep-39.end_us;F90L:rep-39.start_confirmation;F90L:rep-39.end_confirmation;F90L:rep-40.start_us;F90L:rep-40.end_us;F90L:rep-40.start_confirmation;F90L:rep-40.end_confirmation;F90L:rep-41.start_us;F90L:rep-41.end_us;F90L:rep-41.start_confirmation;F90L:rep-41.end_confirmation;F90L:rep-42.start_us;F90L:rep-42.end_us;F90L:rep-42.start_confirmation;F90L:rep-42.end_confirmation;F90L:rep-43.start_us;F90L:rep-43.end_us;F90L:rep-43.start_confirmation;F90L:rep-43.end_confirmation;F90L:rep-44.start_us;F90L:rep-44.end_us;F90L:rep-44.start_confirmation;F90L:rep-44.end_confirmation;F90L:rep-45.start_us;F90L:rep-45.end_us;F90L:rep-45.start_confirmation;F90L:rep-45.end_confirmation;F90L:rep-46.start_us;F90L:rep-46.end_us;F90L:rep-46.start_confirmation;F90L:rep-46.end_confirmation;F90L:rep-47.start_us;F90L:rep-47.end_us;F90L:rep-47.start_confirmation;F90L:rep-47.end_confirmation;F90L:rep-48.start_us;F90L:rep-48.end_us;F90L:rep-48.start_confirmation;F90L:rep-48.end_confirmation;F90L:rep-49.start_us;F90L:rep-49.end_us;F90L:rep-49.start_confirmation;F90L:rep-49.end_confirmation;F90L:rep-50.start_us;F90L:rep-50.end_us;F90L:rep-50.start_confirmation;F90L:rep-50.end_confirmation;F90L:rep-51.start_us;F90L:rep-51.end_us;F90L:rep-51.start_confirmation;F90L:rep-51.end_confirmation;F90L:rep-52.start_us;F90L:rep-52.end_us;F90L:rep-52.start_confirmation;F90L:rep-52.end_confirmation;F90L:rep-53.start_us;F90L:rep-53.end_us;F90L:rep-53.start_confirmation;F90L:rep-53.end_confirmation;F90L:rep-54.start_us;F90L:rep-54.end_us;F90L:rep-54.start_confirmation;F90L:rep-54.end_confirmation,partial_end,,,,F90L/CLEAN-S/SAME/0,0.0
F90L/D-C-H-minus-exact/B/0,F90L,D-C-H-minus-exact,S,B,0,"{""clock_enabled"": true, ""clock_ppm"": -500, ""map_control"": ""exact""}",W,False,complete,False,0.9999666666666667,1.0,1.0,300.0,54,54,0,0,0,0,0,0,1.0,1.0,B.orientation,0.00496891844929008,0.017453292519943295,rad,0.28469805588901137,F90L:rep-55.exclusion,interrupted;upstream_invalid:m2_invalid:outside_clock_validity,,,,F90L/CLEAN-S/SAME/0,0.0
F90L/D-C-H-minus-wrong/B/0,F90L,D-C-H-minus-wrong,S,B,0,"{""clock_enabled"": true, ""clock_ppm"": -500, ""map_control"": ""wrong""}",stress,True,stress_completed,False,1.0,1.0,1.0,300.0,54,54,0,0,0,0,0,0,1.0,1.0,interval_speed,1.0508014881142174,0.10471975511965977,rad/s,10.034415062501832,elevation;interval_speed;F90L:rep-1.start_us;F90L:rep-1.end_us;F90L:rep-1.start_confirmation;F90L:rep-1.end_confirmation;F90L:rep-2.start_us;F90L:rep-2.end_us;F90L:rep-2.start_confirmation;F90L:rep-2.end_confirmation;F90L:rep-3.start_us;F90L:rep-3.end_us;F90L:rep-3.start_confirmation;F90L:rep-3.end_confirmation;F90L:rep-4.start_us;F90L:rep-4.end_us;F90L:rep-4.start_confirmation;F90L:rep-4.end_confirmation;F90L:rep-5.start_us;F90L:rep-5.end_us;F90L:rep-5.start_confirmation;F90L:rep-5.end_confirmation;F90L:rep-6.start_us;F90L:rep-6.end_us;F90L:rep-6.start_confirmation;F90L:rep-6.end_confirmation;F90L:rep-7.start_us;F90L:rep-7.end_us;F90L:rep-7.start_confirmation;F90L:rep-7.end_confirmation;F90L:rep-8.start_us;F90L:rep-8.end_us;F90L:rep-8.start_confirmation;F90L:rep-8.end_confirmation;F90L:rep-9.start_us;F90L:rep-9.end_us;F90L:rep-9.start_confirmation;F90L:rep-9.end_confirmation;F90L:rep-10.start_us;F90L:rep-10.end_us;F90L:rep-10.start_confirmation;F90L:rep-10.end_confirmation;F90L:rep-11.start_us;F90L:rep-11.end_us;F90L:rep-11.start_confirmation;F90L:rep-11.end_confirmation;F90L:rep-12.start_us;F90L:rep-12.end_us;F90L:rep-12.start_confirmation;F90L:rep-12.end_confirmation;F90L:rep-13.start_us;F90L:rep-13.end_us;F90L:rep-13.start_confirmation;F90L:rep-13.end_confirmation;F90L:rep-14.start_us;F90L:rep-14.end_us;F90L:rep-14.start_confirmation;F90L:rep-14.end_confirmation;F90L:rep-15.start_us;F90L:rep-15.end_us;F90L:rep-15.start_confirmation;F90L:rep-15.end_confirmation;F90L:rep-16.start_us;F90L:rep-16.end_us;F90L:rep-16.start_confirmation;F90L:rep-16.end_confirmation;F90L:rep-17.start_us;F90L:rep-17.end_us;F90L:rep-17.start_confirmation;F90L:rep-17.end_confirmation;F90L:rep-18.start_us;F90L:rep-18.end_us;F90L:rep-18.start_confirmation;F90L:rep-18.end_confirmation;F90L:rep-19.start_us;F90L:rep-19.end_us;F90L:rep-19.start_confirmation;F90L:rep-19.end_confirmation;F90L:rep-20.start_us;F90L:rep-20.end_us;F90L:rep-20.start_confirmation;F90L:rep-20.end_confirmation;F90L:rep-21.start_us;F90L:rep-21.end_us;F90L:rep-21.start_confirmation;F90L:rep-21.end_confirmation;F90L:rep-22.start_us;F90L:rep-22.end_us;F90L:rep-22.start_confirmation;F90L:rep-22.end_confirmation;F90L:rep-23.start_us;F90L:rep-23.end_us;F90L:rep-23.start_confirmation;F90L:rep-23.end_confirmation;F90L:rep-24.start_us;F90L:rep-24.end_us;F90L:rep-24.start_confirmation;F90L:rep-24.end_confirmation;F90L:rep-25.start_us;F90L:rep-25.end_us;F90L:rep-25.start_confirmation;F90L:rep-25.end_confirmation;F90L:rep-26.start_us;F90L:rep-26.end_us;F90L:rep-26.start_confirmation;F90L:rep-26.end_confirmation;F90L:rep-27.start_us;F90L:rep-27.end_us;F90L:rep-27.start_confirmation;F90L:rep-27.end_confirmation;F90L:rep-28.start_us;F90L:rep-28.end_us;F90L:rep-28.start_confirmation;F90L:rep-28.end_confirmation;F90L:rep-29.start_us;F90L:rep-29.end_us;F90L:rep-29.start_confirmation;F90L:rep-29.end_confirmation;F90L:rep-30.start_us;F90L:rep-30.end_us;F90L:rep-30.start_confirmation;F90L:rep-30.end_confirmation;F90L:rep-31.start_us;F90L:rep-31.end_us;F90L:rep-31.start_confirmation;F90L:rep-31.end_confirmation;F90L:rep-32.start_us;F90L:rep-32.end_us;F90L:rep-32.start_confirmation;F90L:rep-32.end_confirmation;F90L:rep-33.start_us;F90L:rep-33.end_us;F90L:rep-33.start_confirmation;F90L:rep-33.end_confirmation;F90L:rep-34.start_us;F90L:rep-34.end_us;F90L:rep-34.start_confirmation;F90L:rep-34.end_confirmation;F90L:rep-35.start_us;F90L:rep-35.end_us;F90L:rep-35.start_confirmation;F90L:rep-35.end_confirmation;F90L:rep-36.start_us;F90L:rep-36.end_us;F90L:rep-36.start_confirmation;F90L:rep-36.end_confirmation;F90L:rep-37.start_us;F90L:rep-37.end_us;F90L:rep-37.start_confirmation;F90L:rep-37.end_confirmation;F90L:rep-38.start_us;F90L:rep-38.end_us;F90L:rep-38.start_confirmation;F90L:rep-38.end_confirmation;F90L:rep-39.start_us;F90L:rep-39.end_us;F90L:rep-39.start_confirmation;F90L:rep-39.end_confirmation;F90L:rep-40.start_us;F90L:rep-40.end_us;F90L:rep-40.start_confirmation;F90L:rep-40.end_confirmation;F90L:rep-41.start_us;F90L:rep-41.end_us;F90L:rep-41.start_confirmation;F90L:rep-41.end_confirmation;F90L:rep-42.start_us;F90L:rep-42.end_us;F90L:rep-42.start_confirmation;F90L:rep-42.end_confirmation;F90L:rep-43.start_us;F90L:rep-43.end_us;F90L:rep-43.start_confirmation;F90L:rep-43.end_confirmation;F90L:rep-44.start_us;F90L:rep-44.end_us;F90L:rep-44.start_confirmation;F90L:rep-44.end_confirmation;F90L:rep-45.start_us;F90L:rep-45.end_us;F90L:rep-45.start_confirmation;F90L:rep-45.end_confirmation;F90L:rep-46.start_us;F90L:rep-46.end_us;F90L:rep-46.start_confirmation;F90L:rep-46.end_confirmation;F90L:rep-47.start_us;F90L:rep-47.end_us;F90L:rep-47.start_confirmation;F90L:rep-47.end_confirmation;F90L:rep-48.start_us;F90L:rep-48.end_us;F90L:rep-48.start_confirmation;F90L:rep-48.end_confirmation;F90L:rep-49.start_us;F90L:rep-49.end_us;F90L:rep-49.start_confirmation;F90L:rep-49.end_confirmation;F90L:rep-50.start_us;F90L:rep-50.end_us;F90L:rep-50.start_confirmation;F90L:rep-50.end_confirmation;F90L:rep-51.start_us;F90L:rep-51.end_us;F90L:rep-51.start_confirmation;F90L:rep-51.end_confirmation;F90L:rep-52.start_us;F90L:rep-52.start_confirmation,partial_end,,,,F90L/CLEAN-S/SAME/0,0.0
F90L/D-C-H-plus-exact/B/0,F90L,D-C-H-plus-exact,S,B,0,"{""clock_enabled"": true, ""clock_ppm"": 500, ""map_control"": ""exact""}",W,True,complete,True,1.0,1.0,1.0,300.0,54,54,0,0,0,0,0,0,1.0,1.0,B.orientation,0.006079098437934399,0.017453292519943295,rad,0.34830668373821244,,partial_end,,,,F90L/CLEAN-S/SAME/0,0.0
F90L/D-C-H-plus-wrong/B/0,F90L,D-C-H-plus-wrong,S,B,0,"{""clock_enabled"": true, ""clock_ppm"": 500, ""map_control"": ""wrong""}",stress,True,stress_completed,False,1.0,1.0,1.0,300.0,54,54,0,0,0,0,0,0,1.0,1.0,interval_speed,1.050756294008995,0.10471975511965977,rad/s,10.033983490587147,elevation;interval_speed;F90L:rep-1.start_us;F90L:rep-1.end_us;F90L:rep-1.start_confirmation;F90L:rep-1.end_confirmation;F90L:rep-2.start_us;F90L:rep-2.end_us;F90L:rep-2.start_confirmation;F90L:rep-2.end_confirmation;F90L:rep-3.start_us;F90L:rep-3.end_us;F90L:rep-3.start_confirmation;F90L:rep-3.end_confirmation;F90L:rep-4.start_us;F90L:rep-4.end_us;F90L:rep-4.start_confirmation;F90L:rep-4.end_confirmation;F90L:rep-5.start_us;F90L:rep-5.end_us;F90L:rep-5.start_confirmation;F90L:rep-5.end_confirmation;F90L:rep-6.start_us;F90L:rep-6.end_us;F90L:rep-6.start_confirmation;F90L:rep-6.end_confirmation;F90L:rep-7.start_us;F90L:rep-7.end_us;F90L:rep-7.start_confirmation;F90L:rep-7.end_confirmation;F90L:rep-8.start_us;F90L:rep-8.end_us;F90L:rep-8.start_confirmation;F90L:rep-8.end_confirmation;F90L:rep-9.start_us;F90L:rep-9.end_us;F90L:rep-9.start_confirmation;F90L:rep-9.end_confirmation;F90L:rep-10.start_us;F90L:rep-10.end_us;F90L:rep-10.start_confirmation;F90L:rep-10.end_confirmation;F90L:rep-11.start_us;F90L:rep-11.end_us;F90L:rep-11.start_confirmation;F90L:rep-11.end_confirmation;F90L:rep-12.start_us;F90L:rep-12.end_us;F90L:rep-12.start_confirmation;F90L:rep-12.end_confirmation;F90L:rep-13.start_us;F90L:rep-13.end_us;F90L:rep-13.start_confirmation;F90L:rep-13.end_confirmation;F90L:rep-14.start_us;F90L:rep-14.end_us;F90L:rep-14.start_confirmation;F90L:rep-14.end_confirmation;F90L:rep-15.start_us;F90L:rep-15.end_us;F90L:rep-15.start_confirmation;F90L:rep-15.end_confirmation;F90L:rep-16.start_us;F90L:rep-16.end_us;F90L:rep-16.start_confirmation;F90L:rep-16.end_confirmation;F90L:rep-17.start_us;F90L:rep-17.end_us;F90L:rep-17.start_confirmation;F90L:rep-17.end_confirmation;F90L:rep-18.start_us;F90L:rep-18.end_us;F90L:rep-18.start_confirmation;F90L:rep-18.end_confirmation;F90L:rep-19.start_us;F90L:rep-19.end_us;F90L:rep-19.start_confirmation;F90L:rep-19.end_confirmation;F90L:rep-20.start_us;F90L:rep-20.end_us;F90L:rep-20.start_confirmation;F90L:rep-20.end_confirmation;F90L:rep-21.start_us;F90L:rep-21.end_us;F90L:rep-21.start_confirmation;F90L:rep-21.end_confirmation;F90L:rep-22.start_us;F90L:rep-22.end_us;F90L:rep-22.start_confirmation;F90L:rep-22.end_confirmation;F90L:rep-23.start_us;F90L:rep-23.end_us;F90L:rep-23.start_confirmation;F90L:rep-23.end_confirmation;F90L:rep-24.start_us;F90L:rep-24.end_us;F90L:rep-24.start_confirmation;F90L:rep-24.end_confirmation;F90L:rep-25.start_us;F90L:rep-25.end_us;F90L:rep-25.start_confirmation;F90L:rep-25.end_confirmation;F90L:rep-26.start_us;F90L:rep-26.end_us;F90L:rep-26.start_confirmation;F90L:rep-26.end_confirmation;F90L:rep-27.start_us;F90L:rep-27.end_us;F90L:rep-27.start_confirmation;F90L:rep-27.end_confirmation;F90L:rep-28.start_us;F90L:rep-28.end_us;F90L:rep-28.start_confirmation;F90L:rep-28.end_confirmation;F90L:rep-29.start_us;F90L:rep-29.end_us;F90L:rep-29.start_confirmation;F90L:rep-29.end_confirmation;F90L:rep-30.start_us;F90L:rep-30.end_us;F90L:rep-30.start_confirmation;F90L:rep-30.end_confirmation;F90L:rep-31.start_us;F90L:rep-31.end_us;F90L:rep-31.start_confirmation;F90L:rep-31.end_confirmation;F90L:rep-32.start_us;F90L:rep-32.end_us;F90L:rep-32.start_confirmation;F90L:rep-32.end_confirmation;F90L:rep-33.start_us;F90L:rep-33.end_us;F90L:rep-33.start_confirmation;F90L:rep-33.end_confirmation;F90L:rep-34.start_us;F90L:rep-34.end_us;F90L:rep-34.start_confirmation;F90L:rep-34.end_confirmation;F90L:rep-35.start_us;F90L:rep-35.end_us;F90L:rep-35.start_confirmation;F90L:rep-35.end_confirmation;F90L:rep-36.start_us;F90L:rep-36.end_us;F90L:rep-36.start_confirmation;F90L:rep-36.end_confirmation;F90L:rep-37.start_us;F90L:rep-37.end_us;F90L:rep-37.start_confirmation;F90L:rep-37.end_confirmation;F90L:rep-38.start_us;F90L:rep-38.end_us;F90L:rep-38.start_confirmation;F90L:rep-38.end_confirmation;F90L:rep-39.start_us;F90L:rep-39.end_us;F90L:rep-39.start_confirmation;F90L:rep-39.end_confirmation;F90L:rep-40.start_us;F90L:rep-40.end_us;F90L:rep-40.start_confirmation;F90L:rep-40.end_confirmation;F90L:rep-41.start_us;F90L:rep-41.end_us;F90L:rep-41.start_confirmation;F90L:rep-41.end_confirmation;F90L:rep-42.start_us;F90L:rep-42.end_us;F90L:rep-42.start_confirmation;F90L:rep-42.end_confirmation;F90L:rep-43.start_us;F90L:rep-43.end_us;F90L:rep-43.start_confirmation;F90L:rep-43.end_confirmation;F90L:rep-44.start_us;F90L:rep-44.end_us;F90L:rep-44.start_confirmation;F90L:rep-44.end_confirmation;F90L:rep-45.start_us;F90L:rep-45.end_us;F90L:rep-45.start_confirmation;F90L:rep-45.end_confirmation;F90L:rep-46.start_us;F90L:rep-46.end_us;F90L:rep-46.start_confirmation;F90L:rep-46.end_confirmation;F90L:rep-47.start_us;F90L:rep-47.end_us;F90L:rep-47.start_confirmation;F90L:rep-47.end_confirmation;F90L:rep-48.start_us;F90L:rep-48.end_us;F90L:rep-48.start_confirmation;F90L:rep-48.end_confirmation;F90L:rep-49.start_us;F90L:rep-49.end_us;F90L:rep-49.start_confirmation;F90L:rep-49.end_confirmation;F90L:rep-50.start_us;F90L:rep-50.end_us;F90L:rep-50.start_confirmation;F90L:rep-50.end_confirmation;F90L:rep-51.start_us;F90L:rep-51.end_us;F90L:rep-51.start_confirmation;F90L:rep-51.end_confirmation;F90L:rep-52.start_us;F90L:rep-52.end_us;F90L:rep-52.start_confirmation;F90L:rep-52.end_confirmation;F90L:rep-53.start_us;F90L:rep-53.end_us;F90L:rep-53.start_confirmation;F90L:rep-53.end_confirmation;F90L:rep-54.start_us;F90L:rep-54.end_us;F90L:rep-54.start_confirmation;F90L:rep-54.end_confirmation,partial_end,,,,F90L/CLEAN-S/SAME/0,0.0
F90L/D-C-L-minus-exact/B/0,F90L,D-C-L-minus-exact,S,B,0,"{""clock_enabled"": true, ""clock_ppm"": -100, ""map_control"": ""exact""}",W,True,complete,True,1.0,1.0,1.0,300.0,54,54,0,0,0,0,0,0,1.0,1.0,B.orientation,0.005413159815261389,0.017453292519943295,rad,0.31015121124429396,,partial_end,,,,F90L/CLEAN-S/SAME/0,0.0
F90L/D-C-L-minus-wrong/B/0,F90L,D-C-L-minus-wrong,S,B,0,"{""clock_enabled"": true, ""clock_ppm"": -100, ""map_control"": ""wrong""}",stress,True,stress_completed,False,1.0,1.0,1.0,300.0,54,54,0,0,0,0,0,0,1.0,1.0,interval_speed,1.0506689611289821,0.10471975511965977,rad/s,10.033149523014238,elevation;interval_speed;F90L:rep-1.start_us;F90L:rep-1.end_us;F90L:rep-1.start_confirmation;F90L:rep-1.end_confirmation;F90L:rep-2.start_us;F90L:rep-2.end_us;F90L:rep-2.start_confirmation;F90L:rep-2.end_confirmation;F90L:rep-3.start_us;F90L:rep-3.end_us;F90L:rep-3.start_confirmation;F90L:rep-3.end_confirmation;F90L:rep-4.start_us;F90L:rep-4.end_us;F90L:rep-4.start_confirmation;F90L:rep-4.end_confirmation;F90L:rep-5.start_us;F90L:rep-5.end_us;F90L:rep-5.start_confirmation;F90L:rep-5.end_confirmation;F90L:rep-6.start_us;F90L:rep-6.end_us;F90L:rep-6.start_confirmation;F90L:rep-6.end_confirmation;F90L:rep-7.start_us;F90L:rep-7.end_us;F90L:rep-7.start_confirmation;F90L:rep-7.end_confirmation;F90L:rep-8.start_us;F90L:rep-8.end_us;F90L:rep-8.start_confirmation;F90L:rep-8.end_confirmation;F90L:rep-9.start_us;F90L:rep-9.end_us;F90L:rep-9.start_confirmation;F90L:rep-9.end_confirmation;F90L:rep-10.start_us;F90L:rep-10.end_us;F90L:rep-10.start_confirmation;F90L:rep-10.end_confirmation;F90L:rep-11.start_us;F90L:rep-11.end_us;F90L:rep-11.start_confirmation;F90L:rep-11.end_confirmation;F90L:rep-12.start_us;F90L:rep-12.end_us;F90L:rep-12.start_confirmation;F90L:rep-12.end_confirmation;F90L:rep-13.start_us;F90L:rep-13.end_us;F90L:rep-13.start_confirmation;F90L:rep-13.end_confirmation;F90L:rep-14.start_us;F90L:rep-14.end_us;F90L:rep-14.start_confirmation;F90L:rep-14.end_confirmation;F90L:rep-15.start_us;F90L:rep-15.end_us;F90L:rep-15.start_confirmation;F90L:rep-15.end_confirmation;F90L:rep-16.start_us;F90L:rep-16.end_us;F90L:rep-16.start_confirmation;F90L:rep-16.end_confirmation;F90L:rep-17.start_us;F90L:rep-17.end_us;F90L:rep-17.start_confirmation;F90L:rep-17.end_confirmation;F90L:rep-18.start_us;F90L:rep-18.end_us;F90L:rep-18.start_confirmation;F90L:rep-18.end_confirmation;F90L:rep-19.start_us;F90L:rep-19.end_us;F90L:rep-19.start_confirmation;F90L:rep-19.end_confirmation;F90L:rep-20.start_us;F90L:rep-20.end_us;F90L:rep-20.start_confirmation;F90L:rep-20.end_confirmation;F90L:rep-21.start_us;F90L:rep-21.end_us;F90L:rep-21.start_confirmation;F90L:rep-21.end_confirmation;F90L:rep-22.start_us;F90L:rep-22.end_us;F90L:rep-22.start_confirmation;F90L:rep-22.end_confirmation;F90L:rep-23.start_us;F90L:rep-23.end_us;F90L:rep-23.start_confirmation;F90L:rep-23.end_confirmation;F90L:rep-24.start_us;F90L:rep-24.end_us;F90L:rep-24.start_confirmation;F90L:rep-24.end_confirmation;F90L:rep-25.start_us;F90L:rep-25.end_us;F90L:rep-25.start_confirmation;F90L:rep-25.end_confirmation;F90L:rep-26.start_us;F90L:rep-26.end_us;F90L:rep-26.start_confirmation;F90L:rep-26.end_confirmation;F90L:rep-27.start_us;F90L:rep-27.end_us;F90L:rep-27.start_confirmation;F90L:rep-27.end_confirmation;F90L:rep-28.start_us;F90L:rep-28.end_us;F90L:rep-28.start_confirmation;F90L:rep-28.end_confirmation;F90L:rep-29.start_us;F90L:rep-29.end_us;F90L:rep-29.start_confirmation;F90L:rep-29.end_confirmation;F90L:rep-30.start_us;F90L:rep-30.end_us;F90L:rep-30.start_confirmation;F90L:rep-30.end_confirmation;F90L:rep-31.start_us;F90L:rep-31.end_us;F90L:rep-31.start_confirmation;F90L:rep-31.end_confirmation;F90L:rep-32.start_us;F90L:rep-32.end_us;F90L:rep-32.start_confirmation;F90L:rep-32.end_confirmation;F90L:rep-33.start_us;F90L:rep-33.end_us;F90L:rep-33.start_confirmation;F90L:rep-33.end_confirmation;F90L:rep-34.start_us;F90L:rep-34.end_us;F90L:rep-34.start_confirmation;F90L:rep-34.end_confirmation;F90L:rep-35.start_us;F90L:rep-35.end_us;F90L:rep-35.start_confirmation;F90L:rep-35.end_confirmation;F90L:rep-36.start_us;F90L:rep-36.end_us;F90L:rep-36.start_confirmation;F90L:rep-36.end_confirmation;F90L:rep-37.start_us;F90L:rep-37.end_us;F90L:rep-37.start_confirmation;F90L:rep-37.end_confirmation;F90L:rep-38.start_us;F90L:rep-38.end_us;F90L:rep-38.start_confirmation;F90L:rep-38.end_confirmation;F90L:rep-39.start_us;F90L:rep-39.end_us;F90L:rep-39.start_confirmation;F90L:rep-39.end_confirmation;F90L:rep-40.start_us;F90L:rep-40.end_us;F90L:rep-40.start_confirmation;F90L:rep-40.end_confirmation;F90L:rep-41.start_us;F90L:rep-41.end_us;F90L:rep-41.start_confirmation;F90L:rep-41.end_confirmation;F90L:rep-42.start_us;F90L:rep-42.end_us;F90L:rep-42.start_confirmation;F90L:rep-42.end_confirmation;F90L:rep-43.start_us;F90L:rep-43.end_us;F90L:rep-43.start_confirmation;F90L:rep-43.end_confirmation;F90L:rep-44.start_us;F90L:rep-44.end_us;F90L:rep-44.start_confirmation;F90L:rep-44.end_confirmation;F90L:rep-45.start_us;F90L:rep-45.end_us;F90L:rep-45.start_confirmation;F90L:rep-45.end_confirmation;F90L:rep-46.start_us;F90L:rep-46.end_us;F90L:rep-46.start_confirmation;F90L:rep-46.end_confirmation;F90L:rep-47.start_us;F90L:rep-47.end_us;F90L:rep-47.start_confirmation;F90L:rep-47.end_confirmation;F90L:rep-48.start_us;F90L:rep-48.end_us;F90L:rep-48.start_confirmation;F90L:rep-48.end_confirmation;F90L:rep-49.start_us;F90L:rep-49.end_us;F90L:rep-49.start_confirmation;F90L:rep-49.end_confirmation;F90L:rep-50.start_us;F90L:rep-50.end_us;F90L:rep-50.start_confirmation;F90L:rep-50.end_confirmation;F90L:rep-51.start_us;F90L:rep-51.end_us;F90L:rep-51.start_confirmation;F90L:rep-51.end_confirmation;F90L:rep-52.start_us;F90L:rep-52.end_us;F90L:rep-52.start_confirmation;F90L:rep-52.end_confirmation;F90L:rep-53.start_us;F90L:rep-53.end_us;F90L:rep-53.start_confirmation;F90L:rep-53.end_confirmation;F90L:rep-54.start_us;F90L:rep-54.end_us;F90L:rep-54.start_confirmation;F90L:rep-54.end_confirmation,partial_end,,,,F90L/CLEAN-S/SAME/0,0.0
F90L/D-C-L-plus-exact/B/0,F90L,D-C-L-plus-exact,S,B,0,"{""clock_enabled"": true, ""clock_ppm"": 100, ""map_control"": ""exact""}",W,True,complete,True,1.0,1.0,1.0,300.0,54,54,0,0,0,0,0,0,1.0,1.0,B.orientation,0.005635407557865886,0.017453292519943295,rad,0.3228850689018415,,partial_end,,,,F90L/CLEAN-S/SAME/0,0.0
F90L/D-C-L-plus-wrong/B/0,F90L,D-C-L-plus-wrong,S,B,0,"{""clock_enabled"": true, ""clock_ppm"": 100, ""map_control"": ""wrong""}",stress,True,stress_completed,False,1.0,1.0,1.0,300.0,54,54,0,0,0,0,0,0,1.0,1.0,interval_speed,1.0506547724705826,0.10471975511965977,rad/s,10.03301403130703,elevation;interval_speed;F90L:rep-1.start_us;F90L:rep-1.end_us;F90L:rep-1.start_confirmation;F90L:rep-1.end_confirmation;F90L:rep-2.start_us;F90L:rep-2.end_us;F90L:rep-2.start_confirmation;F90L:rep-2.end_confirmation;F90L:rep-3.start_us;F90L:rep-3.end_us;F90L:rep-3.start_confirmation;F90L:rep-3.end_confirmation;F90L:rep-4.start_us;F90L:rep-4.end_us;F90L:rep-4.start_confirmation;F90L:rep-4.end_confirmation;F90L:rep-5.start_us;F90L:rep-5.end_us;F90L:rep-5.start_confirmation;F90L:rep-5.end_confirmation;F90L:rep-6.start_us;F90L:rep-6.end_us;F90L:rep-6.start_confirmation;F90L:rep-6.end_confirmation;F90L:rep-7.start_us;F90L:rep-7.end_us;F90L:rep-7.start_confirmation;F90L:rep-7.end_confirmation;F90L:rep-8.start_us;F90L:rep-8.end_us;F90L:rep-8.start_confirmation;F90L:rep-8.end_confirmation;F90L:rep-9.start_us;F90L:rep-9.end_us;F90L:rep-9.start_confirmation;F90L:rep-9.end_confirmation;F90L:rep-10.start_us;F90L:rep-10.end_us;F90L:rep-10.start_confirmation;F90L:rep-10.end_confirmation;F90L:rep-11.start_us;F90L:rep-11.end_us;F90L:rep-11.start_confirmation;F90L:rep-11.end_confirmation;F90L:rep-12.start_us;F90L:rep-12.end_us;F90L:rep-12.start_confirmation;F90L:rep-12.end_confirmation;F90L:rep-13.start_us;F90L:rep-13.end_us;F90L:rep-13.start_confirmation;F90L:rep-13.end_confirmation;F90L:rep-14.start_us;F90L:rep-14.end_us;F90L:rep-14.start_confirmation;F90L:rep-14.end_confirmation;F90L:rep-15.start_us;F90L:rep-15.end_us;F90L:rep-15.start_confirmation;F90L:rep-15.end_confirmation;F90L:rep-16.start_us;F90L:rep-16.end_us;F90L:rep-16.start_confirmation;F90L:rep-16.end_confirmation;F90L:rep-17.start_us;F90L:rep-17.end_us;F90L:rep-17.start_confirmation;F90L:rep-17.end_confirmation;F90L:rep-18.start_us;F90L:rep-18.end_us;F90L:rep-18.start_confirmation;F90L:rep-18.end_confirmation;F90L:rep-19.start_us;F90L:rep-19.end_us;F90L:rep-19.start_confirmation;F90L:rep-19.end_confirmation;F90L:rep-20.start_us;F90L:rep-20.end_us;F90L:rep-20.start_confirmation;F90L:rep-20.end_confirmation;F90L:rep-21.start_us;F90L:rep-21.end_us;F90L:rep-21.start_confirmation;F90L:rep-21.end_confirmation;F90L:rep-22.start_us;F90L:rep-22.end_us;F90L:rep-22.start_confirmation;F90L:rep-22.end_confirmation;F90L:rep-23.start_us;F90L:rep-23.end_us;F90L:rep-23.start_confirmation;F90L:rep-23.end_confirmation;F90L:rep-24.start_us;F90L:rep-24.end_us;F90L:rep-24.start_confirmation;F90L:rep-24.end_confirmation;F90L:rep-25.start_us;F90L:rep-25.end_us;F90L:rep-25.start_confirmation;F90L:rep-25.end_confirmation;F90L:rep-26.start_us;F90L:rep-26.end_us;F90L:rep-26.start_confirmation;F90L:rep-26.end_confirmation;F90L:rep-27.start_us;F90L:rep-27.end_us;F90L:rep-27.start_confirmation;F90L:rep-27.end_confirmation;F90L:rep-28.start_us;F90L:rep-28.end_us;F90L:rep-28.start_confirmation;F90L:rep-28.end_confirmation;F90L:rep-29.start_us;F90L:rep-29.end_us;F90L:rep-29.start_confirmation;F90L:rep-29.end_confirmation;F90L:rep-30.start_us;F90L:rep-30.end_us;F90L:rep-30.start_confirmation;F90L:rep-30.end_confirmation;F90L:rep-31.start_us;F90L:rep-31.end_us;F90L:rep-31.start_confirmation;F90L:rep-31.end_confirmation;F90L:rep-32.start_us;F90L:rep-32.end_us;F90L:rep-32.start_confirmation;F90L:rep-32.end_confirmation;F90L:rep-33.start_us;F90L:rep-33.end_us;F90L:rep-33.start_confirmation;F90L:rep-33.end_confirmation;F90L:rep-34.start_us;F90L:rep-34.end_us;F90L:rep-34.start_confirmation;F90L:rep-34.end_confirmation;F90L:rep-35.start_us;F90L:rep-35.end_us;F90L:rep-35.start_confirmation;F90L:rep-35.end_confirmation;F90L:rep-36.start_us;F90L:rep-36.end_us;F90L:rep-36.start_confirmation;F90L:rep-36.end_confirmation;F90L:rep-37.start_us;F90L:rep-37.end_us;F90L:rep-37.start_confirmation;F90L:rep-37.end_confirmation;F90L:rep-38.start_us;F90L:rep-38.end_us;F90L:rep-38.start_confirmation;F90L:rep-38.end_confirmation;F90L:rep-39.start_us;F90L:rep-39.end_us;F90L:rep-39.start_confirmation;F90L:rep-39.end_confirmation;F90L:rep-40.start_us;F90L:rep-40.end_us;F90L:rep-40.start_confirmation;F90L:rep-40.end_confirmation;F90L:rep-41.start_us;F90L:rep-41.end_us;F90L:rep-41.start_confirmation;F90L:rep-41.end_confirmation;F90L:rep-42.start_us;F90L:rep-42.end_us;F90L:rep-42.start_confirmation;F90L:rep-42.end_confirmation;F90L:rep-43.start_us;F90L:rep-43.end_us;F90L:rep-43.start_confirmation;F90L:rep-43.end_confirmation;F90L:rep-44.start_us;F90L:rep-44.end_us;F90L:rep-44.start_confirmation;F90L:rep-44.end_confirmation;F90L:rep-45.start_us;F90L:rep-45.end_us;F90L:rep-45.start_confirmation;F90L:rep-45.end_confirmation;F90L:rep-46.start_us;F90L:rep-46.end_us;F90L:rep-46.start_confirmation;F90L:rep-46.end_confirmation;F90L:rep-47.start_us;F90L:rep-47.end_us;F90L:rep-47.start_confirmation;F90L:rep-47.end_confirmation;F90L:rep-48.start_us;F90L:rep-48.end_us;F90L:rep-48.start_confirmation;F90L:rep-48.end_confirmation;F90L:rep-49.start_us;F90L:rep-49.end_us;F90L:rep-49.start_confirmation;F90L:rep-49.end_confirmation;F90L:rep-50.start_us;F90L:rep-50.end_us;F90L:rep-50.start_confirmation;F90L:rep-50.end_confirmation;F90L:rep-51.start_us;F90L:rep-51.end_us;F90L:rep-51.start_confirmation;F90L:rep-51.end_confirmation;F90L:rep-52.start_us;F90L:rep-52.end_us;F90L:rep-52.start_confirmation;F90L:rep-52.end_confirmation;F90L:rep-53.start_us;F90L:rep-53.end_us;F90L:rep-53.start_confirmation;F90L:rep-53.end_confirmation;F90L:rep-54.start_us;F90L:rep-54.end_us;F90L:rep-54.start_confirmation;F90L:rep-54.end_confirmation,partial_end,,,,F90L/CLEAN-S/SAME/0,0.0
F90L/D-C-X-minus-exact/B/0,F90L,D-C-X-minus-exact,S,B,0,"{""clock_enabled"": true, ""clock_ppm"": -5000, ""map_control"": ""exact""}",stress,True,stress_completed,False,0.9999666666666667,1.0,1.0,300.0,54,54,0,0,0,0,0,0,1.0,1.0,B.orientation,3.838486372330091e-05,0.017453292519943295,rad,0.0021992906885299614,F90L:rep-55.exclusion,interrupted;upstream_invalid:m2_invalid:outside_clock_validity,,,,F90L/CLEAN-S/SAME/0,0.0
F90L/D-C-X-minus-wrong/B/0,F90L,D-C-X-minus-wrong,S,B,0,"{""clock_enabled"": true, ""clock_ppm"": -5000, ""map_control"": ""wrong""}",stress,True,stress_completed,False,0.9957333333333335,1.0,1.0,300.0,54,54,0,0,0,0,0,0,1.0,1.0,elevation,1.3272799105787256,0.05235987755982988,rad,25.349179036220765,elevation;interval_speed;F90L:rep-1.start_us;F90L:rep-1.end_us;F90L:rep-1.start_confirmation;F90L:rep-1.end_confirmation;F90L:rep-1.peak_support;F90L:rep-2.start_us;F90L:rep-2.end_us;F90L:rep-2.start_confirmation;F90L:rep-2.end_confirmation;F90L:rep-2.peak_support;F90L:rep-3.start_us;F90L:rep-3.end_us;F90L:rep-3.start_confirmation;F90L:rep-3.end_confirmation;F90L:rep-3.peak_support;F90L:rep-4.start_us;F90L:rep-4.end_us;F90L:rep-4.start_confirmation;F90L:rep-4.end_confirmation;F90L:rep-4.peak_support;F90L:rep-5.start_us;F90L:rep-5.start_confirmation;F90L:rep-13.start_us;F90L:rep-13.end_us;F90L:rep-13.start_confirmation;F90L:rep-13.end_confirmation;F90L:rep-14.start_us;F90L:rep-14.end_us;F90L:rep-14.start_confirmation;F90L:rep-14.end_confirmation;F90L:rep-15.start_us;F90L:rep-15.end_us;F90L:rep-15.start_confirmation;F90L:rep-15.end_confirmation;F90L:rep-16.start_us;F90L:rep-16.end_us;F90L:rep-16.start_confirmation;F90L:rep-16.end_confirmation;F90L:rep-17.start_us;F90L:rep-17.end_us;F90L:rep-17.start_confirmation;F90L:rep-17.end_confirmation;F90L:rep-18.start_us;F90L:rep-18.end_us;F90L:rep-18.start_confirmation;F90L:rep-18.end_confirmation;F90L:rep-19.start_us;F90L:rep-19.end_us;F90L:rep-19.start_confirmation;F90L:rep-19.end_confirmation;F90L:rep-20.start_us;F90L:rep-20.end_us;F90L:rep-20.start_confirmation;F90L:rep-20.end_confirmation;F90L:rep-21.start_us;F90L:rep-21.end_us;F90L:rep-21.start_confirmation;F90L:rep-21.end_confirmation;F90L:rep-22.start_us;F90L:rep-22.end_us;F90L:rep-22.start_confirmation;F90L:rep-22.end_confirmation;F90L:rep-23.start_us;F90L:rep-23.end_us;F90L:rep-23.start_confirmation;F90L:rep-23.end_confirmation;F90L:rep-24.start_us;F90L:rep-24.end_us;F90L:rep-24.start_confirmation;F90L:rep-24.end_confirmation;F90L:rep-25.start_us;F90L:rep-25.end_us;F90L:rep-25.start_confirmation;F90L:rep-25.end_confirmation;F90L:rep-26.start_us;F90L:rep-26.end_us;F90L:rep-26.start_confirmation;F90L:rep-26.end_confirmation;F90L:rep-27.start_us;F90L:rep-27.end_us;F90L:rep-27.start_confirmation;F90L:rep-27.end_confirmation;F90L:rep-28.start_us;F90L:rep-28.end_us;F90L:rep-28.start_confirmation;F90L:rep-28.end_confirmation;F90L:rep-29.start_us;F90L:rep-29.end_us;F90L:rep-29.start_confirmation;F90L:rep-29.end_confirmation;F90L:rep-30.start_us;F90L:rep-30.end_us;F90L:rep-30.start_confirmation;F90L:rep-30.end_confirmation;F90L:rep-31.start_us;F90L:rep-31.end_us;F90L:rep-31.start_confirmation;F90L:rep-31.end_confirmation;F90L:rep-32.start_us;F90L:rep-32.end_us;F90L:rep-32.start_confirmation;F90L:rep-32.end_confirmation;F90L:rep-33.start_us;F90L:rep-33.end_us;F90L:rep-33.start_confirmation;F90L:rep-33.end_confirmation;F90L:rep-34.start_us;F90L:rep-34.end_us;F90L:rep-34.start_confirmation;F90L:rep-34.end_confirmation;F90L:rep-35.start_us;F90L:rep-35.end_us;F90L:rep-35.start_confirmation;F90L:rep-35.end_confirmation;F90L:rep-36.start_us;F90L:rep-36.end_us;F90L:rep-36.start_confirmation;F90L:rep-36.end_confirmation;F90L:rep-37.start_us;F90L:rep-37.end_us;F90L:rep-37.start_confirmation;F90L:rep-37.end_confirmation;F90L:rep-38.start_us;F90L:rep-38.end_us;F90L:rep-38.start_confirmation;F90L:rep-38.end_confirmation;F90L:rep-39.start_us;F90L:rep-39.end_us;F90L:rep-39.start_confirmation;F90L:rep-39.end_confirmation;F90L:rep-40.start_us;F90L:rep-40.end_us;F90L:rep-40.start_confirmation;F90L:rep-40.end_confirmation;F90L:rep-41.start_us;F90L:rep-41.end_us;F90L:rep-41.start_confirmation;F90L:rep-41.end_confirmation;F90L:rep-42.start_us;F90L:rep-42.end_us;F90L:rep-42.start_confirmation;F90L:rep-42.end_confirmation;F90L:rep-43.start_us;F90L:rep-43.end_us;F90L:rep-43.start_confirmation;F90L:rep-43.end_confirmation;F90L:rep-44.start_us;F90L:rep-44.end_us;F90L:rep-44.start_confirmation;F90L:rep-44.end_confirmation;F90L:rep-44.speed_estimated_mean;F90L:rep-45.start_us;F90L:rep-45.end_us;F90L:rep-45.start_confirmation;F90L:rep-45.end_confirmation;F90L:rep-45.speed_estimated_mean;F90L:rep-46.start_us;F90L:rep-46.end_us;F90L:rep-46.start_confirmation;F90L:rep-46.end_confirmation;F90L:rep-46.speed_estimated_mean;F90L:rep-47.start_us;F90L:rep-47.end_us;F90L:rep-47.start_confirmation;F90L:rep-47.end_confirmation;F90L:rep-47.speed_estimated_mean;F90L:rep-48.start_us;F90L:rep-48.end_us;F90L:rep-48.start_confirmation;F90L:rep-48.end_confirmation;F90L:rep-48.speed_estimated_mean;F90L:rep-49.start_us;F90L:rep-49.end_us;F90L:rep-49.start_confirmation;F90L:rep-49.end_confirmation;F90L:rep-49.peak_support;F90L:rep-49.speed_estimated_mean;F90L:rep-50.start_us;F90L:rep-50.end_us;F90L:rep-50.start_confirmation;F90L:rep-50.end_confirmation;F90L:rep-50.peak_support;F90L:rep-50.speed_estimated_mean;F90L:rep-51.start_us;F90L:rep-51.end_us;F90L:rep-51.start_confirmation;F90L:rep-51.end_confirmation;F90L:rep-51.peak_support;F90L:rep-51.speed_estimated_mean;F90L:rep-52.start_us;F90L:rep-52.end_us;F90L:rep-52.start_confirmation;F90L:rep-52.end_confirmation;F90L:rep-52.peak_support;F90L:rep-52.speed_estimated_mean;F90L:rep-53.start_us;F90L:rep-53.end_us;F90L:rep-53.start_confirmation;F90L:rep-53.end_confirmation;F90L:rep-53.peak_support;F90L:rep-53.speed_estimated_mean;F90L:rep-54.start_us;F90L:rep-54.end_us;F90L:rep-54.start_confirmation;F90L:rep-54.end_confirmation;F90L:rep-54.peak_support;F90L:rep-54.speed_estimated_mean,interrupted;upstream_invalid:m2_invalid:outside_clock_validity,,,,F90L/CLEAN-S/SAME/0,0.0
F90L/D-C-X-plus-exact/B/0,F90L,D-C-X-plus-exact,S,B,0,"{""clock_enabled"": true, ""clock_ppm"": 5000, ""map_control"": ""exact""}",stress,True,stress_completed,True,1.0,1.0,1.0,300.0,54,54,0,0,0,0,0,0,1.0,1.0,B.orientation,0.011068490345173975,0.017453292519943295,rad,0.6341777823597685,,partial_end,,,,F90L/CLEAN-S/SAME/0,0.0
F90L/D-C-X-plus-wrong/B/0,F90L,D-C-X-plus-wrong,S,B,0,"{""clock_enabled"": true, ""clock_ppm"": 5000, ""map_control"": ""wrong""}",stress,True,stress_completed,False,1.0,0.7222222222222222,1.0,300.0,54,54,15,15,0,0,0,0,1.0,1.0,elevation,1.5703569315333628,0.05235987755982988,rad,29.99160816865869,elevation;interval_speed;F90L:rep-1.start_us;F90L:rep-1.end_us;F90L:rep-1.start_confirmation;F90L:rep-1.end_confirmation;F90L:rep-2.start_us;F90L:rep-2.end_us;F90L:rep-2.start_confirmation;F90L:rep-2.end_confirmation;F90L:rep-3.start_us;F90L:rep-3.end_us;F90L:rep-3.start_confirmation;F90L:rep-3.end_confirmation;F90L:rep-4.start_us;F90L:rep-4.end_us;F90L:rep-4.start_confirmation;F90L:rep-4.end_confirmation;F90L:rep-5.start_us;F90L:rep-5.end_us;F90L:rep-5.start_confirmation;F90L:rep-5.end_confirmation;F90L:rep-6.start_us;F90L:rep-6.end_us;F90L:rep-6.start_confirmation;F90L:rep-6.end_confirmation;F90L:rep-7.start_us;F90L:rep-7.end_us;F90L:rep-7.start_confirmation;F90L:rep-7.end_confirmation;F90L:rep-8.start_us;F90L:rep-8.end_us;F90L:rep-8.start_confirmation;F90L:rep-8.end_confirmation;F90L:rep-9.start_us;F90L:rep-9.end_us;F90L:rep-9.start_confirmation;F90L:rep-9.end_confirmation;F90L:rep-10.start_us;F90L:rep-10.end_us;F90L:rep-10.start_confirmation;F90L:rep-10.end_confirmation;F90L:rep-11.start_us;F90L:rep-11.end_us;F90L:rep-11.start_confirmation;F90L:rep-11.end_confirmation;F90L:rep-11.speed_estimated_mean;F90L:rep-12.start_us;F90L:rep-12.end_us;F90L:rep-12.start_confirmation;F90L:rep-12.end_confirmation;F90L:rep-12.speed_estimated_mean;F90L:rep-13.start_us;F90L:rep-13.end_us;F90L:rep-13.start_confirmation;F90L:rep-13.end_confirmation;F90L:rep-13.speed_estimated_mean;F90L:rep-14.start_us;F90L:rep-14.end_us;F90L:rep-14.start_confirmation;F90L:rep-14.end_confirmation;F90L:rep-14.speed_estimated_mean;F90L:rep-15.start_us;F90L:rep-15.end_us;F90L:rep-15.start_confirmation;F90L:rep-15.end_confirmation;F90L:rep-15.speed_estimated_mean;F90L:rep-16.start_us;F90L:rep-16.end_us;F90L:rep-16.start_confirmation;F90L:rep-16.end_confirmation;F90L:rep-16.speed_estimated_mean;F90L:rep-17.start_us;F90L:rep-17.end_us;F90L:rep-17.start_confirmation;F90L:rep-17.end_confirmation;F90L:rep-17.speed_estimated_mean;F90L:rep-18.start_us;F90L:rep-18.end_us;F90L:rep-18.start_confirmation;F90L:rep-18.end_confirmation;F90L:rep-18.speed_estimated_mean;F90L:rep-19.start_us;F90L:rep-19.end_us;F90L:rep-19.start_confirmation;F90L:rep-19.end_confirmation;F90L:rep-19.speed_estimated_mean;F90L:rep-20.start_us;F90L:rep-20.end_us;F90L:rep-20.start_confirmation;F90L:rep-20.end_confirmation;F90L:rep-20.speed_estimated_mean;F90L:rep-21.start_us;F90L:rep-21.end_us;F90L:rep-21.start_confirmation;F90L:rep-21.end_confirmation;F90L:rep-21.speed_estimated_mean;F90L:rep-22.start_us;F90L:rep-22.end_us;F90L:rep-22.start_confirmation;F90L:rep-22.end_confirmation;F90L:rep-22.speed_estimated_mean;F90L:rep-23.start_us;F90L:rep-23.end_us;F90L:rep-23.start_confirmation;F90L:rep-23.end_confirmation;F90L:rep-23.speed_estimated_mean;F90L:rep-24.start_us;F90L:rep-24.end_us;F90L:rep-24.start_confirmation;F90L:rep-24.end_confirmation;F90L:rep-24.speed_estimated_mean;F90L:rep-25.start_us;F90L:rep-25.end_us;F90L:rep-25.start_confirmation;F90L:rep-25.end_confirmation;F90L:rep-25.speed_estimated_mean;F90L:rep-26.start_us;F90L:rep-26.end_us;F90L:rep-26.start_confirmation;F90L:rep-26.end_confirmation;F90L:rep-26.speed_estimated_mean;F90L:rep-27.start_us;F90L:rep-27.end_us;F90L:rep-27.start_confirmation;F90L:rep-27.end_confirmation;F90L:rep-27.speed_estimated_mean;F90L:rep-28.start_us;F90L:rep-28.end_us;F90L:rep-28.start_confirmation;F90L:rep-28.end_confirmation;F90L:rep-28.speed_estimated_mean;F90L:rep-29.start_us;F90L:rep-29.end_us;F90L:rep-29.start_confirmation;F90L:rep-29.end_confirmation;F90L:rep-29.speed_estimated_mean;F90L:rep-30.start_us;F90L:rep-30.end_us;F90L:rep-30.start_confirmation;F90L:rep-30.end_confirmation;F90L:rep-30.speed_estimated_mean;F90L:rep-31.start_us;F90L:rep-31.end_us;F90L:rep-31.start_confirmation;F90L:rep-31.end_confirmation;F90L:rep-31.peak_support;F90L:rep-31.speed_estimated_mean;F90L:rep-32.start_us;F90L:rep-32.end_us;F90L:rep-32.start_confirmation;F90L:rep-32.end_confirmation;F90L:rep-32.peak_support;F90L:rep-32.speed_estimated_mean;F90L:rep-33.start_us;F90L:rep-33.end_us;F90L:rep-33.start_confirmation;F90L:rep-33.end_confirmation;F90L:rep-33.peak_support;F90L:rep-33.speed_estimated_mean;F90L:rep-34.start_us;F90L:rep-34.end_us;F90L:rep-34.start_confirmation;F90L:rep-34.end_confirmation;F90L:rep-34.peak_support;F90L:rep-34.speed_estimated_mean;F90L:rep-35.start_us;F90L:rep-35.end_us;F90L:rep-35.start_confirmation;F90L:rep-35.end_confirmation;F90L:rep-35.peak_support;F90L:rep-35.speed_estimated_mean;F90L:rep-36.start_us;F90L:rep-36.end_us;F90L:rep-36.start_confirmation;F90L:rep-36.end_confirmation;F90L:rep-36.peak_support;F90L:rep-36.speed_estimated_mean;F90L:rep-37.start_us;F90L:rep-37.end_us;F90L:rep-37.start_confirmation;F90L:rep-37.end_confirmation;F90L:rep-37.peak_support;F90L:rep-37.speed_estimated_mean;F90L:rep-38.start_us;F90L:rep-38.end_us;F90L:rep-38.start_confirmation;F90L:rep-38.end_confirmation;F90L:rep-38.peak_support;F90L:rep-38.speed_estimated_mean;F90L:rep-39.start_us;F90L:rep-39.end_us;F90L:rep-39.start_confirmation;F90L:rep-39.end_confirmation;F90L:rep-39.peak_support;F90L:rep-39.speed_estimated_mean;counts;summary.rom_rad.support;summary.peak_elevation_rad.support;summary.rep_duration_s.support;summary.elevation_duration_s.support;summary.return_duration_s.support;summary.hold_duration_s.support;summary.rep_speed_mean_rads.support;summary.rep_speed_max_rads.support;summary.elevation_speed_mean_rads.support;summary.elevation_speed_max_rads.support;summary.return_speed_mean_rads.support;summary.return_speed_max_rads.support;summary.hold_speed_mean_rads.support;summary.hold_speed_max_rads.support;summary.thorax_extension_min_rad.support;summary.thorax_extension_max_rad.support;summary.thorax_extension_magnitude_rad.support;summary.thorax_lateral_flexion_min_rad.support;summary.thorax_lateral_flexion_max_rad.support;summary.thorax_lateral_flexion_magnitude_rad.support;summary.thorax_axial_rotation_min_rad.support;summary.thorax_axial_rotation_max_rad.support;summary.thorax_axial_rotation_magnitude_rad.support;summary.preceding_rest_duration_s.support,partial_end;phase_too_short,,,,F90L/CLEAN-S/SAME/0,0.0
F90L/D-H-H-sensor/A/0,F90L,D-H-H-sensor,S,A,0,"{""heading_path"": ""sensor"", ""heading_rate_rads"": 0.00034906585039886593}",stress,True,stress_completed,False,1.0,1.0,0.0,300.0,54,54,0,0,0,0,0,0,1.0,1.0,A.orientation,0.10646891809721724,0.017453292519943295,rad,6.10021965629458,A.orientation,partial_end;thorax_drift_exceeded,,,,F90L/CLEAN-S/SAME/0,0.10471975511965978
F90L/D-H-H-sensor/B/0,F90L,D-H-H-sensor,S,B,0,"{""heading_path"": ""sensor"", ""heading_rate_rads"": 0.00034906585039886593}",stress,True,stress_completed,False,1.0,1.0,1.0,300.0,54,54,0,0,0,0,0,0,1.0,1.0,B.orientation,0.1064602837064406,0.017453292519943295,rad,6.0997249421444115,B.orientation,partial_end,,,,F90L/CLEAN-S/SAME/0,0.0
F90L/D-H-H-sensor/SAME/0,F90L,D-H-H-sensor,S,SAME,0,"{""heading_path"": ""sensor"", ""heading_rate_rads"": 0.00034906585039886593}",stress,True,stress_completed,False,1.0,1.0,0.0,300.0,54,54,0,0,0,0,0,0,1.0,1.0,A.orientation,0.10646891809721724,0.017453292519943295,rad,6.10021965629458,A.orientation;B.orientation,partial_end;thorax_drift_exceeded,,,,F90L/CLEAN-S/SAME/0,0.10471975511965978
F90L/D-H-H-sensor/DIFF/0,F90L,D-H-H-sensor,S,DIFF,0,"{""heading_path"": ""sensor"", ""heading_rate_rads"": 0.00034906585039886593}",stress,True,stress_completed,False,1.0,1.0,0.0,300.0,54,54,0,0,0,0,0,0,1.0,1.0,A.orientation,0.10646891809721724,0.017453292519943295,rad,6.10021965629458,A.orientation;B.orientation,partial_end;thorax_drift_exceeded,,,,F90L/CLEAN-S/SAME/0,0.10471975511965978
F90L/D-H-H-world/A/0,F90L,D-H-H-world,E,A,0,"{""heading_path"": ""world"", ""heading_rate_rads"": 0.00034906585039886593}",stress,True,stress_completed,False,1.0,1.0,0.0,300.0,54,54,0,0,0,0,0,0,1.0,1.0,A.orientation,0.10471975511965978,0.017453292519943295,rad,6.0,A.orientation,partial_end;thorax_drift_exceeded,,,,F90L/CLEAN-E/SAME/0,0.10471975511965978
F90L/D-H-H-world/B/0,F90L,D-H-H-world,E,B,0,"{""heading_path"": ""world"", ""heading_rate_rads"": 0.00034906585039886593}",stress,True,stress_completed,False,1.0,1.0,1.0,300.0,54,54,0,0,0,0,0,0,1.0,1.0,B.orientation,0.10471975511965977,0.017453292519943295,rad,6.0,B.orientation,partial_end,,,,F90L/CLEAN-E/SAME/0,0.0
F90L/D-H-H-world/SAME/0,F90L,D-H-H-world,E,SAME,0,"{""heading_path"": ""world"", ""heading_rate_rads"": 0.00034906585039886593}",stress,True,stress_completed,False,1.0,1.0,0.0,300.0,54,54,0,0,0,0,0,0,1.0,1.0,A.orientation,0.10471975511965978,0.017453292519943295,rad,6.0,A.orientation;B.orientation,partial_end;thorax_drift_exceeded,,,,F90L/CLEAN-E/SAME/0,0.10471975511965978
F90L/D-H-H-world/DIFF/0,F90L,D-H-H-world,E,DIFF,0,"{""heading_path"": ""world"", ""heading_rate_rads"": 0.00034906585039886593}",stress,True,stress_completed,False,1.0,1.0,0.0,300.0,54,54,0,0,0,0,0,0,1.0,1.0,A.orientation,0.10471975511965978,0.017453292519943295,rad,6.0,A.orientation;B.orientation,partial_end;thorax_drift_exceeded,,,,F90L/CLEAN-E/SAME/0,0.10471975511965978
F90L/D-H-L-sensor/A/0,F90L,D-H-L-sensor,S,A,0,"{""heading_path"": ""sensor"", ""heading_rate_rads"": 3.490658503988659e-05}",W,True,complete,True,1.0,1.0,1.0,300.0,54,54,0,0,0,0,0,0,1.0,1.0,A.orientation,0.010645357599504156,0.017453292519943295,rad,0.6099340618591054,,partial_end,,,,F90L/CLEAN-S/SAME/0,0.010471975511965978
F90L/D-H-L-sensor/B/0,F90L,D-H-L-sensor,S,B,0,"{""heading_path"": ""sensor"", ""heading_rate_rads"": 3.490658503988659e-05}",W,True,complete,True,1.0,1.0,1.0,300.0,54,54,0,0,0,0,0,0,1.0,1.0,B.orientation,0.011465731067488294,0.017453292519943295,rad,0.6569379991991073,,partial_end,,,,F90L/CLEAN-S/SAME/0,0.0
F90L/D-H-L-sensor/SAME/0,F90L,D-H-L-sensor,S,SAME,0,"{""heading_path"": ""sensor"", ""heading_rate_rads"": 3.490658503988659e-05}",W,True,complete,True,1.0,1.0,1.0,300.0,54,54,0,0,0,0,0,0,1.0,1.0,B.orientation,0.011465731067488294,0.017453292519943295,rad,0.6569379991991073,,partial_end,,,,F90L/CLEAN-S/SAME/0,0.010471975511965978
F90L/D-H-L-sensor/DIFF/0,F90L,D-H-L-sensor,S,DIFF,0,"{""heading_path"": ""sensor"", ""heading_rate_rads"": 3.490658503988659e-05}",W,True,complete,True,1.0,1.0,1.0,300.0,54,54,0,0,0,0,0,0,1.0,1.0,B.orientation,0.011465731067488294,0.017453292519943295,rad,0.6569379991991073,,partial_end,,,,F90L/CLEAN-S/SAME/0,0.010471975511965978
F90L/D-H-L-world/A/0,F90L,D-H-L-world,E,A,0,"{""heading_path"": ""world"", ""heading_rate_rads"": 3.490658503988659e-05}",W,True,complete,True,1.0,1.0,1.0,300.0,54,54,0,0,0,0,0,0,1.0,1.0,A.orientation,0.01047197551196598,0.017453292519943295,rad,0.6000000000000001,,partial_end,,,,F90L/CLEAN-E/SAME/0,0.010471975511965978
F90L/D-H-L-world/B/0,F90L,D-H-L-world,E,B,0,"{""heading_path"": ""world"", ""heading_rate_rads"": 3.490658503988659e-05}",W,True,complete,True,1.0,1.0,1.0,300.0,54,54,0,0,0,0,0,0,1.0,1.0,B.orientation,0.010471975511965975,0.017453292519943295,rad,0.5999999999999999,,partial_end,,,,F90L/CLEAN-E/SAME/0,0.0
F90L/D-H-L-world/SAME/0,F90L,D-H-L-world,E,SAME,0,"{""heading_path"": ""world"", ""heading_rate_rads"": 3.490658503988659e-05}",W,True,complete,True,1.0,1.0,1.0,300.0,54,54,0,0,0,0,0,0,1.0,1.0,A.orientation,0.01047197551196598,0.017453292519943295,rad,0.6000000000000001,,partial_end,,,,F90L/CLEAN-E/SAME/0,0.010471975511965978
F90L/D-H-L-world/DIFF/0,F90L,D-H-L-world,E,DIFF,0,"{""heading_path"": ""world"", ""heading_rate_rads"": 3.490658503988659e-05}",W,True,complete,True,1.0,1.0,1.0,300.0,54,54,0,0,0,0,0,0,1.0,1.0,A.orientation,0.01047197551196598,0.017453292519943295,rad,0.6000000000000001,,partial_end,,,,F90L/CLEAN-E/SAME/0,0.010471975511965978
F90L/D-H-X-sensor/A/0,F90L,D-H-X-sensor,S,A,0,"{""heading_path"": ""sensor"", ""heading_rate_rads"": 0.003490658503988659}",stress,True,stress_completed,False,1.0,0.3148148148148148,0.0,300.0,54,17,37,0,0,0,0,0,1.0,1.0,A.orientation,1.0646505851302108,0.017453292519943295,rad,60.99998518409464,A.orientation;F90L:rep-18.missed;F90L:rep-19.missed;F90L:rep-20.missed;F90L:rep-21.missed;F90L:rep-22.missed;F90L:rep-23.missed;F90L:rep-24.missed;F90L:rep-25.missed;F90L:rep-26.missed;F90L:rep-27.missed;F90L:rep-28.missed;F90L:rep-29.missed;F90L:rep-30.missed;F90L:rep-31.missed;F90L:rep-32.missed;F90L:rep-33.missed;F90L:rep-34.missed;F90L:rep-35.missed;F90L:rep-36.missed;F90L:rep-37.missed;F90L:rep-38.missed;F90L:rep-39.missed;F90L:rep-40.missed;F90L:rep-41.missed;F90L:rep-42.missed;F90L:rep-43.missed;F90L:rep-44.missed;F90L:rep-45.missed;F90L:rep-46.missed;F90L:rep-47.missed;F90L:rep-48.missed;F90L:rep-49.missed;F90L:rep-50.missed;F90L:rep-51.missed;F90L:rep-52.missed;F90L:rep-53.missed;F90L:rep-54.missed;counts;summary.active_s,partial_end;plane_mismatch;thorax_drift_exceeded,,,,F90L/CLEAN-S/SAME/0,1.0471975511965979
F90L/D-H-X-sensor/B/0,F90L,D-H-X-sensor,S,B,0,"{""heading_path"": ""sensor"", ""heading_rate_rads"": 0.003490658503988659}",stress,True,stress_completed,False,1.0,0.3148148148148148,1.0,300.0,54,17,37,0,0,0,0,0,1.0,1.0,B.orientation,1.0646379682957205,0.017453292519943295,rad,60.99926229272753,B.orientation;F90L:rep-18.missed;F90L:rep-19.missed;F90L:rep-20.missed;F90L:rep-21.missed;F90L:rep-22.missed;F90L:rep-23.missed;F90L:rep-24.missed;F90L:rep-25.missed;F90L:rep-26.missed;F90L:rep-27.missed;F90L:rep-28.missed;F90L:rep-29.missed;F90L:rep-30.missed;F90L:rep-31.missed;F90L:rep-32.missed;F90L:rep-33.missed;F90L:rep-34.missed;F90L:rep-35.missed;F90L:rep-36.missed;F90L:rep-37.missed;F90L:rep-38.missed;F90L:rep-39.missed;F90L:rep-40.missed;F90L:rep-41.missed;F90L:rep-42.missed;F90L:rep-43.missed;F90L:rep-44.missed;F90L:rep-45.missed;F90L:rep-46.missed;F90L:rep-47.missed;F90L:rep-48.missed;F90L:rep-49.missed;F90L:rep-50.missed;F90L:rep-51.missed;F90L:rep-52.missed;F90L:rep-53.missed;F90L:rep-54.missed;counts;summary.active_s,partial_end;plane_mismatch,,,,F90L/CLEAN-S/SAME/0,0.0
F90L/D-H-X-sensor/SAME/0,F90L,D-H-X-sensor,S,SAME,0,"{""heading_path"": ""sensor"", ""heading_rate_rads"": 0.003490658503988659}",stress,True,stress_completed,False,1.0,1.0,0.0,300.0,54,54,0,0,0,0,0,0,1.0,1.0,A.orientation,1.0646505851302108,0.017453292519943295,rad,60.99998518409464,A.orientation;B.orientation,partial_end;thorax_drift_exceeded,,,,F90L/CLEAN-S/SAME/0,1.0471975511965979
F90L/D-H-X-sensor/DIFF/0,F90L,D-H-X-sensor,S,DIFF,0,"{""heading_path"": ""sensor"", ""heading_rate_rads"": 0.003490658503988659}",stress,True,stress_completed,False,1.0,0.14814814814814814,0.0,300.0,54,8,46,0,0,0,0,0,1.0,1.0,A.orientation,1.0646505851302108,0.017453292519943295,rad,60.99998518409464,A.orientation;B.orientation;F90L:rep-9.missed;F90L:rep-10.missed;F90L:rep-11.missed;F90L:rep-12.missed;F90L:rep-13.missed;F90L:rep-14.missed;F90L:rep-15.missed;F90L:rep-16.missed;F90L:rep-17.missed;F90L:rep-18.missed;F90L:rep-19.missed;F90L:rep-20.missed;F90L:rep-21.missed;F90L:rep-22.missed;F90L:rep-23.missed;F90L:rep-24.missed;F90L:rep-25.missed;F90L:rep-26.missed;F90L:rep-27.missed;F90L:rep-28.missed;F90L:rep-29.missed;F90L:rep-30.missed;F90L:rep-31.missed;F90L:rep-32.missed;F90L:rep-33.missed;F90L:rep-34.missed;F90L:rep-35.missed;F90L:rep-36.missed;F90L:rep-37.missed;F90L:rep-38.missed;F90L:rep-39.missed;F90L:rep-40.missed;F90L:rep-41.missed;F90L:rep-42.missed;F90L:rep-43.missed;F90L:rep-44.missed;F90L:rep-45.missed;F90L:rep-46.missed;F90L:rep-47.missed;F90L:rep-48.missed;F90L:rep-49.missed;F90L:rep-50.missed;F90L:rep-51.missed;F90L:rep-52.missed;F90L:rep-53.missed;F90L:rep-54.missed;counts;summary.active_s,partial_end;plane_mismatch;thorax_drift_exceeded,,,,F90L/CLEAN-S/SAME/0,1.0471975511965979
F90L/D-H-X-world/A/0,F90L,D-H-X-world,E,A,0,"{""heading_path"": ""world"", ""heading_rate_rads"": 0.003490658503988659}",stress,True,stress_completed,False,1.0,0.3333333333333333,0.0,300.0,54,18,36,0,0,0,0,0,1.0,1.0,A.orientation,1.0471975511965979,0.017453292519943295,rad,60.00000000000001,A.orientation;A.initialization;F90L:rep-19.missed;F90L:rep-20.missed;F90L:rep-21.missed;F90L:rep-22.missed;F90L:rep-23.missed;F90L:rep-24.missed;F90L:rep-25.missed;F90L:rep-26.missed;F90L:rep-27.missed;F90L:rep-28.missed;F90L:rep-29.missed;F90L:rep-30.missed;F90L:rep-31.missed;F90L:rep-32.missed;F90L:rep-33.missed;F90L:rep-34.missed;F90L:rep-35.missed;F90L:rep-36.missed;F90L:rep-37.missed;F90L:rep-38.missed;F90L:rep-39.missed;F90L:rep-40.missed;F90L:rep-41.missed;F90L:rep-42.missed;F90L:rep-43.missed;F90L:rep-44.missed;F90L:rep-45.missed;F90L:rep-46.missed;F90L:rep-47.missed;F90L:rep-48.missed;F90L:rep-49.missed;F90L:rep-50.missed;F90L:rep-51.missed;F90L:rep-52.missed;F90L:rep-53.missed;F90L:rep-54.missed;counts;summary.active_s,partial_end;plane_mismatch;thorax_drift_exceeded,,,,F90L/CLEAN-E/SAME/0,1.0471975511965979
F90L/D-H-X-world/B/0,F90L,D-H-X-world,E,B,0,"{""heading_path"": ""world"", ""heading_rate_rads"": 0.003490658503988659}",stress,True,stress_completed,False,1.0,0.3333333333333333,1.0,300.0,54,18,36,0,0,0,0,0,1.0,1.0,B.orientation,1.0471975511965976,0.017453292519943295,rad,59.99999999999999,B.orientation;B.initialization;F90L:rep-19.missed;F90L:rep-20.missed;F90L:rep-21.missed;F90L:rep-22.missed;F90L:rep-23.missed;F90L:rep-24.missed;F90L:rep-25.missed;F90L:rep-26.missed;F90L:rep-27.missed;F90L:rep-28.missed;F90L:rep-29.missed;F90L:rep-30.missed;F90L:rep-31.missed;F90L:rep-32.missed;F90L:rep-33.missed;F90L:rep-34.missed;F90L:rep-35.missed;F90L:rep-36.missed;F90L:rep-37.missed;F90L:rep-38.missed;F90L:rep-39.missed;F90L:rep-40.missed;F90L:rep-41.missed;F90L:rep-42.missed;F90L:rep-43.missed;F90L:rep-44.missed;F90L:rep-45.missed;F90L:rep-46.missed;F90L:rep-47.missed;F90L:rep-48.missed;F90L:rep-49.missed;F90L:rep-50.missed;F90L:rep-51.missed;F90L:rep-52.missed;F90L:rep-53.missed;F90L:rep-54.missed;counts;summary.active_s,partial_end;plane_mismatch,,,,F90L/CLEAN-E/SAME/0,0.0
F90L/D-H-X-world/SAME/0,F90L,D-H-X-world,E,SAME,0,"{""heading_path"": ""world"", ""heading_rate_rads"": 0.003490658503988659}",stress,True,stress_completed,False,1.0,1.0,0.0,300.0,54,54,0,0,0,0,0,0,1.0,1.0,A.orientation,1.0471975511965979,0.017453292519943295,rad,60.00000000000001,A.orientation;A.initialization;B.orientation;B.initialization,partial_end;thorax_drift_exceeded,,,,F90L/CLEAN-E/SAME/0,1.0471975511965979
F90L/D-H-X-world/DIFF/0,F90L,D-H-X-world,E,DIFF,0,"{""heading_path"": ""world"", ""heading_rate_rads"": 0.003490658503988659}",stress,True,stress_completed,False,1.0,0.16666666666666666,0.0,300.0,54,9,45,0,0,0,0,0,1.0,1.0,A.orientation,1.0471975511965979,0.017453292519943295,rad,60.00000000000001,A.orientation;A.initialization;B.orientation;B.initialization;F90L:rep-10.missed;F90L:rep-11.missed;F90L:rep-12.missed;F90L:rep-13.missed;F90L:rep-14.missed;F90L:rep-15.missed;F90L:rep-16.missed;F90L:rep-17.missed;F90L:rep-18.missed;F90L:rep-19.missed;F90L:rep-20.missed;F90L:rep-21.missed;F90L:rep-22.missed;F90L:rep-23.missed;F90L:rep-24.missed;F90L:rep-25.missed;F90L:rep-26.missed;F90L:rep-27.missed;F90L:rep-28.missed;F90L:rep-29.missed;F90L:rep-30.missed;F90L:rep-31.missed;F90L:rep-32.missed;F90L:rep-33.missed;F90L:rep-34.missed;F90L:rep-35.missed;F90L:rep-36.missed;F90L:rep-37.missed;F90L:rep-38.missed;F90L:rep-39.missed;F90L:rep-40.missed;F90L:rep-41.missed;F90L:rep-42.missed;F90L:rep-43.missed;F90L:rep-44.missed;F90L:rep-45.missed;F90L:rep-46.missed;F90L:rep-47.missed;F90L:rep-48.missed;F90L:rep-49.missed;F90L:rep-50.missed;F90L:rep-51.missed;F90L:rep-52.missed;F90L:rep-53.missed;F90L:rep-54.missed;counts;summary.active_s,partial_end;plane_mismatch;thorax_drift_exceeded,,,,F90L/CLEAN-E/SAME/0,1.0471975511965979
F90L/I-HD-300/DIFF/0,F90L,I-HD-300,S,DIFF,0,"{""evaluation_duration_s"": 300, ""heading_rate_rads"": 0.00034906585039886593}",stress,True,stress_completed,False,1.0,1.0,0.0,300.0,54,54,0,0,0,0,0,0,1.0,1.0,A.orientation,0.10646891809721724,0.017453292519943295,rad,6.10021965629458,A.orientation;B.orientation,partial_end;thorax_drift_exceeded,,,,F90L/CLEAN-S/SAME/0,0.10471975511965978
NOHOLD/CLEAN-E/SAME/0,NOHOLD,CLEAN-E,E,SAME,0,{},C,True,complete,True,1.0,1.0,1.0,13.5,3,3,0,0,0,0,0,0,1.0,1.0,interval_speed,1.8751666885918894e-13,1e-10,rad/s,0.0018751666885918894,,,,,,NOHOLD/CLEAN-E/SAME/0,0.0
NOHOLD/CLEAN-S/SAME/0,NOHOLD,CLEAN-S,S,SAME,0,{},C,True,complete,True,1.0,1.0,1.0,13.5,3,3,0,0,0,0,0,0,1.0,1.0,B.orientation,0.005524664224010412,0.006981317007977318,rad,0.7913498581567865,,,,,,NOHOLD/CLEAN-S/SAME/0,0.0
PARTIAL/CLEAN-E/SAME/0,PARTIAL,CLEAN-E,E,SAME,0,{},C,True,complete,True,1.0,1.0,1.0,14.2,1,1,0,0,0,0,0,0,1.0,1.0,interval_speed,2.48245868306185e-13,1e-10,rad/s,0.00248245868306185,,partial_end;partial_start,,,,PARTIAL/CLEAN-E/SAME/0,0.0
PARTIAL/CLEAN-S/SAME/0,PARTIAL,CLEAN-S,S,SAME,0,{},C,True,complete,True,1.0,1.0,1.0,14.2,1,1,0,0,0,0,0,0,1.0,1.0,B.orientation,0.005524664224010412,0.006981317007977318,rad,0.7913498581567865,,partial_end;partial_start,,,,PARTIAL/CLEAN-S/SAME/0,0.0
QUIET/CLEAN-E/SAME/0,QUIET,CLEAN-E,E,SAME,0,{},C,True,complete,True,1.0,,,30.0,0,0,0,0,0,0,0,0,1.0,1.0,A.initialization,0.0,1e-12,rad,0.0,,,,,,QUIET/CLEAN-E/SAME/0,0.0
QUIET/CLEAN-S/SAME/0,QUIET,CLEAN-S,S,SAME,0,{},C,True,complete,True,1.0,,,30.0,0,0,0,0,0,0,0,0,1.0,1.0,A.initialization,2.220446049250313e-16,0.006981317007977318,rad,3.180554681463517e-14,,,,,,QUIET/CLEAN-S/SAME/0,0.0
T-EXT/CLEAN-E/SAME/0,T-EXT,CLEAN-E,E,SAME,0,{},C,True,complete,True,1.0,1.0,1.0,16.5,3,3,0,0,0,0,0,0,1.0,1.0,interval_speed,3.055333763768431e-13,1e-10,rad/s,0.003055333763768431,,,,,,T-EXT/CLEAN-E/SAME/0,0.0
T-EXT/CLEAN-S/SAME/0,T-EXT,CLEAN-S,S,SAME,0,{},C,True,complete,True,1.0,1.0,1.0,16.5,3,3,0,0,0,0,0,0,1.0,1.0,B.orientation,0.006135313994737782,0.006981317007977318,rad,0.8788189947150606,,,,,,T-EXT/CLEAN-S/SAME/0,0.0
T-MIX/CLEAN-E/SAME/0,T-MIX,CLEAN-E,E,SAME,0,{},C,True,complete,True,1.0,1.0,1.0,16.5,3,3,0,0,0,0,0,0,1.0,1.0,interval_speed,2.7067237340361316e-13,1e-10,rad/s,0.0027067237340361316,,,,,,T-MIX/CLEAN-E/SAME/0,0.0
T-MIX/CLEAN-Q/SAME/0,T-MIX,CLEAN-Q,Q,SAME,0,{},C,True,complete,True,1.0,1.0,1.0,16.5,3,3,0,0,0,0,0,0,1.0,1.0,B.orientation,0.0061434053833784325,0.006981317007977318,rad,0.879978000763834,,,,,,T-MIX/CLEAN-Q/SAME/0,0.0
T-MIX/CLEAN-S/SAME/0,T-MIX,CLEAN-S,S,SAME,0,{},C,True,complete,True,1.0,1.0,1.0,16.5,3,3,0,0,0,0,0,0,1.0,1.0,B.orientation,0.0061459347717515616,0.006981317007977318,rad,0.8803403089601585,,,,,,T-MIX/CLEAN-S/SAME/0,0.0
VAR/CLEAN-E/SAME/0,VAR,CLEAN-E,E,SAME,0,{},C,True,complete,True,1.0,1.0,1.0,16.0,3,3,0,0,0,0,0,0,1.0,1.0,interval_speed,2.6290081223123707e-13,1e-10,rad/s,0.0026290081223123707,,,,,,VAR/CLEAN-E/SAME/0,0.0
VAR/CLEAN-S/SAME/0,VAR,CLEAN-S,S,SAME,0,{},C,True,complete,True,1.0,1.0,1.0,16.0,3,3,0,0,0,0,0,0,1.0,1.0,B.orientation,0.004804065182131904,0.006981317007977318,rad,0.6881316486047631,,,,,,VAR/CLEAN-S/SAME/0,0.0
WRONG/CLEAN-E/SAME/0,WRONG,CLEAN-E,E,SAME,0,{},C,True,complete,True,1.0,,,16.5,0,0,0,0,0,0,0,0,1.0,1.0,interval_speed,2.48245868306185e-13,1e-10,rad/s,0.00248245868306185,,plane_mismatch,,,,WRONG/CLEAN-E/SAME/0,0.0
WRONG/CLEAN-S/SAME/0,WRONG,CLEAN-S,S,SAME,0,{},C,True,complete,True,1.0,,,16.5,0,0,0,0,0,0,0,0,1.0,1.0,B.orientation,0.005523926426501909,0.006981317007977318,rad,0.7912441764483552,,plane_mismatch,,,,WRONG/CLEAN-S/SAME/0,0.0
