case_id,class,passed,stage,failed_gates,coverage,recall,node_orientation_max_deg,interval_speed_max_deg_s
AL90/B-C-H/A/0,W,True,complete,,1.0,1.0,0.3164976705793421,0.36844156578609455
AL90/B-C-H/B/0,W,True,complete,,1.0,1.0,0.31846315908655964,0.3684194836153087
AL90/B-C-H/SAME/0,W,True,complete,,1.0,1.0,0.31846315908655964,0.36841946825448907
AL90/B-C-H/DIFF/0,W,True,complete,,1.0,1.0,0.3184649649623975,0.36841758692349535
AL90/B-C-L/A/0,W,True,complete,,1.0,1.0,0.3164976705793421,0.3684415657863108
AL90/B-C-L/B/0,W,True,complete,,1.0,1.0,0.3165297763143257,0.368429046682107
AL90/B-C-L/SAME/0,W,True,complete,,1.0,1.0,0.3165297763143257,0.3684290465312215
AL90/B-C-L/DIFF/0,W,True,complete,,1.0,1.0,0.31652304117367513,0.3684276297262566
AL90/B-C-X/A/0,stress,True,stress_completed,A.orientation;A.initialization,1.0,1.0,2.0003636164203313,0.368441566667986
AL90/B-C-X/B/0,stress,True,stress_completed,B.orientation;B.initialization,1.0,1.0,9.798064464640929,1.2516554021570938
AL90/B-C-X/SAME/0,stress,True,stress_completed,A.orientation;A.initialization;B.orientation;B.initialization,1.0,1.0,9.798064464640929,1.2748487593332734
AL90/B-C-X/DIFF/0,stress,True,stress_completed,A.orientation;A.initialization;B.orientation;B.initialization;elevation,1.0,1.0,9.79799222507078,1.229231293994749
AL90/B-R-H/A/0,W,True,complete,,1.0,1.0,0.3164976705793421,0.36844175849685684
AL90/B-R-H/B/0,W,True,complete,,1.0,1.0,0.31653912112271443,0.36841922963443
AL90/B-R-H/SAME/0,W,True,complete,,1.0,1.0,0.31653912112271443,0.36841219485816656
AL90/B-R-H/DIFF/0,W,True,complete,,1.0,1.0,0.3165357300863609,0.36842554497974583
AL90/B-R-L/A/0,W,True,complete,,1.0,1.0,0.3164976705793421,0.3684415676732703
AL90/B-R-L/B/0,W,True,complete,,1.0,1.0,0.31650290298069333,0.36843860101510223
AL90/B-R-L/SAME/0,W,True,complete,,1.0,1.0,0.31650290298069333,0.36843853183400493
AL90/B-R-L/DIFF/0,W,True,complete,,1.0,1.0,0.3165029029806934,0.36843534234224473
AL90/B-R-X/A/0,stress,True,stress_completed,A.orientation;elevation,1.0,1.0,3.5192144094183937,0.36892494489821437
AL90/B-R-X/B/0,stress,True,stress_completed,B.orientation,1.0,1.0,9.41871949456443,1.7365219561047633
AL90/B-R-X/SAME/0,stress,True,stress_completed,A.orientation;B.orientation,1.0,1.0,9.41871949456443,1.8666744444287053
AL90/B-R-X/DIFF/0,stress,True,stress_completed,A.orientation;B.orientation;elevation,1.0,1.0,9.418723340143217,1.658627369370801
AL90/C-APPLY/SAME/0,C,True,complete,,1.0,1.0,0.3164976705793421,0.36844156578634896
AL90/C-FIT-H/SAME/1103,W,True,complete,,1.0,1.0,0.4021766306593621,1.908599870138057
AL90/C-FIT-H/SAME/2207,W,True,complete,,1.0,1.0,0.32493150595966214,1.6459280678133617
AL90/C-FIT-H/SAME/3301,W,True,complete,,1.0,1.0,0.36192029500432527,1.607886267586719
AL90/C-FIT-H/SAME/4409,W,True,complete,,1.0,1.0,0.3474515297128324,1.8489219877300471
AL90/C-FIT-H/SAME/5519,W,True,complete,,1.0,1.0,0.3299984710360321,1.603537717595404
AL90/C-FIT-L/SAME/1103,W,True,complete,,1.0,1.0,0.4021766306593621,1.908599870138057
AL90/C-FIT-L/SAME/2207,W,True,complete,,1.0,1.0,0.32493150595966214,1.6459280678133617
AL90/C-FIT-L/SAME/3301,W,True,complete,,1.0,1.0,0.36192029500432527,1.607886267586719
AL90/C-FIT-L/SAME/4409,W,True,complete,,1.0,1.0,0.3474515297128324,1.8489219877300471
AL90/C-FIT-L/SAME/5519,W,True,complete,,1.0,1.0,0.3299984710360321,1.603537717595404
AL90/CLEAN-E/SAME/0,C,True,complete,,1.0,1.0,1.1040546815383531e-13,1.4223440535504847e-11
AL90/CLEAN-Q/SAME/0,C,True,complete,,1.0,1.0,0.32447197062941424,0.37292148793786317
AL90/CLEAN-S/SAME/0,C,True,complete,,1.0,1.0,0.3164976705793421,0.36844156578634896
AL90/D-C-0-exact/B/0,W,True,complete,,1.0,1.0,0.3164976705793421,0.36844156578634896
AL90/D-C-0-wrong/B/0,stress,True,stress_completed,elevation;interval_speed;AL90:rep-1.start_us;AL90:rep-1.end_us;AL90:rep-1.start_confirmation;AL90:rep-1.end_confirmation;AL90:rep-2.start_us;AL90:rep-2.end_us;AL90:rep-2.start_confirmation;AL90:rep-2.end_confirmation;AL90:rep-3.start_us;AL90:rep-3.end_us;AL90:rep-3.start_confirmation;AL90:rep-3.end_confirmation,1.0,1.0,0.3164976705793421,60.1965401944096
AL90/D-C-H-minus-exact/B/0,W,True,complete,,1.0,1.0,0.284675734153042,0.3313381780882287
AL90/D-C-H-minus-wrong/B/0,stress,True,stress_completed,elevation;interval_speed;AL90:rep-1.start_us;AL90:rep-1.end_us;AL90:rep-1.start_confirmation;AL90:rep-1.end_confirmation;AL90:rep-2.start_us;AL90:rep-2.end_us;AL90:rep-2.start_confirmation;AL90:rep-2.end_confirmation;AL90:rep-3.start_us;AL90:rep-3.end_us;AL90:rep-3.start_confirmation;AL90:rep-3.end_confirmation,1.0,1.0,0.284675734153042,60.20629878018376
AL90/D-C-H-plus-exact/B/0,W,True,complete,,1.0,1.0,0.34832993864921236,0.40554135323390617
AL90/D-C-H-plus-wrong/B/0,stress,True,stress_completed,elevation;interval_speed;AL90:rep-1.start_us;AL90:rep-1.end_us;AL90:rep-1.start_confirmation;AL90:rep-1.end_confirmation;AL90:rep-2.start_us;AL90:rep-2.end_us;AL90:rep-2.start_confirmation;AL90:rep-2.end_confirmation;AL90:rep-3.start_us;AL90:rep-3.end_us;AL90:rep-3.start_confirmation;AL90:rep-3.end_confirmation,1.0,1.0,0.34832993864921236,60.18741423810576
AL90/D-C-L-minus-exact/B/0,W,True,complete,,1.0,1.0,0.31015585467081164,0.36100111706117183
AL90/D-C-L-minus-wrong/B/0,stress,True,stress_completed,elevation;interval_speed;AL90:rep-1.start_us;AL90:rep-1.end_us;AL90:rep-1.start_confirmation;AL90:rep-1.end_confirmation;AL90:rep-2.start_us;AL90:rep-2.end_us;AL90:rep-2.start_confirmation;AL90:rep-2.end_confirmation;AL90:rep-3.start_us;AL90:rep-3.end_us;AL90:rep-3.start_confirmation;AL90:rep-3.end_confirmation,1.0,1.0,0.31015585467081164,60.19855408230639
AL90/D-C-L-plus-exact/B/0,W,True,complete,,1.0,1.0,0.3228736934633009,0.3758514068717153
AL90/D-C-L-plus-wrong/B/0,stress,True,stress_completed,elevation;interval_speed;AL90:rep-1.start_us;AL90:rep-1.end_us;AL90:rep-1.start_confirmation;AL90:rep-1.end_confirmation;AL90:rep-2.start_us;AL90:rep-2.end_us;AL90:rep-2.start_confirmation;AL90:rep-2.end_confirmation;AL90:rep-3.start_us;AL90:rep-3.end_us;AL90:rep-3.start_confirmation;AL90:rep-3.end_confirmation,1.0,1.0,0.3228736934633009,60.19471557341257
AL90/D-C-X-minus-exact/B/0,stress,True,stress_completed,,1.0,1.0,0.002144679399114812,0.0024484980737413536
AL90/D-C-X-minus-wrong/B/0,stress,True,stress_completed,elevation;interval_speed;AL90:rep-1.start_us;AL90:rep-1.end_us;AL90:rep-1.start_confirmation;AL90:rep-1.end_confirmation;AL90:rep-1.peak_support;AL90:rep-2.start_us;AL90:rep-2.end_us;AL90:rep-2.start_confirmation;AL90:rep-2.end_confirmation;AL90:rep-2.peak_support;AL90:rep-3.start_us;AL90:rep-3.end_us;AL90:rep-3.start_confirmation;AL90:rep-3.end_confirmation;AL90:rep-3.peak_support,1.0,1.0,0.002144679399114812,60.30103311771023
AL90/D-C-X-plus-exact/B/0,stress,True,stress_completed,,1.0,1.0,0.6342000023938578,0.7395777014848067
AL90/D-C-X-plus-wrong/B/0,stress,True,stress_completed,elevation;interval_speed;AL90:rep-1.start_us;AL90:rep-1.end_us;AL90:rep-1.start_confirmation;AL90:rep-1.end_confirmation;AL90:rep-2.start_us;AL90:rep-2.end_us;AL90:rep-2.start_confirmation;AL90:rep-2.end_confirmation;AL90:rep-3.start_us;AL90:rep-3.end_us;AL90:rep-3.start_confirmation;AL90:rep-3.end_confirmation,1.0,1.0,0.6342000023938578,60.111026542615626
AL90/D-H-H-sensor/A/0,W,True,complete,,1.0,1.0,0.43000516711087244,0.36844488072666653
AL90/D-H-H-sensor/B/0,W,True,complete,,1.0,1.0,0.46945470291490404,0.3684353150519151
AL90/D-H-H-sensor/SAME/0,W,True,complete,,1.0,1.0,0.46945470291490404,0.36843192406660885
AL90/D-H-H-sensor/DIFF/0,W,True,complete,,1.0,1.0,0.46942378379926125,0.36844566314722743
AL90/D-H-H-world/A/0,W,True,complete,,1.0,1.0,0.33,0.020000000000013684
AL90/D-H-H-world/B/0,W,True,complete,,1.0,1.0,0.33,0.020000000000013684
AL90/D-H-H-world/SAME/0,W,True,complete,,1.0,1.0,0.33,3.256887993818641e-12
AL90/D-H-H-world/DIFF/0,W,True,complete,,1.0,1.0,0.33,0.040000000000028645
AL90/D-H-L-sensor/A/0,W,True,complete,,1.0,1.0,0.3164976705793421,0.36844159906319496
AL90/D-H-L-sensor/B/0,W,True,complete,,1.0,1.0,0.3167992997991418,0.36842874779289037
AL90/D-H-L-sensor/SAME/0,W,True,complete,,1.0,1.0,0.3167992997991418,0.368428713968989
AL90/D-H-L-sensor/DIFF/0,W,True,complete,,1.0,1.0,0.31679959935625635,0.3684312369305682
AL90/D-H-L-world/A/0,W,True,complete,,1.0,1.0,0.032999999999999995,0.002000000000001357
AL90/D-H-L-world/B/0,W,True,complete,,1.0,1.0,0.032999999999999995,0.002000000000001357
AL90/D-H-L-world/SAME/0,W,True,complete,,1.0,1.0,0.032999999999999995,3.651276774320118e-12
AL90/D-H-L-world/DIFF/0,W,True,complete,,1.0,1.0,0.032999999999999995,0.004000000000004016
AL90/D-H-X-sensor/A/0,stress,True,stress_completed,A.orientation,1.0,1.0,4.299997469161177,0.36877288330080316
AL90/D-H-X-sensor/B/0,stress,True,stress_completed,B.orientation,1.0,1.0,4.302196867275672,0.3687620568278919
AL90/D-H-X-sensor/SAME/0,stress,True,stress_completed,A.orientation;B.orientation,1.0,1.0,4.302196867275672,0.36843118923377427
AL90/D-H-X-sensor/DIFF/0,stress,True,stress_completed,A.orientation;B.orientation,1.0,1.0,4.302253896169794,0.43015125736185056
AL90/D-H-X-world/A/0,stress,True,stress_completed,A.orientation;A.initialization,1.0,1.0,3.300000000000001,0.20000000000013066
AL90/D-H-X-world/B/0,stress,True,stress_completed,B.orientation;B.initialization,1.0,1.0,3.300000000000001,0.20000000000013066
AL90/D-H-X-world/SAME/0,stress,True,stress_completed,A.orientation;A.initialization;B.orientation;B.initialization,1.0,1.0,3.300000000000001,3.6958045398606065e-12
AL90/D-H-X-world/DIFF/0,stress,True,stress_completed,A.orientation;A.initialization;B.orientation;B.initialization,1.0,1.0,3.300000000000001,0.4000000000002772
AL90/I-JL/SAME/1103,W,True,complete,,1.0,1.0,0.32343719142762817,0.5504153064972216
AL90/I-JL/SAME/2207,W,True,complete,,1.0,1.0,0.3237342938081493,0.5788793576539307
AL90/I-JL/SAME/3301,W,True,complete,,1.0,1.0,0.3232869278712829,0.5897434992525747
AL90/I-JL/SAME/4409,W,True,complete,,1.0,1.0,0.322870268796347,0.5954112070376832
AL90/I-JL/SAME/5519,W,True,complete,,1.0,1.0,0.323020532455101,0.6367030273766776
AL90/I-NB/DIFF/1103,W,True,complete,,1.0,1.0,0.4039153926814564,1.8761432725673084
AL90/I-NB/DIFF/2207,W,True,complete,,1.0,1.0,0.40300807412966533,1.646484507454321
AL90/I-NB/DIFF/3301,W,True,complete,,1.0,1.0,0.48258951464452526,1.5996575731018052
AL90/I-NB/DIFF/4409,W,True,complete,,1.0,1.0,0.33585453783945957,1.8421660010484935
AL90/I-NB/DIFF/5519,W,True,complete,,1.0,1.0,0.4092233315059539,1.5999477566539655
AL90/J-S-H/A/1103,W,True,complete,,1.0,1.0,0.3164976705793421,0.36844156578634896
AL90/J-S-H/A/2207,W,True,complete,,1.0,1.0,0.3164976705793421,0.36844156578634896
AL90/J-S-H/A/3301,W,True,complete,,1.0,1.0,0.3164976705793421,0.36844156578634896
AL90/J-S-H/A/4409,W,True,complete,,1.0,1.0,0.3164976705793421,0.36844156578634896
AL90/J-S-H/A/5519,W,True,complete,,1.0,1.0,0.3164976705793421,0.36844156578634896
AL90/J-S-H/B/1103,W,True,complete,,1.0,1.0,0.31898046294807236,0.400944718597826
AL90/J-S-H/B/2207,W,True,complete,,1.0,1.0,0.31849554041724687,0.41194810665830367
AL90/J-S-H/B/3301,W,True,complete,,1.0,1.0,0.318669681109827,0.4026181212720273
AL90/J-S-H/B/4409,W,True,complete,,1.0,1.0,0.31869702075358686,0.39907563206138486
AL90/J-S-H/B/5519,W,True,complete,,1.0,1.0,0.31872434151293355,0.4025450015020999
AL90/J-S-H/SAME/1103,W,True,complete,,1.0,1.0,0.31898046294807236,0.400944718597826
AL90/J-S-H/SAME/2207,W,True,complete,,1.0,1.0,0.31849554041724687,0.41194810665830367
AL90/J-S-H/SAME/3301,W,True,complete,,1.0,1.0,0.318669681109827,0.4026181212720273
AL90/J-S-H/SAME/4409,W,True,complete,,1.0,1.0,0.31869702075358686,0.39907563206138486
AL90/J-S-H/SAME/5519,W,True,complete,,1.0,1.0,0.31872434151293355,0.4025450015020999
AL90/J-S-L/A/1103,W,True,complete,,1.0,1.0,0.3164976705793421,0.36844156578634896
AL90/J-S-L/A/2207,W,True,complete,,1.0,1.0,0.3164976705793421,0.36844156578634896
AL90/J-S-L/A/3301,W,True,complete,,1.0,1.0,0.3164976705793421,0.36844156578634896
AL90/J-S-L/A/4409,W,True,complete,,1.0,1.0,0.3164976705793421,0.36844156578634896
AL90/J-S-L/A/5519,W,True,complete,,1.0,1.0,0.3164976705793421,0.36844156578634896
AL90/J-S-L/B/1103,W,True,complete,,1.0,1.0,0.31653526477240446,0.3706502382618549
AL90/J-S-L/B/2207,W,True,complete,,1.0,1.0,0.31651817996901016,0.37035665234138104
AL90/J-S-L/B/3301,W,True,complete,,1.0,1.0,0.31656939671792156,0.36886118455269296
AL90/J-S-L/B/4409,W,True,complete,,1.0,1.0,0.31652160448343836,0.3698126779774651
AL90/J-S-L/B/5519,W,True,complete,,1.0,1.0,0.31654548178913156,0.368137284413166
AL90/J-S-L/SAME/1103,W,True,complete,,1.0,1.0,0.31653526477240446,0.3706502382618549
AL90/J-S-L/SAME/2207,W,True,complete,,1.0,1.0,0.31651817996901016,0.37035665234138104
AL90/J-S-L/SAME/3301,W,True,complete,,1.0,1.0,0.31656939671792156,0.36886118455269296
AL90/J-S-L/SAME/4409,W,True,complete,,1.0,1.0,0.31652160448343836,0.3698126779774651
AL90/J-S-L/SAME/5519,W,True,complete,,1.0,1.0,0.31654548178913156,0.368137284413166
AL90/J-S-X/A/1103,stress,True,expected_rejection,,0.0,0.0,,
AL90/J-S-X/A/2207,stress,True,expected_rejection,,0.0,0.0,,
AL90/J-S-X/A/3301,stress,True,expected_rejection,,0.0,0.0,,
AL90/J-S-X/A/4409,stress,True,expected_rejection,,0.0,0.0,,
AL90/J-S-X/A/5519,stress,True,expected_rejection,,0.0,0.0,,
AL90/J-S-X/B/1103,stress,True,expected_rejection,,0.0,0.0,1.2722218725854067e-14,
AL90/J-S-X/B/2207,stress,True,expected_rejection,,0.0,0.0,1.2722218725854067e-14,
AL90/J-S-X/B/3301,stress,True,expected_rejection,,0.0,0.0,1.2722218725854067e-14,
AL90/J-S-X/B/4409,stress,True,expected_rejection,,0.0,0.0,1.2722218725854067e-14,
AL90/J-S-X/B/5519,stress,True,expected_rejection,,0.0,0.0,1.2722218725854067e-14,
AL90/J-S-X/SAME/1103,stress,True,expected_rejection,,0.0,0.0,,
AL90/J-S-X/SAME/2207,stress,True,expected_rejection,,0.0,0.0,,
AL90/J-S-X/SAME/3301,stress,True,expected_rejection,,0.0,0.0,,
AL90/J-S-X/SAME/4409,stress,True,expected_rejection,,0.0,0.0,,
AL90/J-S-X/SAME/5519,stress,True,expected_rejection,,0.0,0.0,,
AL90/J-T-H/A/1103,W,True,complete,,1.0,1.0,0.3164976705793421,0.36844156578634896
AL90/J-T-H/A/2207,W,True,complete,,1.0,1.0,0.3164976705793421,0.36844156578634896
AL90/J-T-H/A/3301,W,True,complete,,1.0,1.0,0.3164976705793421,0.36844156578634896
AL90/J-T-H/A/4409,W,True,complete,,1.0,1.0,0.3164976705793421,0.36844156578634896
AL90/J-T-H/A/5519,W,True,complete,,1.0,1.0,0.3164976705793421,0.36844156578634896
AL90/J-T-H/B/1103,W,True,complete,,1.0,1.0,0.3599428745589779,0.3908896182244941
AL90/J-T-H/B/2207,W,True,complete,,1.0,1.0,0.3712376937163956,0.3950324311304593
AL90/J-T-H/B/3301,W,True,complete,,1.0,1.0,0.35620843658538065,0.39067308579215804
AL90/J-T-H/B/4409,W,True,complete,,1.0,1.0,0.3535119698558957,0.38435671874001626
AL90/J-T-H/B/5519,W,True,complete,,1.0,1.0,0.3590691915786647,0.38486496184838354
AL90/J-T-H/SAME/1103,W,True,complete,,1.0,1.0,0.3599428745589779,0.3908896182244941
AL90/J-T-H/SAME/2207,W,True,complete,,1.0,1.0,0.3712376937163956,0.3950324311304593
AL90/J-T-H/SAME/3301,W,True,complete,,1.0,1.0,0.35620843658538065,0.39067308579215804
AL90/J-T-H/SAME/4409,W,True,complete,,1.0,1.0,0.3535119698558957,0.38435671874001626
AL90/J-T-H/SAME/5519,W,True,complete,,1.0,1.0,0.3590691915786647,0.38486496184838354
AL90/J-T-L/A/1103,W,True,complete,,1.0,1.0,0.3164976705793421,0.36844156578634896
AL90/J-T-L/A/2207,W,True,complete,,1.0,1.0,0.3164976705793421,0.36844156578634896
AL90/J-T-L/A/3301,W,True,complete,,1.0,1.0,0.3164976705793421,0.36844156578634896
AL90/J-T-L/A/4409,W,True,complete,,1.0,1.0,0.3164976705793421,0.36844156578634896
AL90/J-T-L/A/5519,W,True,complete,,1.0,1.0,0.3164976705793421,0.36844156578634896
AL90/J-T-L/B/1103,W,True,complete,,1.0,1.0,0.3167435942164882,0.3684191889228594
AL90/J-T-L/B/2207,W,True,complete,,1.0,1.0,0.3168187260465914,0.3694371090879012
AL90/J-T-L/B/3301,W,True,complete,,1.0,1.0,0.3172794056786045,0.36847608024961254
AL90/J-T-L/B/4409,W,True,complete,,1.0,1.0,0.3188350059058419,0.3684387096871368
AL90/J-T-L/B/5519,W,True,complete,,1.0,1.0,0.31673508999643063,0.3684462408905834
AL90/J-T-L/SAME/1103,W,True,complete,,1.0,1.0,0.3167435942164882,0.3684191889228594
AL90/J-T-L/SAME/2207,W,True,complete,,1.0,1.0,0.3168187260465914,0.3694371090879012
AL90/J-T-L/SAME/3301,W,True,complete,,1.0,1.0,0.3172794056786045,0.36847608024961254
AL90/J-T-L/SAME/4409,W,True,complete,,1.0,1.0,0.3188350059058419,0.3684387096871368
AL90/J-T-L/SAME/5519,W,True,complete,,1.0,1.0,0.31673508999643063,0.3684462408905834
AL90/J-T-X/A/1103,stress,True,expected_rejection,,0.0,0.0,,
AL90/J-T-X/A/2207,stress,True,expected_rejection,,0.0,0.0,,
AL90/J-T-X/A/3301,stress,True,expected_rejection,,0.0,0.0,,
AL90/J-T-X/A/4409,stress,True,expected_rejection,,0.0,0.0,,
AL90/J-T-X/A/5519,stress,True,expected_rejection,,0.0,0.0,,
AL90/J-T-X/B/1103,stress,True,expected_rejection,,0.0,0.0,1.2722218725854067e-14,
AL90/J-T-X/B/2207,stress,True,expected_rejection,,0.0,0.0,1.2722218725854067e-14,
AL90/J-T-X/B/3301,stress,True,expected_rejection,,0.0,0.0,1.2722218725854067e-14,
AL90/J-T-X/B/4409,stress,True,expected_rejection,,0.0,0.0,1.2722218725854067e-14,
AL90/J-T-X/B/5519,stress,True,expected_rejection,,0.0,0.0,1.2722218725854067e-14,
AL90/J-T-X/SAME/1103,stress,True,expected_rejection,,0.0,0.0,,
AL90/J-T-X/SAME/2207,stress,True,expected_rejection,,0.0,0.0,,
AL90/J-T-X/SAME/3301,stress,True,expected_rejection,,0.0,0.0,,
AL90/J-T-X/SAME/4409,stress,True,expected_rejection,,0.0,0.0,,
AL90/J-T-X/SAME/5519,stress,True,expected_rejection,,0.0,0.0,,
AL90/L-P-BURST/A/0,rejection,True,expected_rejection,,0.0,0.0,,
AL90/L-P-BURST/B/0,rejection,True,expected_rejection,,0.0,0.0,1.2722218725854067e-14,
AL90/L-P-BURST/SAME/0,rejection,True,expected_rejection,,0.0,0.0,,
AL90/L-P-ONE/A/0,W,True,complete,,1.0,1.0,0.32447197062941424,0.37292148793786317
AL90/L-P-ONE/B/0,W,True,complete,,1.0,1.0,0.33539351576523424,0.7423605511184094
AL90/L-P-ONE/SAME/0,W,True,complete,,1.0,1.0,0.33539351576523424,0.7423605511184094
AL90/L-P-PER/A/0,W,True,complete,,1.0,1.0,0.32447197062941424,0.37292148793786317
AL90/L-P-PER/B/0,W,True,complete,,1.0,1.0,0.3715936400626284,1.4838582594752971
AL90/L-P-PER/SAME/0,W,True,complete,,1.0,1.0,0.3715936400626284,1.4838582594752971
AL90/L-S-BURST/A/0,rejection,True,expected_rejection,,0.0,0.0,,
AL90/L-S-BURST/B/0,rejection,True,expected_rejection,,0.0,0.0,1.2722218725854067e-14,
AL90/L-S-BURST/SAME/0,rejection,True,expected_rejection,,0.0,0.0,,
AL90/L-S-ONE/A/0,W,True,complete,,1.0,1.0,0.3164976705793421,0.36844156578634896
AL90/L-S-ONE/B/0,W,True,complete,,1.0,1.0,0.31507666802981704,0.36844156578634896
AL90/L-S-ONE/SAME/0,W,True,complete,,1.0,1.0,0.31507666802981704,0.36844156578634896
AL90/L-S-PER/A/0,W,True,complete,,1.0,1.0,0.3164976705793421,0.36844156578634896
AL90/L-S-PER/B/0,W,True,complete,,1.0,1.0,0.321183199678308,0.584319474929235
AL90/L-S-PER/SAME/0,W,True,complete,,1.0,1.0,0.321183199678308,0.584319474929235
AL90/N-A-H/A/1103,W,True,complete,,1.0,1.0,0.3164976705793421,0.4863089679699246
AL90/N-A-H/A/2207,W,True,complete,,1.0,1.0,0.3164976705793421,0.47350615611899405
AL90/N-A-H/A/3301,W,True,complete,,1.0,1.0,0.3164976705793421,0.5388944236895212
AL90/N-A-H/A/4409,W,True,complete,,1.0,1.0,0.3164976705793421,0.4981253989681535
AL90/N-A-H/A/5519,W,True,complete,,1.0,1.0,0.3164976705793421,0.5028018615488187
AL90/N-A-H/B/1103,W,True,complete,,1.0,1.0,0.31689847491326834,0.49742563952562124
AL90/N-A-H/B/2207,W,True,complete,,1.0,1.0,0.3233618791670774,0.46203106754984136
AL90/N-A-H/B/3301,W,True,complete,,1.0,1.0,0.3214968592913625,0.49933554210956477
AL90/N-A-H/B/4409,W,True,complete,,1.0,1.0,0.3174083967657076,0.4471431586460021
AL90/N-A-H/B/5519,W,True,complete,,1.0,1.0,0.32009945539839707,0.4659716186185663
AL90/N-A-H/SAME/1103,W,True,complete,,1.0,1.0,0.31689847491326834,0.50210848943473
AL90/N-A-H/SAME/2207,W,True,complete,,1.0,1.0,0.3233618791670774,0.5392574067501645
AL90/N-A-H/SAME/3301,W,True,complete,,1.0,1.0,0.3214968592913625,0.5548116556200331
AL90/N-A-H/SAME/4409,W,True,complete,,1.0,1.0,0.3174083967657076,0.5519921642656167
AL90/N-A-H/SAME/5519,W,True,complete,,1.0,1.0,0.32009945539839707,0.5432373070227143
AL90/N-A-L/A/1103,W,True,complete,,1.0,1.0,0.3164976705793421,0.3916003969253284
AL90/N-A-L/A/2207,W,True,complete,,1.0,1.0,0.3164976705793421,0.3760119664422944
AL90/N-A-L/A/3301,W,True,complete,,1.0,1.0,0.3164976705793421,0.4016691881807843
AL90/N-A-L/A/4409,W,True,complete,,1.0,1.0,0.3164976705793421,0.39426354984617673
AL90/N-A-L/A/5519,W,True,complete,,1.0,1.0,0.3164976705793421,0.39643455572666275
AL90/N-A-L/B/1103,W,True,complete,,1.0,1.0,0.31657995943890166,0.40067449597314647
AL90/N-A-L/B/2207,W,True,complete,,1.0,1.0,0.3181961766460827,0.37666631307955334
AL90/N-A-L/B/3301,W,True,complete,,1.0,1.0,0.31770778790555115,0.3876343791271529
AL90/N-A-L/B/4409,W,True,complete,,1.0,1.0,0.31676327334487636,0.37756498219372003
AL90/N-A-L/B/5519,W,True,complete,,1.0,1.0,0.3173910118367744,0.3803038862958142
AL90/N-A-L/SAME/1103,W,True,complete,,1.0,1.0,0.31657995943890166,0.3961997188935702
AL90/N-A-L/SAME/2207,W,True,complete,,1.0,1.0,0.3181961766460827,0.38849208679403474
AL90/N-A-L/SAME/3301,W,True,complete,,1.0,1.0,0.31770778790555115,0.38875680033965926
AL90/N-A-L/SAME/4409,W,True,complete,,1.0,1.0,0.31676327334487636,0.39418794368587107
AL90/N-A-L/SAME/5519,W,True,complete,,1.0,1.0,0.3173910118367744,0.3907366526911658
AL90/N-A-X/A/1103,stress,True,stress_completed,,1.0,1.0,0.3164976705793421,2.275053235774943
AL90/N-A-X/A/2207,stress,True,stress_completed,,1.0,1.0,0.3164976705793421,2.203524579198092
AL90/N-A-X/A/3301,stress,True,stress_completed,,1.0,1.0,0.3164976705793421,2.2819518035855326
AL90/N-A-X/A/4409,stress,True,stress_completed,,1.0,1.0,0.3164976705793421,2.306318609788371
AL90/N-A-X/A/5519,stress,True,stress_completed,,1.0,1.0,0.3164976705793421,2.4691206597098687
AL90/N-A-X/B/1103,stress,True,stress_completed,,1.0,1.0,0.3833745693479001,2.232649496408525
AL90/N-A-X/B/2207,stress,True,stress_completed,,1.0,1.0,0.40163674662756454,2.0727167413024645
AL90/N-A-X/B/3301,stress,True,stress_completed,,1.0,1.0,0.3937495694770324,1.9663884429923797
AL90/N-A-X/B/4409,stress,True,stress_completed,,1.0,1.0,0.3263011235940746,2.0885558724697697
AL90/N-A-X/B/5519,stress,True,stress_completed,,1.0,1.0,0.36529229153762005,2.4034290342112037
AL90/N-A-X/SAME/1103,stress,True,stress_completed,,1.0,1.0,0.3833745693479001,2.9359425420694265
AL90/N-A-X/SAME/2207,stress,True,stress_completed,,1.0,1.0,0.40163674662756454,3.4583024988795543
AL90/N-A-X/SAME/3301,stress,True,stress_completed,,1.0,1.0,0.3937495694770324,3.5935409835819225
AL90/N-A-X/SAME/4409,stress,True,stress_completed,,1.0,1.0,0.3263011235940746,3.565453942207002
AL90/N-A-X/SAME/5519,stress,True,stress_completed,,1.0,1.0,0.36529229153762005,3.6339870574683024
AL90/N-G-H/A/1103,W,True,complete,,1.0,1.0,0.3164976705793421,1.2592120653553662
AL90/N-G-H/A/2207,W,True,complete,,1.0,1.0,0.3164976705793421,1.30830390194806
AL90/N-G-H/A/3301,W,True,complete,,1.0,1.0,0.3164976705793421,1.2320410634205634
AL90/N-G-H/A/4409,W,True,complete,,1.0,1.0,0.3164976705793421,1.1616170511468276
AL90/N-G-H/A/5519,W,True,complete,,1.0,1.0,0.3164976705793421,1.1010026367684715
AL90/N-G-H/B/1103,W,True,complete,,1.0,1.0,0.39310531311213254,1.2895937039480694
AL90/N-G-H/B/2207,W,True,complete,,1.0,1.0,0.3140381039546429,1.1533642721408268
AL90/N-G-H/B/3301,W,True,complete,,1.0,1.0,0.3847717236302711,1.2425544080097968
AL90/N-G-H/B/4409,W,True,complete,,1.0,1.0,0.33721626505683033,1.3870608208039588
AL90/N-G-H/B/5519,W,True,complete,,1.0,1.0,0.3179307818567218,1.1230734396653284
AL90/N-G-H/SAME/1103,W,True,complete,,1.0,1.0,0.39310531311213254,1.8811437677161196
AL90/N-G-H/SAME/2207,W,True,complete,,1.0,1.0,0.3140381039546429,1.5742902734099284
AL90/N-G-H/SAME/3301,W,True,complete,,1.0,1.0,0.3847717236302711,1.8074756477909724
AL90/N-G-H/SAME/4409,W,True,complete,,1.0,1.0,0.33721626505683033,1.8652462093817133
AL90/N-G-H/SAME/5519,W,True,complete,,1.0,1.0,0.3179307818567218,1.5387956873385356
AL90/N-G-L/A/1103,W,True,complete,,1.0,1.0,0.3164976705793421,0.501480606214785
AL90/N-G-L/A/2207,W,True,complete,,1.0,1.0,0.3164976705793421,0.5409750678503327
AL90/N-G-L/A/3301,W,True,complete,,1.0,1.0,0.3164976705793421,0.4503588916529592
AL90/N-G-L/A/4409,W,True,complete,,1.0,1.0,0.3164976705793421,0.4627699767998084
AL90/N-G-L/A/5519,W,True,complete,,1.0,1.0,0.3164976705793421,0.46065863679175634
AL90/N-G-L/B/1103,W,True,complete,,1.0,1.0,0.3311406743024285,0.4799931208431965
AL90/N-G-L/B/2207,W,True,complete,,1.0,1.0,0.31464853659177433,0.46432177767343924
AL90/N-G-L/B/3301,W,True,complete,,1.0,1.0,0.3242106976893264,0.535576849656436
AL90/N-G-L/B/4409,W,True,complete,,1.0,1.0,0.3168455200538322,0.5320638583951014
AL90/N-G-L/B/5519,W,True,complete,,1.0,1.0,0.3108481967644133,0.4778717943436713
AL90/N-G-L/SAME/1103,W,True,complete,,1.0,1.0,0.3311406743024285,0.5556880105149788
AL90/N-G-L/SAME/2207,W,True,complete,,1.0,1.0,0.31464853659177433,0.5661791495780093
AL90/N-G-L/SAME/3301,W,True,complete,,1.0,1.0,0.3242106976893264,0.550036722536384
AL90/N-G-L/SAME/4409,W,True,complete,,1.0,1.0,0.3168455200538322,0.5244860091727029
AL90/N-G-L/SAME/5519,W,True,complete,,1.0,1.0,0.3108481967644133,0.5195457383711132
AL90/N-G-X/A/1103,stress,True,stress_completed,A.orientation;A.initialization;interval_speed;AL90:rep-1.return_duration_s;AL90:rep-1.hold_duration_s;AL90:rep-1.rep_speed_max_rads;AL90:rep-1.elevation_speed_max_rads;AL90:rep-1.return_speed_mean_rads;AL90:rep-1.return_speed_max_rads;AL90:rep-1.hold_speed_mean_rads;AL90:rep-1.hold_speed_max_rads;AL90:rep-2.elevation_duration_s;AL90:rep-2.return_duration_s;AL90:rep-2.hold_duration_s;AL90:rep-2.elevation_speed_mean_rads;AL90:rep-2.return_speed_mean_rads;AL90:rep-2.return_speed_max_rads;AL90:rep-2.hold_speed_mean_rads;AL90:rep-2.hold_speed_max_rads;AL90:rep-3.return_duration_s;AL90:rep-3.hold_duration_s;AL90:rep-3.rep_speed_max_rads;AL90:rep-3.elevation_speed_max_rads;AL90:rep-3.return_speed_mean_rads;AL90:rep-3.return_speed_max_rads;AL90:rep-3.hold_speed_mean_rads;AL90:rep-3.hold_speed_max_rads;summary.elevation_duration_s.maximum;summary.return_duration_s.mean;summary.return_duration_s.maximum;summary.hold_duration_s.mean;summary.hold_duration_s.maximum;summary.rep_speed_max_rads.mean;summary.rep_speed_max_rads.maximum;summary.elevation_speed_max_rads.mean;summary.elevation_speed_max_rads.maximum;summary.return_speed_mean_rads.mean;summary.return_speed_mean_rads.maximum;summary.return_speed_max_rads.mean;summary.return_speed_max_rads.maximum;summary.hold_speed_mean_rads.support;summary.hold_speed_max_rads.support,1.0,1.0,2.274458070101275,11.119624061458618
AL90/N-G-X/A/2207,stress,True,stress_completed,A.orientation;interval_speed;AL90:rep-1.elevation_duration_s;AL90:rep-1.return_duration_s;AL90:rep-1.hold_duration_s;AL90:rep-1.rep_speed_max_rads;AL90:rep-1.elevation_speed_mean_rads;AL90:rep-1.elevation_speed_max_rads;AL90:rep-1.return_speed_mean_rads;AL90:rep-1.return_speed_max_rads;AL90:rep-1.hold_speed_mean_rads;AL90:rep-1.hold_speed_max_rads;AL90:rep-2.elevation_duration_s;AL90:rep-2.hold_duration_s;AL90:rep-2.rep_speed_max_rads;AL90:rep-2.elevation_speed_mean_rads;AL90:rep-2.elevation_speed_max_rads;AL90:rep-2.return_speed_max_rads;AL90:rep-2.hold_speed_mean_rads;AL90:rep-2.hold_speed_max_rads;AL90:rep-3.return_duration_s;AL90:rep-3.hold_duration_s;AL90:rep-3.rep_speed_max_rads;AL90:rep-3.elevation_speed_max_rads;AL90:rep-3.return_speed_mean_rads;AL90:rep-3.return_speed_max_rads;AL90:rep-3.hold_speed_mean_rads;AL90:rep-3.hold_speed_max_rads;summary.elevation_duration_s.mean;summary.elevation_duration_s.maximum;summary.return_duration_s.mean;summary.return_duration_s.maximum;summary.hold_duration_s.mean;summary.hold_duration_s.maximum;summary.rep_speed_max_rads.mean;summary.rep_speed_max_rads.maximum;summary.elevation_speed_mean_rads.mean;summary.elevation_speed_max_rads.mean;summary.elevation_speed_max_rads.maximum;summary.return_speed_mean_rads.mean;summary.return_speed_max_rads.mean;summary.return_speed_max_rads.maximum;summary.hold_speed_mean_rads.support;summary.hold_speed_max_rads.support,1.0,1.0,1.2712071803794676,11.153074749841894
AL90/N-G-X/A/3301,stress,True,stress_completed,A.orientation;interval_speed;AL90:rep-1.return_duration_s;AL90:rep-1.hold_duration_s;AL90:rep-1.rep_speed_max_rads;AL90:rep-1.elevation_speed_max_rads;AL90:rep-1.return_speed_mean_rads;AL90:rep-1.return_speed_max_rads;AL90:rep-1.hold_speed_mean_rads;AL90:rep-1.hold_speed_max_rads;AL90:rep-2.elevation_duration_s;AL90:rep-2.return_duration_s;AL90:rep-2.hold_duration_s;AL90:rep-2.rep_speed_max_rads;AL90:rep-2.elevation_speed_mean_rads;AL90:rep-2.elevation_speed_max_rads;AL90:rep-2.return_speed_mean_rads;AL90:rep-2.return_speed_max_rads;AL90:rep-2.hold_speed_mean_rads;AL90:rep-2.hold_speed_max_rads;AL90:rep-3.return_duration_s;AL90:rep-3.hold_duration_s;AL90:rep-3.rep_speed_max_rads;AL90:rep-3.elevation_speed_max_rads;AL90:rep-3.return_speed_mean_rads;AL90:rep-3.return_speed_max_rads;AL90:rep-3.hold_speed_mean_rads;AL90:rep-3.hold_speed_max_rads;summary.elevation_duration_s.maximum;summary.return_duration_s.mean;summary.return_duration_s.maximum;summary.hold_duration_s.mean;summary.hold_duration_s.maximum;summary.rep_speed_max_rads.mean;summary.rep_speed_max_rads.maximum;summary.elevation_speed_max_rads.mean;summary.elevation_speed_max_rads.maximum;summary.return_speed_mean_rads.mean;summary.return_speed_mean_rads.maximum;summary.return_speed_max_rads.mean;summary.return_speed_max_rads.maximum;summary.hold_speed_mean_rads.support;summary.hold_speed_max_rads.support,1.0,1.0,1.2140031603522743,10.946588410181764
AL90/N-G-X/A/4409,stress,True,stress_completed,interval_speed;AL90:rep-1.elevation_duration_s;AL90:rep-1.return_duration_s;AL90:rep-1.hold_duration_s;AL90:rep-1.rep_speed_max_rads;AL90:rep-1.elevation_speed_mean_rads;AL90:rep-1.elevation_speed_max_rads;AL90:rep-1.return_speed_mean_rads;AL90:rep-1.return_speed_max_rads;AL90:rep-1.hold_speed_mean_rads;AL90:rep-1.hold_speed_max_rads;AL90:rep-2.elevation_duration_s;AL90:rep-2.return_duration_s;AL90:rep-2.hold_duration_s;AL90:rep-2.rep_speed_max_rads;AL90:rep-2.elevation_speed_mean_rads;AL90:rep-2.elevation_speed_max_rads;AL90:rep-2.return_speed_mean_rads;AL90:rep-2.return_speed_max_rads;AL90:rep-2.hold_speed_mean_rads;AL90:rep-2.hold_speed_max_rads;AL90:rep-3.return_duration_s;AL90:rep-3.hold_duration_s;AL90:rep-3.rep_speed_max_rads;AL90:rep-3.elevation_speed_max_rads;AL90:rep-3.return_speed_mean_rads;AL90:rep-3.return_speed_max_rads;AL90:rep-3.hold_speed_mean_rads;AL90:rep-3.hold_speed_max_rads;summary.elevation_duration_s.mean;summary.elevation_duration_s.maximum;summary.return_duration_s.mean;summary.return_duration_s.maximum;summary.hold_duration_s.mean;summary.hold_duration_s.maximum;summary.rep_speed_max_rads.mean;summary.rep_speed_max_rads.maximum;summary.elevation_speed_mean_rads.mean;summary.elevation_speed_max_rads.mean;summary.elevation_speed_max_rads.maximum;summary.return_speed_mean_rads.mean;summary.return_speed_mean_rads.maximum;summary.return_speed_max_rads.mean;summary.return_speed_max_rads.maximum;summary.hold_speed_mean_rads.support;summary.hold_speed_max_rads.support,1.0,1.0,0.9518247170581142,11.023626316222561
AL90/N-G-X/A/5519,stress,True,stress_completed,A.orientation;interval_speed;AL90:rep-1.elevation_duration_s;AL90:rep-1.hold_duration_s;AL90:rep-1.rep_speed_max_rads;AL90:rep-1.elevation_speed_mean_rads;AL90:rep-1.elevation_speed_max_rads;AL90:rep-1.return_speed_max_rads;AL90:rep-1.hold_speed_mean_rads;AL90:rep-1.hold_speed_max_rads;AL90:rep-2.return_duration_s;AL90:rep-2.hold_duration_s;AL90:rep-2.rep_speed_max_rads;AL90:rep-2.elevation_speed_max_rads;AL90:rep-2.return_speed_mean_rads;AL90:rep-2.return_speed_max_rads;AL90:rep-2.hold_speed_mean_rads;AL90:rep-2.hold_speed_max_rads;AL90:rep-3.return_duration_s;AL90:rep-3.hold_duration_s;AL90:rep-3.rep_speed_max_rads;AL90:rep-3.elevation_speed_max_rads;AL90:rep-3.return_speed_mean_rads;AL90:rep-3.return_speed_max_rads;AL90:rep-3.hold_speed_mean_rads;AL90:rep-3.hold_speed_max_rads;summary.elevation_duration_s.mean;summary.elevation_duration_s.maximum;summary.return_duration_s.mean;summary.return_duration_s.maximum;summary.hold_duration_s.mean;summary.hold_duration_s.maximum;summary.rep_speed_max_rads.mean;summary.rep_speed_max_rads.maximum;summary.elevation_speed_mean_rads.mean;summary.elevation_speed_max_rads.mean;summary.elevation_speed_max_rads.maximum;summary.return_speed_mean_rads.mean;summary.return_speed_max_rads.mean;summary.return_speed_max_rads.maximum;summary.hold_speed_mean_rads.support;summary.hold_speed_max_rads.support,1.0,1.0,2.6371011828081423,10.634720605312705
AL90/N-G-X/B/1103,stress,True,stress_completed,B.orientation;B.initialization;interval_speed;AL90:rep-1.return_duration_s;AL90:rep-1.hold_duration_s;AL90:rep-1.rep_speed_max_rads;AL90:rep-1.elevation_speed_max_rads;AL90:rep-1.return_speed_mean_rads;AL90:rep-1.return_speed_max_rads;AL90:rep-1.hold_speed_mean_rads;AL90:rep-1.hold_speed_max_rads;AL90:rep-2.elevation_duration_s;AL90:rep-2.return_duration_s;AL90:rep-2.hold_duration_s;AL90:rep-2.rep_speed_max_rads;AL90:rep-2.elevation_speed_mean_rads;AL90:rep-2.elevation_speed_max_rads;AL90:rep-2.return_speed_mean_rads;AL90:rep-2.return_speed_max_rads;AL90:rep-2.hold_speed_mean_rads;AL90:rep-2.hold_speed_max_rads;AL90:rep-3.return_duration_s;AL90:rep-3.hold_duration_s;AL90:rep-3.rep_speed_max_rads;AL90:rep-3.elevation_speed_max_rads;AL90:rep-3.return_speed_mean_rads;AL90:rep-3.return_speed_max_rads;AL90:rep-3.hold_speed_mean_rads;AL90:rep-3.hold_speed_max_rads;summary.elevation_duration_s.maximum;summary.return_duration_s.mean;summary.return_duration_s.maximum;summary.hold_duration_s.mean;summary.hold_duration_s.maximum;summary.rep_speed_max_rads.mean;summary.rep_speed_max_rads.maximum;summary.elevation_speed_max_rads.mean;summary.elevation_speed_max_rads.maximum;summary.return_speed_mean_rads.mean;summary.return_speed_mean_rads.maximum;summary.return_speed_max_rads.mean;summary.return_speed_max_rads.maximum;summary.hold_speed_mean_rads.support;summary.hold_speed_max_rads.support,1.0,1.0,1.589133171661066,11.60655255234539
AL90/N-G-X/B/2207,stress,True,stress_completed,B.orientation;interval_speed;AL90:rep-1.elevation_duration_s;AL90:rep-1.return_duration_s;AL90:rep-1.hold_duration_s;AL90:rep-1.rep_speed_max_rads;AL90:rep-1.elevation_speed_mean_rads;AL90:rep-1.elevation_speed_max_rads;AL90:rep-1.return_speed_max_rads;AL90:rep-1.hold_speed_mean_rads;AL90:rep-1.hold_speed_max_rads;AL90:rep-2.elevation_duration_s;AL90:rep-2.hold_duration_s;AL90:rep-2.rep_speed_max_rads;AL90:rep-2.elevation_speed_mean_rads;AL90:rep-2.elevation_speed_max_rads;AL90:rep-2.return_speed_max_rads;AL90:rep-2.hold_speed_mean_rads;AL90:rep-2.hold_speed_max_rads;AL90:rep-3.elevation_duration_s;AL90:rep-3.return_duration_s;AL90:rep-3.hold_duration_s;AL90:rep-3.rep_speed_max_rads;AL90:rep-3.elevation_speed_mean_rads;AL90:rep-3.elevation_speed_max_rads;AL90:rep-3.return_speed_mean_rads;AL90:rep-3.return_speed_max_rads;AL90:rep-3.hold_speed_mean_rads;AL90:rep-3.hold_speed_max_rads;summary.elevation_duration_s.mean;summary.elevation_duration_s.maximum;summary.return_duration_s.mean;summary.return_duration_s.maximum;summary.hold_duration_s.mean;summary.hold_duration_s.maximum;summary.rep_speed_max_rads.mean;summary.rep_speed_max_rads.maximum;summary.elevation_speed_mean_rads.mean;summary.elevation_speed_mean_rads.maximum;summary.elevation_speed_max_rads.mean;summary.elevation_speed_max_rads.maximum;summary.return_speed_max_rads.mean;summary.return_speed_max_rads.maximum;summary.hold_speed_mean_rads.support;summary.hold_speed_max_rads.support,1.0,1.0,1.5919426295502908,11.324332193814206
AL90/N-G-X/B/3301,stress,True,stress_completed,B.orientation;interval_speed;AL90:rep-1.elevation_duration_s;AL90:rep-1.return_duration_s;AL90:rep-1.hold_duration_s;AL90:rep-1.elevation_speed_mean_rads;AL90:rep-1.return_speed_mean_rads;AL90:rep-1.return_speed_max_rads;AL90:rep-1.hold_speed_mean_rads;AL90:rep-1.hold_speed_max_rads;AL90:rep-2.return_duration_s;AL90:rep-2.hold_duration_s;AL90:rep-2.rep_speed_max_rads;AL90:rep-2.elevation_speed_max_rads;AL90:rep-2.return_speed_mean_rads;AL90:rep-2.return_speed_max_rads;AL90:rep-2.hold_speed_mean_rads;AL90:rep-2.hold_speed_max_rads;AL90:rep-3.return_duration_s;AL90:rep-3.hold_duration_s;AL90:rep-3.rep_speed_max_rads;AL90:rep-3.elevation_speed_max_rads;AL90:rep-3.return_speed_mean_rads;AL90:rep-3.return_speed_max_rads;AL90:rep-3.hold_speed_mean_rads;AL90:rep-3.hold_speed_max_rads;summary.elevation_duration_s.maximum;summary.return_duration_s.mean;summary.return_duration_s.maximum;summary.hold_duration_s.mean;summary.hold_duration_s.maximum;summary.rep_speed_max_rads.mean;summary.rep_speed_max_rads.maximum;summary.elevation_speed_mean_rads.mean;summary.elevation_speed_max_rads.mean;summary.elevation_speed_max_rads.maximum;summary.return_speed_mean_rads.mean;summary.return_speed_mean_rads.maximum;summary.return_speed_max_rads.mean;summary.return_speed_max_rads.maximum;summary.hold_speed_mean_rads.support;summary.hold_speed_max_rads.support,1.0,1.0,2.6671196517955083,11.668870785941017
AL90/N-G-X/B/4409,stress,True,stress_completed,B.orientation;interval_speed;AL90:rep-1.return_duration_s;AL90:rep-1.hold_duration_s;AL90:rep-1.rep_speed_max_rads;AL90:rep-1.elevation_speed_max_rads;AL90:rep-1.return_speed_mean_rads;AL90:rep-1.return_speed_max_rads;AL90:rep-1.hold_speed_mean_rads;AL90:rep-1.hold_speed_max_rads;AL90:rep-2.elevation_duration_s;AL90:rep-2.return_duration_s;AL90:rep-2.hold_duration_s;AL90:rep-2.rep_speed_max_rads;AL90:rep-2.elevation_speed_mean_rads;AL90:rep-2.elevation_speed_max_rads;AL90:rep-2.return_speed_mean_rads;AL90:rep-2.hold_speed_mean_rads;AL90:rep-2.hold_speed_max_rads;AL90:rep-3.elevation_duration_s;AL90:rep-3.hold_duration_s;AL90:rep-3.rep_speed_max_rads;AL90:rep-3.elevation_speed_mean_rads;AL90:rep-3.elevation_speed_max_rads;AL90:rep-3.return_speed_max_rads;AL90:rep-3.hold_speed_mean_rads;AL90:rep-3.hold_speed_max_rads;summary.elevation_duration_s.mean;summary.elevation_duration_s.maximum;summary.return_duration_s.mean;summary.return_duration_s.maximum;summary.hold_duration_s.mean;summary.hold_duration_s.maximum;summary.rep_speed_max_rads.mean;summary.rep_speed_max_rads.maximum;summary.elevation_speed_mean_rads.mean;summary.elevation_speed_max_rads.mean;summary.elevation_speed_max_rads.maximum;summary.return_speed_mean_rads.mean;summary.return_speed_max_rads.mean;summary.return_speed_max_rads.maximum;summary.hold_speed_mean_rads.support;summary.hold_speed_max_rads.support,1.0,1.0,1.3772577109266269,12.058512035290937
AL90/N-G-X/B/5519,stress,True,stress_completed,B.orientation;interval_speed;AL90:rep-1.return_duration_s;AL90:rep-1.hold_duration_s;AL90:rep-1.rep_speed_max_rads;AL90:rep-1.elevation_speed_max_rads;AL90:rep-1.return_speed_mean_rads;AL90:rep-1.return_speed_max_rads;AL90:rep-1.hold_speed_mean_rads;AL90:rep-1.hold_speed_max_rads;AL90:rep-2.elevation_duration_s;AL90:rep-2.return_duration_s;AL90:rep-2.hold_duration_s;AL90:rep-2.rep_speed_max_rads;AL90:rep-2.elevation_speed_mean_rads;AL90:rep-2.elevation_speed_max_rads;AL90:rep-2.return_speed_mean_rads;AL90:rep-2.return_speed_max_rads;AL90:rep-2.hold_speed_mean_rads;AL90:rep-2.hold_speed_max_rads;AL90:rep-3.elevation_duration_s;AL90:rep-3.return_duration_s;AL90:rep-3.hold_duration_s;AL90:rep-3.rep_speed_max_rads;AL90:rep-3.elevation_speed_mean_rads;AL90:rep-3.elevation_speed_max_rads;AL90:rep-3.return_speed_mean_rads;AL90:rep-3.return_speed_max_rads;AL90:rep-3.hold_speed_mean_rads;AL90:rep-3.hold_speed_max_rads;summary.elevation_duration_s.mean;summary.elevation_duration_s.maximum;summary.return_duration_s.mean;summary.return_duration_s.maximum;summary.hold_duration_s.mean;summary.hold_duration_s.maximum;summary.rep_speed_max_rads.mean;summary.rep_speed_max_rads.maximum;summary.elevation_speed_mean_rads.mean;summary.elevation_speed_max_rads.mean;summary.elevation_speed_max_rads.maximum;summary.return_speed_mean_rads.mean;summary.return_speed_mean_rads.maximum;summary.return_speed_max_rads.mean;summary.return_speed_max_rads.maximum;summary.hold_speed_mean_rads.support;summary.hold_speed_max_rads.support,1.0,1.0,1.7099090631948122,10.557475493272788
AL90/N-G-X/SAME/1103,stress,True,stress_completed,A.orientation;A.initialization;B.orientation;B.initialization;interval_speed;AL90:rep-1.return_duration_s;AL90:rep-1.hold_duration_s;AL90:rep-1.rep_speed_max_rads;AL90:rep-1.elevation_speed_max_rads;AL90:rep-1.return_speed_mean_rads;AL90:rep-1.return_speed_max_rads;AL90:rep-1.hold_speed_mean_rads;AL90:rep-1.hold_speed_max_rads;AL90:rep-2.elevation_duration_s;AL90:rep-2.return_duration_s;AL90:rep-2.hold_duration_s;AL90:rep-2.rep_speed_max_rads;AL90:rep-2.elevation_speed_mean_rads;AL90:rep-2.elevation_speed_max_rads;AL90:rep-2.return_speed_mean_rads;AL90:rep-2.return_speed_max_rads;AL90:rep-2.hold_speed_mean_rads;AL90:rep-2.hold_speed_max_rads;AL90:rep-3.return_duration_s;AL90:rep-3.hold_duration_s;AL90:rep-3.rep_speed_max_rads;AL90:rep-3.elevation_speed_max_rads;AL90:rep-3.return_speed_mean_rads;AL90:rep-3.return_speed_max_rads;AL90:rep-3.hold_speed_mean_rads;AL90:rep-3.hold_speed_max_rads;summary.elevation_duration_s.maximum;summary.return_duration_s.mean;summary.return_duration_s.maximum;summary.hold_duration_s.mean;summary.hold_duration_s.maximum;summary.rep_speed_max_rads.mean;summary.rep_speed_max_rads.maximum;summary.elevation_speed_max_rads.mean;summary.elevation_speed_max_rads.maximum;summary.return_speed_mean_rads.mean;summary.return_speed_mean_rads.maximum;summary.return_speed_max_rads.mean;summary.return_speed_max_rads.maximum;summary.hold_speed_mean_rads.support;summary.hold_speed_max_rads.support,1.0,1.0,2.274458070101275,18.146094543005272
AL90/N-G-X/SAME/2207,stress,True,stress_completed,A.orientation;B.orientation;interval_speed;AL90:rep-1.elevation_duration_s;AL90:rep-1.return_duration_s;AL90:rep-1.hold_duration_s;AL90:rep-1.rep_speed_max_rads;AL90:rep-1.elevation_speed_mean_rads;AL90:rep-1.elevation_speed_max_rads;AL90:rep-1.return_speed_max_rads;AL90:rep-1.hold_speed_mean_rads;AL90:rep-1.hold_speed_max_rads;AL90:rep-2.elevation_duration_s;AL90:rep-2.hold_duration_s;AL90:rep-2.rep_speed_max_rads;AL90:rep-2.elevation_speed_mean_rads;AL90:rep-2.elevation_speed_max_rads;AL90:rep-2.return_speed_max_rads;AL90:rep-2.hold_speed_mean_rads;AL90:rep-2.hold_speed_max_rads;AL90:rep-3.return_duration_s;AL90:rep-3.hold_duration_s;AL90:rep-3.rep_speed_max_rads;AL90:rep-3.elevation_speed_max_rads;AL90:rep-3.return_speed_mean_rads;AL90:rep-3.return_speed_max_rads;AL90:rep-3.hold_speed_mean_rads;AL90:rep-3.hold_speed_max_rads;summary.elevation_duration_s.mean;summary.elevation_duration_s.maximum;summary.return_duration_s.mean;summary.return_duration_s.maximum;summary.hold_duration_s.mean;summary.hold_duration_s.maximum;summary.rep_speed_max_rads.mean;summary.rep_speed_max_rads.maximum;summary.elevation_speed_mean_rads.mean;summary.elevation_speed_max_rads.mean;summary.elevation_speed_max_rads.maximum;summary.return_speed_mean_rads.mean;summary.return_speed_max_rads.mean;summary.return_speed_max_rads.maximum;summary.hold_speed_mean_rads.support;summary.hold_speed_max_rads.support,1.0,1.0,1.5919426295502908,14.549760852949555
AL90/N-G-X/SAME/3301,stress,True,stress_completed,A.orientation;B.orientation;interval_speed;AL90:rep-1.elevation_duration_s;AL90:rep-1.return_duration_s;AL90:rep-1.hold_duration_s;AL90:rep-1.rep_speed_max_rads;AL90:rep-1.elevation_speed_mean_rads;AL90:rep-1.elevation_speed_max_rads;AL90:rep-1.return_speed_mean_rads;AL90:rep-1.return_speed_max_rads;AL90:rep-1.hold_speed_mean_rads;AL90:rep-1.hold_speed_max_rads;AL90:rep-2.return_duration_s;AL90:rep-2.hold_duration_s;AL90:rep-2.rep_speed_max_rads;AL90:rep-2.elevation_speed_max_rads;AL90:rep-2.return_speed_mean_rads;AL90:rep-2.return_speed_max_rads;AL90:rep-2.hold_speed_mean_rads;AL90:rep-2.hold_speed_max_rads;AL90:rep-3.return_duration_s;AL90:rep-3.hold_duration_s;AL90:rep-3.rep_speed_max_rads;AL90:rep-3.elevation_speed_max_rads;AL90:rep-3.return_speed_mean_rads;AL90:rep-3.return_speed_max_rads;AL90:rep-3.hold_speed_mean_rads;AL90:rep-3.hold_speed_max_rads;summary.elevation_duration_s.maximum;summary.return_duration_s.mean;summary.return_duration_s.maximum;summary.hold_duration_s.mean;summary.hold_duration_s.maximum;summary.rep_speed_max_rads.mean;summary.rep_speed_max_rads.maximum;summary.elevation_speed_max_rads.mean;summary.elevation_speed_max_rads.maximum;summary.return_speed_mean_rads.mean;summary.return_speed_mean_rads.maximum;summary.return_speed_max_rads.mean;summary.return_speed_max_rads.maximum;summary.hold_speed_mean_rads.support;summary.hold_speed_max_rads.support,1.0,1.0,2.6671196517955083,17.71917642060366
AL90/N-G-X/SAME/4409,stress,True,stress_completed,B.orientation;interval_speed;AL90:rep-1.return_duration_s;AL90:rep-1.hold_duration_s;AL90:rep-1.rep_speed_max_rads;AL90:rep-1.elevation_speed_max_rads;AL90:rep-1.return_speed_mean_rads;AL90:rep-1.return_speed_max_rads;AL90:rep-1.hold_speed_mean_rads;AL90:rep-1.hold_speed_max_rads;AL90:rep-2.elevation_duration_s;AL90:rep-2.return_duration_s;AL90:rep-2.hold_duration_s;AL90:rep-2.rep_speed_max_rads;AL90:rep-2.elevation_speed_mean_rads;AL90:rep-2.elevation_speed_max_rads;AL90:rep-2.return_speed_mean_rads;AL90:rep-2.return_speed_max_rads;AL90:rep-2.hold_speed_mean_rads;AL90:rep-2.hold_speed_max_rads;AL90:rep-3.elevation_duration_s;AL90:rep-3.hold_duration_s;AL90:rep-3.rep_speed_max_rads;AL90:rep-3.elevation_speed_mean_rads;AL90:rep-3.elevation_speed_max_rads;AL90:rep-3.return_speed_max_rads;AL90:rep-3.hold_speed_mean_rads;AL90:rep-3.hold_speed_max_rads;summary.elevation_duration_s.mean;summary.elevation_duration_s.maximum;summary.return_duration_s.mean;summary.return_duration_s.maximum;summary.hold_duration_s.mean;summary.hold_duration_s.maximum;summary.rep_speed_max_rads.mean;summary.rep_speed_max_rads.maximum;summary.elevation_speed_mean_rads.mean;summary.elevation_speed_max_rads.mean;summary.elevation_speed_max_rads.maximum;summary.return_speed_mean_rads.mean;summary.return_speed_max_rads.mean;summary.return_speed_max_rads.maximum;summary.hold_speed_mean_rads.support;summary.hold_speed_max_rads.support,1.0,1.0,1.3772577109266269,18.06681592373871
AL90/N-G-X/SAME/5519,stress,True,stress_completed,A.orientation;B.orientation;interval_speed;AL90:rep-1.elevation_duration_s;AL90:rep-1.hold_duration_s;AL90:rep-1.rep_speed_max_rads;AL90:rep-1.elevation_speed_mean_rads;AL90:rep-1.elevation_speed_max_rads;AL90:rep-1.return_speed_max_rads;AL90:rep-1.hold_speed_mean_rads;AL90:rep-1.hold_speed_max_rads;AL90:rep-2.return_duration_s;AL90:rep-2.hold_duration_s;AL90:rep-2.rep_speed_max_rads;AL90:rep-2.elevation_speed_max_rads;AL90:rep-2.return_speed_mean_rads;AL90:rep-2.return_speed_max_rads;AL90:rep-2.hold_speed_mean_rads;AL90:rep-2.hold_speed_max_rads;AL90:rep-3.elevation_duration_s;AL90:rep-3.return_duration_s;AL90:rep-3.hold_duration_s;AL90:rep-3.rep_speed_max_rads;AL90:rep-3.elevation_speed_mean_rads;AL90:rep-3.elevation_speed_max_rads;AL90:rep-3.return_speed_mean_rads;AL90:rep-3.return_speed_max_rads;AL90:rep-3.hold_speed_mean_rads;AL90:rep-3.hold_speed_max_rads;summary.elevation_duration_s.mean;summary.elevation_duration_s.maximum;summary.return_duration_s.mean;summary.return_duration_s.maximum;summary.hold_duration_s.mean;summary.hold_duration_s.maximum;summary.rep_speed_max_rads.mean;summary.rep_speed_max_rads.maximum;summary.elevation_speed_mean_rads.mean;summary.elevation_speed_max_rads.mean;summary.elevation_speed_max_rads.maximum;summary.return_speed_mean_rads.mean;summary.return_speed_max_rads.mean;summary.return_speed_max_rads.maximum;summary.hold_speed_mean_rads.support;summary.hold_speed_max_rads.support,1.0,1.0,2.6371011828081423,15.05638034417143
AR90/B-C-H/A/0,W,True,complete,,1.0,1.0,0.3164976705793421,0.36844156578609455
AR90/B-C-H/B/0,W,True,complete,,1.0,1.0,0.31846315908655964,0.3684194836153087
AR90/B-C-H/SAME/0,W,True,complete,,1.0,1.0,0.31846315908655964,0.36841946825447636
AR90/B-C-H/DIFF/0,W,True,complete,,1.0,1.0,0.3184649649623975,0.36841758692349535
AR90/B-C-L/A/0,W,True,complete,,1.0,1.0,0.3164976705793421,0.3684415657863108
AR90/B-C-L/B/0,W,True,complete,,1.0,1.0,0.3165297763143257,0.368429046682107
AR90/B-C-L/SAME/0,W,True,complete,,1.0,1.0,0.3165297763143257,0.3684290465312215
AR90/B-C-L/DIFF/0,W,True,complete,,1.0,1.0,0.31652304117367513,0.3684276297262566
AR90/B-C-X/A/0,stress,True,stress_completed,A.orientation;A.initialization,1.0,1.0,2.0003636164203313,0.36844156666919464
AR90/B-C-X/B/0,stress,True,stress_completed,B.orientation;B.initialization,1.0,1.0,9.798064464640929,1.2516554021570936
AR90/B-C-X/SAME/0,stress,True,stress_completed,A.orientation;A.initialization;B.orientation;B.initialization,1.0,1.0,9.798064464640929,1.2748487567959275
AR90/B-C-X/DIFF/0,stress,True,stress_completed,A.orientation;A.initialization;B.orientation;B.initialization;elevation,1.0,1.0,9.79799222507078,1.2292312966432566
AR90/B-R-H/A/0,W,True,complete,,1.0,1.0,0.3164976705793421,0.36844175849566096
AR90/B-R-H/B/0,W,True,complete,,1.0,1.0,0.31653912112271443,0.36841922963443
AR90/B-R-H/SAME/0,W,True,complete,,1.0,1.0,0.31653912112271443,0.368412194856958
AR90/B-R-H/DIFF/0,W,True,complete,,1.0,1.0,0.3165357300863609,0.36842554497856267
AR90/B-R-L/A/0,W,True,complete,,1.0,1.0,0.3164976705793421,0.3684415676732703
AR90/B-R-L/B/0,W,True,complete,,1.0,1.0,0.31650290298069333,0.36843860101510223
AR90/B-R-L/SAME/0,W,True,complete,,1.0,1.0,0.31650290298069333,0.36843853183400493
AR90/B-R-L/DIFF/0,W,True,complete,,1.0,1.0,0.3165029029806934,0.36843534234221925
AR90/B-R-X/A/0,stress,True,stress_completed,A.orientation;elevation,1.0,1.0,3.5192144094183937,0.3689249452010922
AR90/B-R-X/B/0,stress,True,stress_completed,B.orientation,1.0,1.0,9.41871949456443,1.7365219561047636
AR90/B-R-X/SAME/0,stress,True,stress_completed,A.orientation;B.orientation,1.0,1.0,9.41871949456443,1.8666744112831528
AR90/B-R-X/DIFF/0,stress,True,stress_completed,A.orientation;B.orientation;elevation,1.0,1.0,9.418723340143217,1.6586274096713516
AR90/C-APPLY/SAME/0,C,True,complete,,1.0,1.0,0.3164976705793421,0.36844156578634896
AR90/C-FIT-H/SAME/1103,W,True,complete,,1.0,1.0,0.4021766306593621,1.75709279806722
AR90/C-FIT-H/SAME/2207,W,True,complete,,1.0,1.0,0.32574925167118557,1.6708921513550716
AR90/C-FIT-H/SAME/3301,W,True,complete,,1.0,1.0,0.30742195140905915,1.671673487564602
AR90/C-FIT-H/SAME/4409,W,True,complete,,1.0,1.0,0.31018378575781375,1.6403790968985088
AR90/C-FIT-H/SAME/5519,W,True,complete,,1.0,1.0,0.37822638291730065,1.7956869661332564
AR90/C-FIT-L/SAME/1103,W,True,complete,,1.0,1.0,0.4021766306593621,1.75709279806722
AR90/C-FIT-L/SAME/2207,W,True,complete,,1.0,1.0,0.32574925167118557,1.6708921513550716
AR90/C-FIT-L/SAME/3301,W,True,complete,,1.0,1.0,0.30742195140905915,1.671673487564602
AR90/C-FIT-L/SAME/4409,W,True,complete,,1.0,1.0,0.31018378575781375,1.6403790968985088
AR90/C-FIT-L/SAME/5519,W,True,complete,,1.0,1.0,0.37822638291730065,1.7956869661332564
AR90/CLEAN-E/SAME/0,C,True,complete,,1.0,1.0,1.1040546815383531e-13,1.4223440535504847e-11
AR90/CLEAN-Q/SAME/0,C,True,complete,,1.0,1.0,0.32447197062941424,0.37292148793786317
AR90/CLEAN-S/SAME/0,C,True,complete,,1.0,1.0,0.3164976705793421,0.36844156578634896
AR90/D-C-0-exact/B/0,W,True,complete,,1.0,1.0,0.3164976705793421,0.36844156578634896
AR90/D-C-0-wrong/B/0,stress,True,stress_completed,elevation;interval_speed;AR90:rep-1.start_us;AR90:rep-1.end_us;AR90:rep-1.start_confirmation;AR90:rep-1.end_confirmation;AR90:rep-2.start_us;AR90:rep-2.end_us;AR90:rep-2.start_confirmation;AR90:rep-2.end_confirmation;AR90:rep-3.start_us;AR90:rep-3.end_us;AR90:rep-3.start_confirmation;AR90:rep-3.end_confirmation,1.0,1.0,0.3164976705793421,60.19654019440897
AR90/D-C-H-minus-exact/B/0,W,True,complete,,1.0,1.0,0.284675734153042,0.3313381780882287
AR90/D-C-H-minus-wrong/B/0,stress,True,stress_completed,elevation;interval_speed;AR90:rep-1.start_us;AR90:rep-1.end_us;AR90:rep-1.start_confirmation;AR90:rep-1.end_confirmation;AR90:rep-2.start_us;AR90:rep-2.end_us;AR90:rep-2.start_confirmation;AR90:rep-2.end_confirmation;AR90:rep-3.start_us;AR90:rep-3.end_us;AR90:rep-3.start_confirmation;AR90:rep-3.end_confirmation,1.0,1.0,0.284675734153042,60.20629878018376
AR90/D-C-H-plus-exact/B/0,W,True,complete,,1.0,1.0,0.34832993864921236,0.40554135323390617
AR90/D-C-H-plus-wrong/B/0,stress,True,stress_completed,elevation;interval_speed;AR90:rep-1.start_us;AR90:rep-1.end_us;AR90:rep-1.start_confirmation;AR90:rep-1.end_confirmation;AR90:rep-2.start_us;AR90:rep-2.end_us;AR90:rep-2.start_confirmation;AR90:rep-2.end_confirmation;AR90:rep-3.start_us;AR90:rep-3.end_us;AR90:rep-3.start_confirmation;AR90:rep-3.end_confirmation,1.0,1.0,0.34832993864921236,60.187414238106406
AR90/D-C-L-minus-exact/B/0,W,True,complete,,1.0,1.0,0.31015585467081164,0.36100111706117183
AR90/D-C-L-minus-wrong/B/0,stress,True,stress_completed,elevation;interval_speed;AR90:rep-1.start_us;AR90:rep-1.end_us;AR90:rep-1.start_confirmation;AR90:rep-1.end_confirmation;AR90:rep-2.start_us;AR90:rep-2.end_us;AR90:rep-2.start_confirmation;AR90:rep-2.end_confirmation;AR90:rep-3.start_us;AR90:rep-3.end_us;AR90:rep-3.start_confirmation;AR90:rep-3.end_confirmation,1.0,1.0,0.31015585467081164,60.19855408230639
AR90/D-C-L-plus-exact/B/0,W,True,complete,,1.0,1.0,0.3228736934633009,0.3758514068717153
AR90/D-C-L-plus-wrong/B/0,stress,True,stress_completed,elevation;interval_speed;AR90:rep-1.start_us;AR90:rep-1.end_us;AR90:rep-1.start_confirmation;AR90:rep-1.end_confirmation;AR90:rep-2.start_us;AR90:rep-2.end_us;AR90:rep-2.start_confirmation;AR90:rep-2.end_confirmation;AR90:rep-3.start_us;AR90:rep-3.end_us;AR90:rep-3.start_confirmation;AR90:rep-3.end_confirmation,1.0,1.0,0.3228736934633009,60.194715573411926
AR90/D-C-X-minus-exact/B/0,stress,True,stress_completed,,1.0,1.0,0.002144679399114812,0.0024484980737413536
AR90/D-C-X-minus-wrong/B/0,stress,True,stress_completed,elevation;interval_speed;AR90:rep-1.start_us;AR90:rep-1.end_us;AR90:rep-1.start_confirmation;AR90:rep-1.end_confirmation;AR90:rep-1.peak_support;AR90:rep-2.start_us;AR90:rep-2.end_us;AR90:rep-2.start_confirmation;AR90:rep-2.end_confirmation;AR90:rep-2.peak_support;AR90:rep-3.start_us;AR90:rep-3.end_us;AR90:rep-3.start_confirmation;AR90:rep-3.end_confirmation;AR90:rep-3.peak_support,1.0,1.0,0.002144679399114812,60.30103311771023
AR90/D-C-X-plus-exact/B/0,stress,True,stress_completed,,1.0,1.0,0.6342000023938578,0.7395777014848067
AR90/D-C-X-plus-wrong/B/0,stress,True,stress_completed,elevation;interval_speed;AR90:rep-1.start_us;AR90:rep-1.end_us;AR90:rep-1.start_confirmation;AR90:rep-1.end_confirmation;AR90:rep-2.start_us;AR90:rep-2.end_us;AR90:rep-2.start_confirmation;AR90:rep-2.end_confirmation;AR90:rep-3.start_us;AR90:rep-3.end_us;AR90:rep-3.start_confirmation;AR90:rep-3.end_confirmation,1.0,1.0,0.6342000023938578,60.11102654261562
AR90/D-H-H-sensor/A/0,W,True,complete,,1.0,1.0,0.43000516711087244,0.3684448777957472
AR90/D-H-H-sensor/B/0,W,True,complete,,1.0,1.0,0.46942378379926125,0.3684356493126147
AR90/D-H-H-sensor/SAME/0,W,True,complete,,1.0,1.0,0.46942378379926125,0.36843226242761595
AR90/D-H-H-sensor/DIFF/0,W,True,complete,,1.0,1.0,0.46945470291490404,0.3684453329868862
AR90/D-H-H-world/A/0,W,True,complete,,1.0,1.0,0.33,0.020000000000013684
AR90/D-H-H-world/B/0,W,True,complete,,1.0,1.0,0.33,0.020000000000013684
AR90/D-H-H-world/SAME/0,W,True,complete,,1.0,1.0,0.33,3.256887993818641e-12
AR90/D-H-H-world/DIFF/0,W,True,complete,,1.0,1.0,0.33,0.040000000000028645
AR90/D-H-L-sensor/A/0,W,True,complete,,1.0,1.0,0.3164976705793421,0.3684415987701132
AR90/D-H-L-sensor/B/0,W,True,complete,,1.0,1.0,0.31679959935625635,0.36843113729532906
AR90/D-H-L-sensor/SAME/0,W,True,complete,,1.0,1.0,0.31679959935625635,0.3684311039207637
AR90/D-H-L-sensor/DIFF/0,W,True,complete,,1.0,1.0,0.3167992997991418,0.3684288478774401
AR90/D-H-L-world/A/0,W,True,complete,,1.0,1.0,0.032999999999999995,0.002000000000001357
AR90/D-H-L-world/B/0,W,True,complete,,1.0,1.0,0.032999999999999995,0.002000000000001357
AR90/D-H-L-world/SAME/0,W,True,complete,,1.0,1.0,0.032999999999999995,3.651276774320118e-12
AR90/D-H-L-world/DIFF/0,W,True,complete,,1.0,1.0,0.032999999999999995,0.004000000000004016
AR90/D-H-X-sensor/A/0,stress,True,stress_completed,A.orientation,1.0,1.0,4.299997469161177,0.36877285248984126
AR90/D-H-X-sensor/B/0,stress,True,stress_completed,B.orientation,1.0,1.0,4.302253896169794,0.36876101356098334
AR90/D-H-X-sensor/SAME/0,stress,True,stress_completed,A.orientation;B.orientation,1.0,1.0,4.302253896169794,0.3684301799388919
AR90/D-H-X-sensor/DIFF/0,stress,True,stress_completed,A.orientation;B.orientation,1.0,1.0,4.302196867275672,0.43015122523252525
AR90/D-H-X-world/A/0,stress,True,stress_completed,A.orientation;A.initialization,1.0,1.0,3.300000000000001,0.20000000000013066
AR90/D-H-X-world/B/0,stress,True,stress_completed,B.orientation;B.initialization,1.0,1.0,3.300000000000001,0.20000000000013066
AR90/D-H-X-world/SAME/0,stress,True,stress_completed,A.orientation;A.initialization;B.orientation;B.initialization,1.0,1.0,3.300000000000001,3.6958045398606065e-12
AR90/D-H-X-world/DIFF/0,stress,True,stress_completed,A.orientation;A.initialization;B.orientation;B.initialization,1.0,1.0,3.300000000000001,0.4000000000002772
AR90/I-JL/SAME/1103,W,True,complete,,1.0,1.0,0.32343719142762817,0.5504153064972216
AR90/I-JL/SAME/2207,W,True,complete,,1.0,1.0,0.3237342938081493,0.5788793576539434
AR90/I-JL/SAME/3301,W,True,complete,,1.0,1.0,0.3232869278712829,0.5897434992519386
AR90/I-JL/SAME/4409,W,True,complete,,1.0,1.0,0.322870268796347,0.5954112070373652
AR90/I-JL/SAME/5519,W,True,complete,,1.0,1.0,0.323020532455101,0.636703027376385
AR90/I-NB/DIFF/1103,W,True,complete,,1.0,1.0,0.2728300479156465,1.7294476939435874
AR90/I-NB/DIFF/2207,W,True,complete,,1.0,1.0,0.33184724760423423,1.6505947784382398
AR90/I-NB/DIFF/3301,W,True,complete,,1.0,1.0,0.31334267801583,1.6764576962489048
AR90/I-NB/DIFF/4409,W,True,complete,,1.0,1.0,0.358858526525681,1.6384401129675155
AR90/I-NB/DIFF/5519,W,True,complete,,1.0,1.0,0.4245771250355164,1.7862391377980926
AR90/J-S-H/A/1103,W,True,complete,,1.0,1.0,0.3164976705793421,0.36844156578634896
AR90/J-S-H/A/2207,W,True,complete,,1.0,1.0,0.3164976705793421,0.36844156578634896
AR90/J-S-H/A/3301,W,True,complete,,1.0,1.0,0.3164976705793421,0.36844156578634896
AR90/J-S-H/A/4409,W,True,complete,,1.0,1.0,0.3164976705793421,0.36844156578634896
AR90/J-S-H/A/5519,W,True,complete,,1.0,1.0,0.3164976705793421,0.36844156578634896
AR90/J-S-H/B/1103,W,True,complete,,1.0,1.0,0.31898046294807236,0.400944718597826
AR90/J-S-H/B/2207,W,True,complete,,1.0,1.0,0.31849554041724687,0.41194810665830367
AR90/J-S-H/B/3301,W,True,complete,,1.0,1.0,0.318669681109827,0.4026181212720273
AR90/J-S-H/B/4409,W,True,complete,,1.0,1.0,0.31869702075358686,0.39907563206138486
AR90/J-S-H/B/5519,W,True,complete,,1.0,1.0,0.31872434151293355,0.40254500150208716
AR90/J-S-H/SAME/1103,W,True,complete,,1.0,1.0,0.31898046294807236,0.400944718597826
AR90/J-S-H/SAME/2207,W,True,complete,,1.0,1.0,0.31849554041724687,0.41194810665830367
AR90/J-S-H/SAME/3301,W,True,complete,,1.0,1.0,0.318669681109827,0.4026181212720273
AR90/J-S-H/SAME/4409,W,True,complete,,1.0,1.0,0.31869702075358686,0.39907563206138486
AR90/J-S-H/SAME/5519,W,True,complete,,1.0,1.0,0.31872434151293355,0.40254500150208716
AR90/J-S-L/A/1103,W,True,complete,,1.0,1.0,0.3164976705793421,0.36844156578634896
AR90/J-S-L/A/2207,W,True,complete,,1.0,1.0,0.3164976705793421,0.36844156578634896
AR90/J-S-L/A/3301,W,True,complete,,1.0,1.0,0.3164976705793421,0.36844156578634896
AR90/J-S-L/A/4409,W,True,complete,,1.0,1.0,0.3164976705793421,0.36844156578634896
AR90/J-S-L/A/5519,W,True,complete,,1.0,1.0,0.3164976705793421,0.36844156578634896
AR90/J-S-L/B/1103,W,True,complete,,1.0,1.0,0.31653526477240446,0.3706502382618549
AR90/J-S-L/B/2207,W,True,complete,,1.0,1.0,0.31651817996901016,0.37035665234138104
AR90/J-S-L/B/3301,W,True,complete,,1.0,1.0,0.31656939671792156,0.36886118455269296
AR90/J-S-L/B/4409,W,True,complete,,1.0,1.0,0.31652160448343836,0.3698126779774651
AR90/J-S-L/B/5519,W,True,complete,,1.0,1.0,0.31654548178913156,0.368137284413166
AR90/J-S-L/SAME/1103,W,True,complete,,1.0,1.0,0.31653526477240446,0.3706502382618549
AR90/J-S-L/SAME/2207,W,True,complete,,1.0,1.0,0.31651817996901016,0.37035665234138104
AR90/J-S-L/SAME/3301,W,True,complete,,1.0,1.0,0.31656939671792156,0.36886118455269296
AR90/J-S-L/SAME/4409,W,True,complete,,1.0,1.0,0.31652160448343836,0.3698126779774651
AR90/J-S-L/SAME/5519,W,True,complete,,1.0,1.0,0.31654548178913156,0.368137284413166
AR90/J-S-X/A/1103,stress,True,expected_rejection,,0.0,0.0,,
AR90/J-S-X/A/2207,stress,True,expected_rejection,,0.0,0.0,,
AR90/J-S-X/A/3301,stress,True,expected_rejection,,0.0,0.0,,
AR90/J-S-X/A/4409,stress,True,expected_rejection,,0.0,0.0,,
AR90/J-S-X/A/5519,stress,True,expected_rejection,,0.0,0.0,,
AR90/J-S-X/B/1103,stress,True,expected_rejection,,0.0,0.0,1.2722218725854067e-14,
AR90/J-S-X/B/2207,stress,True,expected_rejection,,0.0,0.0,1.2722218725854067e-14,
AR90/J-S-X/B/3301,stress,True,expected_rejection,,0.0,0.0,1.2722218725854067e-14,
AR90/J-S-X/B/4409,stress,True,expected_rejection,,0.0,0.0,1.2722218725854067e-14,
AR90/J-S-X/B/5519,stress,True,expected_rejection,,0.0,0.0,1.2722218725854067e-14,
AR90/J-S-X/SAME/1103,stress,True,expected_rejection,,0.0,0.0,,
AR90/J-S-X/SAME/2207,stress,True,expected_rejection,,0.0,0.0,,
AR90/J-S-X/SAME/3301,stress,True,expected_rejection,,0.0,0.0,,
AR90/J-S-X/SAME/4409,stress,True,expected_rejection,,0.0,0.0,,
AR90/J-S-X/SAME/5519,stress,True,expected_rejection,,0.0,0.0,,
AR90/J-T-H/A/1103,W,True,complete,,1.0,1.0,0.3164976705793421,0.36844156578634896
AR90/J-T-H/A/2207,W,True,complete,,1.0,1.0,0.3164976705793421,0.36844156578634896
AR90/J-T-H/A/3301,W,True,complete,,1.0,1.0,0.3164976705793421,0.36844156578634896
AR90/J-T-H/A/4409,W,True,complete,,1.0,1.0,0.3164976705793421,0.36844156578634896
AR90/J-T-H/A/5519,W,True,complete,,1.0,1.0,0.3164976705793421,0.36844156578634896
AR90/J-T-H/B/1103,W,True,complete,,1.0,1.0,0.3599428745589779,0.3908896182244941
AR90/J-T-H/B/2207,W,True,complete,,1.0,1.0,0.3712376937163956,0.3950324311304593
AR90/J-T-H/B/3301,W,True,complete,,1.0,1.0,0.35620843658538065,0.39067308579215804
AR90/J-T-H/B/4409,W,True,complete,,1.0,1.0,0.3535119698558957,0.38435671874001626
AR90/J-T-H/B/5519,W,True,complete,,1.0,1.0,0.3590691915786647,0.38486496184838354
AR90/J-T-H/SAME/1103,W,True,complete,,1.0,1.0,0.3599428745589779,0.3908896182244941
AR90/J-T-H/SAME/2207,W,True,complete,,1.0,1.0,0.3712376937163956,0.3950324311304593
AR90/J-T-H/SAME/3301,W,True,complete,,1.0,1.0,0.35620843658538065,0.39067308579215804
AR90/J-T-H/SAME/4409,W,True,complete,,1.0,1.0,0.3535119698558957,0.38435671874001626
AR90/J-T-H/SAME/5519,W,True,complete,,1.0,1.0,0.3590691915786647,0.38486496184838354
AR90/J-T-L/A/1103,W,True,complete,,1.0,1.0,0.3164976705793421,0.36844156578634896
AR90/J-T-L/A/2207,W,True,complete,,1.0,1.0,0.3164976705793421,0.36844156578634896
AR90/J-T-L/A/3301,W,True,complete,,1.0,1.0,0.3164976705793421,0.36844156578634896
AR90/J-T-L/A/4409,W,True,complete,,1.0,1.0,0.3164976705793421,0.36844156578634896
AR90/J-T-L/A/5519,W,True,complete,,1.0,1.0,0.3164976705793421,0.36844156578634896
AR90/J-T-L/B/1103,W,True,complete,,1.0,1.0,0.3167435942164882,0.3684191889228594
AR90/J-T-L/B/2207,W,True,complete,,1.0,1.0,0.3168187260465914,0.3694371090879012
AR90/J-T-L/B/3301,W,True,complete,,1.0,1.0,0.3172794056786045,0.36847608024961254
AR90/J-T-L/B/4409,W,True,complete,,1.0,1.0,0.3188350059058419,0.3684387096871368
AR90/J-T-L/B/5519,W,True,complete,,1.0,1.0,0.31673508999643063,0.3684462408905834
AR90/J-T-L/SAME/1103,W,True,complete,,1.0,1.0,0.3167435942164882,0.3684191889228594
AR90/J-T-L/SAME/2207,W,True,complete,,1.0,1.0,0.3168187260465914,0.3694371090879012
AR90/J-T-L/SAME/3301,W,True,complete,,1.0,1.0,0.3172794056786045,0.36847608024961254
AR90/J-T-L/SAME/4409,W,True,complete,,1.0,1.0,0.3188350059058419,0.3684387096871368
AR90/J-T-L/SAME/5519,W,True,complete,,1.0,1.0,0.31673508999643063,0.3684462408905834
AR90/J-T-X/A/1103,stress,True,expected_rejection,,0.0,0.0,,
AR90/J-T-X/A/2207,stress,True,expected_rejection,,0.0,0.0,,
AR90/J-T-X/A/3301,stress,True,expected_rejection,,0.0,0.0,,
AR90/J-T-X/A/4409,stress,True,expected_rejection,,0.0,0.0,,
AR90/J-T-X/A/5519,stress,True,expected_rejection,,0.0,0.0,,
AR90/J-T-X/B/1103,stress,True,expected_rejection,,0.0,0.0,1.2722218725854067e-14,
AR90/J-T-X/B/2207,stress,True,expected_rejection,,0.0,0.0,1.2722218725854067e-14,
AR90/J-T-X/B/3301,stress,True,expected_rejection,,0.0,0.0,1.2722218725854067e-14,
AR90/J-T-X/B/4409,stress,True,expected_rejection,,0.0,0.0,1.2722218725854067e-14,
AR90/J-T-X/B/5519,stress,True,expected_rejection,,0.0,0.0,1.2722218725854067e-14,
AR90/J-T-X/SAME/1103,stress,True,expected_rejection,,0.0,0.0,,
AR90/J-T-X/SAME/2207,stress,True,expected_rejection,,0.0,0.0,,
AR90/J-T-X/SAME/3301,stress,True,expected_rejection,,0.0,0.0,,
AR90/J-T-X/SAME/4409,stress,True,expected_rejection,,0.0,0.0,,
AR90/J-T-X/SAME/5519,stress,True,expected_rejection,,0.0,0.0,,
AR90/L-P-BURST/A/0,rejection,True,expected_rejection,,0.0,0.0,,
AR90/L-P-BURST/B/0,rejection,True,expected_rejection,,0.0,0.0,1.2722218725854067e-14,
AR90/L-P-BURST/SAME/0,rejection,True,expected_rejection,,0.0,0.0,,
AR90/L-P-ONE/A/0,W,True,complete,,1.0,1.0,0.32447197062941424,0.37292148793786317
AR90/L-P-ONE/B/0,W,True,complete,,1.0,1.0,0.33539351576523424,0.7423605511184094
AR90/L-P-ONE/SAME/0,W,True,complete,,1.0,1.0,0.33539351576523424,0.7423605511184094
AR90/L-P-PER/A/0,W,True,complete,,1.0,1.0,0.32447197062941424,0.37292148793786317
AR90/L-P-PER/B/0,W,True,complete,,1.0,1.0,0.3715936400626284,1.4838582594747756
AR90/L-P-PER/SAME/0,W,True,complete,,1.0,1.0,0.3715936400626284,1.4838582594747756
AR90/L-S-BURST/A/0,rejection,True,expected_rejection,,0.0,0.0,,
AR90/L-S-BURST/B/0,rejection,True,expected_rejection,,0.0,0.0,1.2722218725854067e-14,
AR90/L-S-BURST/SAME/0,rejection,True,expected_rejection,,0.0,0.0,,
AR90/L-S-ONE/A/0,W,True,complete,,1.0,1.0,0.3164976705793421,0.36844156578634896
AR90/L-S-ONE/B/0,W,True,complete,,1.0,1.0,0.31507666802981704,0.36844156578634896
AR90/L-S-ONE/SAME/0,W,True,complete,,1.0,1.0,0.31507666802981704,0.36844156578634896
AR90/L-S-PER/A/0,W,True,complete,,1.0,1.0,0.3164976705793421,0.36844156578634896
AR90/L-S-PER/B/0,W,True,complete,,1.0,1.0,0.321183199678308,0.5843194749298711
AR90/L-S-PER/SAME/0,W,True,complete,,1.0,1.0,0.321183199678308,0.5843194749298711
AR90/N-A-H/A/1103,W,True,complete,,1.0,1.0,0.3164976705793421,0.4906817303470217
AR90/N-A-H/A/2207,W,True,complete,,1.0,1.0,0.3164976705793421,0.4745651034053094
AR90/N-A-H/A/3301,W,True,complete,,1.0,1.0,0.3164976705793421,0.4954985065230952
AR90/N-A-H/A/4409,W,True,complete,,1.0,1.0,0.3164976705793421,0.505249746459682
AR90/N-A-H/A/5519,W,True,complete,,1.0,1.0,0.3164976705793421,0.49236938068571534
AR90/N-A-H/B/1103,W,True,complete,,1.0,1.0,0.3170586519855287,0.5013962675706818
AR90/N-A-H/B/2207,W,True,complete,,1.0,1.0,0.31965962989358465,0.48164889457771815
AR90/N-A-H/B/3301,W,True,complete,,1.0,1.0,0.3242825934003983,0.4978346666409582
AR90/N-A-H/B/4409,W,True,complete,,1.0,1.0,0.32017107261542915,0.4858451197460422
AR90/N-A-H/B/5519,W,True,complete,,1.0,1.0,0.31693718241127156,0.4625793937602939
AR90/N-A-H/SAME/1103,W,True,complete,,1.0,1.0,0.3170586519855287,0.5536324979459886
AR90/N-A-H/SAME/2207,W,True,complete,,1.0,1.0,0.31965962989358465,0.5795788077967311
AR90/N-A-H/SAME/3301,W,True,complete,,1.0,1.0,0.3242825934003983,0.5232050241277585
AR90/N-A-H/SAME/4409,W,True,complete,,1.0,1.0,0.32017107261542915,0.6167582570629363
AR90/N-A-H/SAME/5519,W,True,complete,,1.0,1.0,0.31693718241127156,0.549622922349978
AR90/N-A-L/A/1103,W,True,complete,,1.0,1.0,0.3164976705793421,0.3896921280544922
AR90/N-A-L/A/2207,W,True,complete,,1.0,1.0,0.3164976705793421,0.37826605749165837
AR90/N-A-L/A/3301,W,True,complete,,1.0,1.0,0.3164976705793421,0.38592459681876184
AR90/N-A-L/A/4409,W,True,complete,,1.0,1.0,0.3164976705793421,0.38012608189055946
AR90/N-A-L/A/5519,W,True,complete,,1.0,1.0,0.3164976705793421,0.3957708551190766
AR90/N-A-L/B/1103,W,True,complete,,1.0,1.0,0.3166191050805215,0.38953124679776546
AR90/N-A-L/B/2207,W,True,complete,,1.0,1.0,0.31730144743776045,0.39095690380268
AR90/N-A-L/B/3301,W,True,complete,,1.0,1.0,0.3183956267010082,0.39796279367398224
AR90/N-A-L/B/4409,W,True,complete,,1.0,1.0,0.31740873966009825,0.3859097407768922
AR90/N-A-L/B/5519,W,True,complete,,1.0,1.0,0.3166022091023019,0.3915583517904961
AR90/N-A-L/SAME/1103,W,True,complete,,1.0,1.0,0.3166191050805215,0.4064574785131522
AR90/N-A-L/SAME/2207,W,True,complete,,1.0,1.0,0.31730144743776045,0.4073755363182363
AR90/N-A-L/SAME/3301,W,True,complete,,1.0,1.0,0.3183956267010082,0.3998728857475241
AR90/N-A-L/SAME/4409,W,True,complete,,1.0,1.0,0.31740873966009825,0.38428994471836503
AR90/N-A-L/SAME/5519,W,True,complete,,1.0,1.0,0.3166022091023019,0.40339500476051676
AR90/N-A-X/A/1103,stress,True,stress_completed,,1.0,1.0,0.3164976705793421,2.089802376506078
AR90/N-A-X/A/2207,stress,True,stress_completed,,1.0,1.0,0.3164976705793421,2.4498884265151286
AR90/N-A-X/A/3301,stress,True,stress_completed,,1.0,1.0,0.3164976705793421,2.329973223199212
AR90/N-A-X/A/4409,stress,True,stress_completed,,1.0,1.0,0.3164976705793421,2.3604163567756586
AR90/N-A-X/A/5519,stress,True,stress_completed,,1.0,1.0,0.3164976705793421,2.4162375592055483
AR90/N-A-X/B/1103,stress,True,stress_completed,,1.0,1.0,0.3368515190423274,2.196548850590094
AR90/N-A-X/B/2207,stress,True,stress_completed,,1.0,1.0,0.36434682660045914,1.9821347315423161
AR90/N-A-X/B/3301,stress,True,stress_completed,,1.0,1.0,0.41865071978325036,2.0296518159805377
AR90/N-A-X/B/4409,stress,True,stress_completed,,1.0,1.0,0.35516216026699327,2.070266355533904
AR90/N-A-X/B/5519,stress,True,stress_completed,,1.0,1.0,0.33484588482723804,2.0781598558742935
AR90/N-A-X/SAME/1103,stress,True,stress_completed,,1.0,1.0,0.3368515190423274,3.0866048071725274
AR90/N-A-X/SAME/2207,stress,True,stress_completed,,1.0,1.0,0.36434682660045914,2.9303045743955134
AR90/N-A-X/SAME/3301,stress,True,stress_completed,,1.0,1.0,0.41865071978325036,3.5957533511959103
AR90/N-A-X/SAME/4409,stress,True,stress_completed,,1.0,1.0,0.35516216026699327,3.4658727650018277
AR90/N-A-X/SAME/5519,stress,True,stress_completed,,1.0,1.0,0.33484588482723804,2.8989328284535545
AR90/N-G-H/A/1103,W,True,complete,,1.0,1.0,0.3164976705793421,1.1996563503539783
AR90/N-G-H/A/2207,W,True,complete,,1.0,1.0,0.3164976705793421,1.2804855200557144
AR90/N-G-H/A/3301,W,True,complete,,1.0,1.0,0.3164976705793421,1.0974912422403424
AR90/N-G-H/A/4409,W,True,complete,,1.0,1.0,0.3164976705793421,1.1014659184591793
AR90/N-G-H/A/5519,W,True,complete,,1.0,1.0,0.3164976705793421,1.353477931211693
AR90/N-G-H/B/1103,W,True,complete,,1.0,1.0,0.29486867673060235,1.1927906573131284
AR90/N-G-H/B/2207,W,True,complete,,1.0,1.0,0.3280193433788265,1.1561748281604503
AR90/N-G-H/B/3301,W,True,complete,,1.0,1.0,0.34496133005807744,1.3863270834264665
AR90/N-G-H/B/4409,W,True,complete,,1.0,1.0,0.32714904691655916,1.1816004661106687
AR90/N-G-H/B/5519,W,True,complete,,1.0,1.0,0.34963927051888316,1.1390031834903795
AR90/N-G-H/SAME/1103,W,True,complete,,1.0,1.0,0.29486867673060235,1.7358676323138202
AR90/N-G-H/SAME/2207,W,True,complete,,1.0,1.0,0.3280193433788265,1.6552402080703017
AR90/N-G-H/SAME/3301,W,True,complete,,1.0,1.0,0.34496133005807744,1.6628349806121143
AR90/N-G-H/SAME/4409,W,True,complete,,1.0,1.0,0.32714904691655916,1.5735992148018874
AR90/N-G-H/SAME/5519,W,True,complete,,1.0,1.0,0.34963927051888316,1.6991007302168755
AR90/N-G-L/A/1103,W,True,complete,,1.0,1.0,0.3164976705793421,0.492812452285455
AR90/N-G-L/A/2207,W,True,complete,,1.0,1.0,0.3164976705793421,0.4804746278879171
AR90/N-G-L/A/3301,W,True,complete,,1.0,1.0,0.3164976705793421,0.4551090390413806
AR90/N-G-L/A/4409,W,True,complete,,1.0,1.0,0.3164976705793421,0.4890642100474659
AR90/N-G-L/A/5519,W,True,complete,,1.0,1.0,0.3164976705793421,0.496582068723406
AR90/N-G-L/B/1103,W,True,complete,,1.0,1.0,0.30271610676282334,0.47145758890364925
AR90/N-G-L/B/2207,W,True,complete,,1.0,1.0,0.3186713243101442,0.4766426672306792
AR90/N-G-L/B/3301,W,True,complete,,1.0,1.0,0.31024668908004954,0.5340181753006946
AR90/N-G-L/B/4409,W,True,complete,,1.0,1.0,0.31717505637059146,0.47413974797165614
AR90/N-G-L/B/5519,W,True,complete,,1.0,1.0,0.32222961533011024,0.4557173813395831
AR90/N-G-L/SAME/1103,W,True,complete,,1.0,1.0,0.30271610676282334,0.5539076591817206
AR90/N-G-L/SAME/2207,W,True,complete,,1.0,1.0,0.3186713243101442,0.5639190305518392
AR90/N-G-L/SAME/3301,W,True,complete,,1.0,1.0,0.31024668908004954,0.5861832061075742
AR90/N-G-L/SAME/4409,W,True,complete,,1.0,1.0,0.31717505637059146,0.6008019110700413
AR90/N-G-L/SAME/5519,W,True,complete,,1.0,1.0,0.32222961533011024,0.5546273142273889
AR90/N-G-X/A/1103,stress,True,stress_completed,A.orientation;A.initialization;interval_speed;AR90:rep-1.elevation_duration_s;AR90:rep-1.return_duration_s;AR90:rep-1.hold_duration_s;AR90:rep-1.rep_speed_max_rads;AR90:rep-1.elevation_speed_mean_rads;AR90:rep-1.elevation_speed_max_rads;AR90:rep-1.return_speed_mean_rads;AR90:rep-1.return_speed_max_rads;AR90:rep-1.hold_speed_mean_rads;AR90:rep-1.hold_speed_max_rads;AR90:rep-2.return_duration_s;AR90:rep-2.hold_duration_s;AR90:rep-2.rep_speed_max_rads;AR90:rep-2.elevation_speed_max_rads;AR90:rep-2.return_speed_mean_rads;AR90:rep-2.return_speed_max_rads;AR90:rep-2.hold_speed_mean_rads;AR90:rep-2.hold_speed_max_rads;AR90:rep-3.elevation_duration_s;AR90:rep-3.return_duration_s;AR90:rep-3.hold_duration_s;AR90:rep-3.rep_speed_max_rads;AR90:rep-3.elevation_speed_mean_rads;AR90:rep-3.elevation_speed_max_rads;AR90:rep-3.return_speed_mean_rads;AR90:rep-3.return_speed_max_rads;AR90:rep-3.hold_speed_mean_rads;AR90:rep-3.hold_speed_max_rads;summary.elevation_duration_s.mean;summary.elevation_duration_s.maximum;summary.return_duration_s.mean;summary.return_duration_s.maximum;summary.hold_duration_s.mean;summary.hold_duration_s.maximum;summary.rep_speed_max_rads.mean;summary.rep_speed_max_rads.maximum;summary.elevation_speed_mean_rads.mean;summary.elevation_speed_max_rads.mean;summary.elevation_speed_max_rads.maximum;summary.return_speed_mean_rads.mean;summary.return_speed_mean_rads.maximum;summary.return_speed_max_rads.mean;summary.return_speed_max_rads.maximum;summary.hold_speed_mean_rads.support;summary.hold_speed_max_rads.support,1.0,1.0,2.274458070101275,11.228788338885135
AR90/N-G-X/A/2207,stress,True,stress_completed,A.orientation;interval_speed;AR90:rep-1.return_duration_s;AR90:rep-1.hold_duration_s;AR90:rep-1.rep_speed_max_rads;AR90:rep-1.elevation_speed_max_rads;AR90:rep-1.return_speed_mean_rads;AR90:rep-1.return_speed_max_rads;AR90:rep-1.hold_speed_mean_rads;AR90:rep-1.hold_speed_max_rads;AR90:rep-2.elevation_duration_s;AR90:rep-2.return_duration_s;AR90:rep-2.hold_duration_s;AR90:rep-2.rep_speed_max_rads;AR90:rep-2.elevation_speed_mean_rads;AR90:rep-2.elevation_speed_max_rads;AR90:rep-2.return_speed_mean_rads;AR90:rep-2.return_speed_max_rads;AR90:rep-2.hold_speed_mean_rads;AR90:rep-2.hold_speed_max_rads;AR90:rep-3.elevation_duration_s;AR90:rep-3.hold_duration_s;AR90:rep-3.rep_speed_max_rads;AR90:rep-3.elevation_speed_mean_rads;AR90:rep-3.elevation_speed_max_rads;AR90:rep-3.return_speed_max_rads;AR90:rep-3.hold_speed_mean_rads;AR90:rep-3.hold_speed_max_rads;summary.elevation_duration_s.mean;summary.elevation_duration_s.maximum;summary.return_duration_s.mean;summary.return_duration_s.maximum;summary.hold_duration_s.mean;summary.hold_duration_s.maximum;summary.rep_speed_max_rads.mean;summary.rep_speed_max_rads.maximum;summary.elevation_speed_mean_rads.mean;summary.elevation_speed_max_rads.mean;summary.elevation_speed_max_rads.maximum;summary.return_speed_mean_rads.mean;summary.return_speed_max_rads.mean;summary.return_speed_max_rads.maximum;summary.hold_speed_mean_rads.support;summary.hold_speed_max_rads.support,1.0,1.0,1.2712071803794676,11.18355421806064
AR90/N-G-X/A/3301,stress,True,stress_completed,A.orientation;interval_speed;AR90:rep-1.elevation_duration_s;AR90:rep-1.hold_duration_s;AR90:rep-1.rep_speed_max_rads;AR90:rep-1.elevation_speed_mean_rads;AR90:rep-1.elevation_speed_max_rads;AR90:rep-1.return_speed_max_rads;AR90:rep-1.hold_speed_mean_rads;AR90:rep-1.hold_speed_max_rads;AR90:rep-2.elevation_duration_s;AR90:rep-2.hold_duration_s;AR90:rep-2.rep_speed_max_rads;AR90:rep-2.elevation_speed_mean_rads;AR90:rep-2.elevation_speed_max_rads;AR90:rep-2.return_speed_max_rads;AR90:rep-2.hold_speed_mean_rads;AR90:rep-2.hold_speed_max_rads;AR90:rep-3.elevation_duration_s;AR90:rep-3.return_duration_s;AR90:rep-3.hold_duration_s;AR90:rep-3.rep_speed_max_rads;AR90:rep-3.elevation_speed_mean_rads;AR90:rep-3.elevation_speed_max_rads;AR90:rep-3.return_speed_mean_rads;AR90:rep-3.return_speed_max_rads;AR90:rep-3.hold_speed_mean_rads;AR90:rep-3.hold_speed_max_rads;summary.elevation_duration_s.mean;summary.elevation_duration_s.maximum;summary.return_duration_s.mean;summary.return_duration_s.maximum;summary.hold_duration_s.mean;summary.hold_duration_s.maximum;summary.rep_speed_max_rads.mean;summary.rep_speed_max_rads.maximum;summary.elevation_speed_mean_rads.mean;summary.elevation_speed_mean_rads.maximum;summary.elevation_speed_max_rads.mean;summary.elevation_speed_max_rads.maximum;summary.return_speed_max_rads.mean;summary.return_speed_max_rads.maximum;summary.hold_speed_mean_rads.support;summary.hold_speed_max_rads.support,1.0,1.0,1.2140031603522743,10.88818904962896
AR90/N-G-X/A/4409,stress,True,stress_completed,interval_speed;AR90:rep-1.return_duration_s;AR90:rep-1.hold_duration_s;AR90:rep-1.rep_speed_max_rads;AR90:rep-1.elevation_speed_max_rads;AR90:rep-1.return_speed_mean_rads;AR90:rep-1.return_speed_max_rads;AR90:rep-1.hold_speed_mean_rads;AR90:rep-1.hold_speed_max_rads;AR90:rep-2.return_duration_s;AR90:rep-2.hold_duration_s;AR90:rep-2.rep_speed_max_rads;AR90:rep-2.elevation_speed_max_rads;AR90:rep-2.return_speed_mean_rads;AR90:rep-2.return_speed_max_rads;AR90:rep-2.hold_speed_mean_rads;AR90:rep-2.hold_speed_max_rads;AR90:rep-3.elevation_duration_s;AR90:rep-3.return_duration_s;AR90:rep-3.hold_duration_s;AR90:rep-3.rep_speed_max_rads;AR90:rep-3.elevation_speed_mean_rads;AR90:rep-3.elevation_speed_max_rads;AR90:rep-3.return_speed_mean_rads;AR90:rep-3.return_speed_max_rads;AR90:rep-3.hold_speed_mean_rads;AR90:rep-3.hold_speed_max_rads;summary.elevation_duration_s.maximum;summary.return_duration_s.mean;summary.return_duration_s.maximum;summary.hold_duration_s.mean;summary.hold_duration_s.maximum;summary.rep_speed_max_rads.mean;summary.rep_speed_max_rads.maximum;summary.elevation_speed_max_rads.mean;summary.elevation_speed_max_rads.maximum;summary.return_speed_mean_rads.mean;summary.return_speed_mean_rads.maximum;summary.return_speed_max_rads.mean;summary.return_speed_max_rads.maximum;summary.hold_speed_mean_rads.support;summary.hold_speed_max_rads.support,1.0,1.0,0.9518247170581142,10.896945285480564
AR90/N-G-X/A/5519,stress,True,stress_completed,A.orientation;interval_speed;AR90:rep-1.return_duration_s;AR90:rep-1.hold_duration_s;AR90:rep-1.rep_speed_max_rads;AR90:rep-1.elevation_speed_max_rads;AR90:rep-1.return_speed_mean_rads;AR90:rep-1.return_speed_max_rads;AR90:rep-1.hold_speed_mean_rads;AR90:rep-1.hold_speed_max_rads;AR90:rep-2.elevation_duration_s;AR90:rep-2.return_duration_s;AR90:rep-2.hold_duration_s;AR90:rep-2.rep_speed_max_rads;AR90:rep-2.elevation_speed_mean_rads;AR90:rep-2.elevation_speed_max_rads;AR90:rep-2.return_speed_mean_rads;AR90:rep-2.return_speed_max_rads;AR90:rep-2.hold_speed_mean_rads;AR90:rep-2.hold_speed_max_rads;AR90:rep-3.elevation_duration_s;AR90:rep-3.return_duration_s;AR90:rep-3.hold_duration_s;AR90:rep-3.elevation_speed_mean_rads;AR90:rep-3.return_speed_max_rads;AR90:rep-3.hold_speed_mean_rads;AR90:rep-3.hold_speed_max_rads;summary.elevation_duration_s.mean;summary.elevation_duration_s.maximum;summary.return_duration_s.mean;summary.return_duration_s.maximum;summary.hold_duration_s.mean;summary.hold_duration_s.maximum;summary.rep_speed_max_rads.mean;summary.rep_speed_max_rads.maximum;summary.elevation_speed_mean_rads.mean;summary.elevation_speed_max_rads.mean;summary.elevation_speed_max_rads.maximum;summary.return_speed_mean_rads.mean;summary.return_speed_max_rads.mean;summary.return_speed_max_rads.maximum;summary.hold_speed_mean_rads.support;summary.hold_speed_max_rads.support,1.0,1.0,2.6371011828081423,11.243665727966526
AR90/N-G-X/B/1103,stress,True,stress_completed,B.orientation;B.initialization;interval_speed;AR90:rep-1.elevation_duration_s;AR90:rep-1.hold_duration_s;AR90:rep-1.rep_speed_max_rads;AR90:rep-1.elevation_speed_mean_rads;AR90:rep-1.elevation_speed_max_rads;AR90:rep-1.return_speed_max_rads;AR90:rep-1.hold_speed_mean_rads;AR90:rep-1.hold_speed_max_rads;AR90:rep-2.elevation_duration_s;AR90:rep-2.return_duration_s;AR90:rep-2.hold_duration_s;AR90:rep-2.rep_speed_max_rads;AR90:rep-2.elevation_speed_mean_rads;AR90:rep-2.elevation_speed_max_rads;AR90:rep-2.return_speed_max_rads;AR90:rep-2.hold_speed_mean_rads;AR90:rep-2.hold_speed_max_rads;AR90:rep-3.elevation_duration_s;AR90:rep-3.return_duration_s;AR90:rep-3.hold_duration_s;AR90:rep-3.rep_speed_max_rads;AR90:rep-3.elevation_speed_mean_rads;AR90:rep-3.elevation_speed_max_rads;AR90:rep-3.return_speed_max_rads;AR90:rep-3.hold_speed_mean_rads;AR90:rep-3.hold_speed_max_rads;summary.elevation_duration_s.mean;summary.elevation_duration_s.maximum;summary.return_duration_s.maximum;summary.hold_duration_s.mean;summary.hold_duration_s.maximum;summary.rep_speed_max_rads.mean;summary.rep_speed_max_rads.maximum;summary.elevation_speed_mean_rads.mean;summary.elevation_speed_mean_rads.maximum;summary.elevation_speed_max_rads.mean;summary.elevation_speed_max_rads.maximum;summary.return_speed_max_rads.mean;summary.return_speed_max_rads.maximum;summary.hold_speed_mean_rads.support;summary.hold_speed_max_rads.support,1.0,1.0,1.7183114237284145,11.324309883475177
AR90/N-G-X/B/2207,stress,True,stress_completed,interval_speed;AR90:rep-1.return_duration_s;AR90:rep-1.hold_duration_s;AR90:rep-1.rep_speed_max_rads;AR90:rep-1.elevation_speed_max_rads;AR90:rep-1.return_speed_mean_rads;AR90:rep-1.return_speed_max_rads;AR90:rep-1.hold_speed_mean_rads;AR90:rep-1.hold_speed_max_rads;AR90:rep-2.return_duration_s;AR90:rep-2.hold_duration_s;AR90:rep-2.rep_speed_max_rads;AR90:rep-2.elevation_speed_max_rads;AR90:rep-2.return_speed_mean_rads;AR90:rep-2.return_speed_max_rads;AR90:rep-2.hold_speed_mean_rads;AR90:rep-2.hold_speed_max_rads;AR90:rep-3.return_duration_s;AR90:rep-3.hold_duration_s;AR90:rep-3.rep_speed_max_rads;AR90:rep-3.elevation_speed_mean_rads;AR90:rep-3.elevation_speed_max_rads;AR90:rep-3.return_speed_mean_rads;AR90:rep-3.return_speed_max_rads;AR90:rep-3.hold_speed_mean_rads;AR90:rep-3.hold_speed_max_rads;summary.return_duration_s.mean;summary.return_duration_s.maximum;summary.hold_duration_s.mean;summary.hold_duration_s.maximum;summary.rep_speed_max_rads.mean;summary.rep_speed_max_rads.maximum;summary.elevation_speed_max_rads.mean;summary.elevation_speed_max_rads.maximum;summary.return_speed_mean_rads.mean;summary.return_speed_mean_rads.maximum;summary.return_speed_max_rads.mean;summary.return_speed_max_rads.maximum;summary.hold_speed_mean_rads.support;summary.hold_speed_max_rads.support,1.0,1.0,0.7902664522767934,11.342532306752892
AR90/N-G-X/B/3301,stress,True,stress_completed,B.orientation;interval_speed;AR90:rep-1.elevation_duration_s;AR90:rep-1.hold_duration_s;AR90:rep-1.rep_speed_max_rads;AR90:rep-1.elevation_speed_mean_rads;AR90:rep-1.elevation_speed_max_rads;AR90:rep-1.return_speed_max_rads;AR90:rep-1.hold_speed_mean_rads;AR90:rep-1.hold_speed_max_rads;AR90:rep-2.elevation_duration_s;AR90:rep-2.hold_duration_s;AR90:rep-2.rep_speed_max_rads;AR90:rep-2.elevation_speed_mean_rads;AR90:rep-2.elevation_speed_max_rads;AR90:rep-2.return_speed_max_rads;AR90:rep-2.hold_speed_mean_rads;AR90:rep-2.hold_speed_max_rads;AR90:rep-3.elevation_duration_s;AR90:rep-3.return_duration_s;AR90:rep-3.hold_duration_s;AR90:rep-3.rep_speed_max_rads;AR90:rep-3.elevation_speed_mean_rads;AR90:rep-3.elevation_speed_max_rads;AR90:rep-3.return_speed_mean_rads;AR90:rep-3.return_speed_max_rads;AR90:rep-3.hold_speed_mean_rads;AR90:rep-3.hold_speed_max_rads;summary.elevation_duration_s.mean;summary.elevation_duration_s.maximum;summary.return_duration_s.maximum;summary.hold_duration_s.mean;summary.hold_duration_s.maximum;summary.rep_speed_max_rads.mean;summary.rep_speed_max_rads.maximum;summary.elevation_speed_mean_rads.mean;summary.elevation_speed_mean_rads.maximum;summary.elevation_speed_max_rads.mean;summary.elevation_speed_max_rads.maximum;summary.return_speed_max_rads.mean;summary.return_speed_max_rads.maximum;summary.hold_speed_mean_rads.support;summary.hold_speed_max_rads.support,1.0,1.0,1.9511287091025755,11.523241784449437
AR90/N-G-X/B/4409,stress,True,stress_completed,B.orientation;interval_speed;AR90:rep-1.elevation_duration_s;AR90:rep-1.return_duration_s;AR90:rep-1.hold_duration_s;AR90:rep-1.rep_speed_max_rads;AR90:rep-1.elevation_speed_mean_rads;AR90:rep-1.elevation_speed_max_rads;AR90:rep-1.return_speed_mean_rads;AR90:rep-1.return_speed_max_rads;AR90:rep-1.hold_speed_mean_rads;AR90:rep-1.hold_speed_max_rads;AR90:rep-2.return_duration_s;AR90:rep-2.hold_duration_s;AR90:rep-2.rep_speed_max_rads;AR90:rep-2.elevation_speed_max_rads;AR90:rep-2.return_speed_mean_rads;AR90:rep-2.return_speed_max_rads;AR90:rep-2.hold_speed_mean_rads;AR90:rep-2.hold_speed_max_rads;AR90:rep-3.return_duration_s;AR90:rep-3.hold_duration_s;AR90:rep-3.rep_speed_max_rads;AR90:rep-3.elevation_speed_max_rads;AR90:rep-3.return_speed_mean_rads;AR90:rep-3.return_speed_max_rads;AR90:rep-3.hold_speed_mean_rads;AR90:rep-3.hold_speed_max_rads;summary.elevation_duration_s.mean;summary.elevation_duration_s.maximum;summary.return_duration_s.mean;summary.return_duration_s.maximum;summary.hold_duration_s.mean;summary.hold_duration_s.maximum;summary.rep_speed_max_rads.mean;summary.rep_speed_max_rads.maximum;summary.elevation_speed_mean_rads.mean;summary.elevation_speed_max_rads.mean;summary.elevation_speed_max_rads.maximum;summary.return_speed_mean_rads.mean;summary.return_speed_mean_rads.maximum;summary.return_speed_max_rads.mean;summary.return_speed_max_rads.maximum;summary.hold_speed_mean_rads.support;summary.hold_speed_max_rads.support,1.0,1.0,1.9575104400852938,12.051392851732317
AR90/N-G-X/B/5519,stress,True,stress_completed,B.orientation;interval_speed;AR90:rep-1.elevation_duration_s;AR90:rep-1.return_duration_s;AR90:rep-1.hold_duration_s;AR90:rep-1.rep_speed_max_rads;AR90:rep-1.elevation_speed_mean_rads;AR90:rep-1.elevation_speed_max_rads;AR90:rep-1.return_speed_mean_rads;AR90:rep-1.return_speed_max_rads;AR90:rep-1.hold_speed_mean_rads;AR90:rep-1.hold_speed_max_rads;AR90:rep-2.elevation_duration_s;AR90:rep-2.return_duration_s;AR90:rep-2.hold_duration_s;AR90:rep-2.rep_speed_max_rads;AR90:rep-2.elevation_speed_mean_rads;AR90:rep-2.elevation_speed_max_rads;AR90:rep-2.return_speed_mean_rads;AR90:rep-2.return_speed_max_rads;AR90:rep-2.hold_speed_mean_rads;AR90:rep-2.hold_speed_max_rads;AR90:rep-3.return_duration_s;AR90:rep-3.hold_duration_s;AR90:rep-3.rep_speed_max_rads;AR90:rep-3.elevation_speed_max_rads;AR90:rep-3.return_speed_mean_rads;AR90:rep-3.return_speed_max_rads;AR90:rep-3.hold_speed_mean_rads;AR90:rep-3.hold_speed_max_rads;summary.elevation_duration_s.mean;summary.elevation_duration_s.maximum;summary.return_duration_s.mean;summary.return_duration_s.maximum;summary.hold_duration_s.mean;summary.hold_duration_s.maximum;summary.rep_speed_max_rads.mean;summary.rep_speed_max_rads.maximum;summary.elevation_speed_mean_rads.mean;summary.elevation_speed_max_rads.mean;summary.elevation_speed_max_rads.maximum;summary.return_speed_mean_rads.mean;summary.return_speed_mean_rads.maximum;summary.return_speed_max_rads.mean;summary.return_speed_max_rads.maximum;summary.hold_speed_mean_rads.support;summary.hold_speed_max_rads.support,1.0,1.0,1.6409687011839948,10.395270147080653
AR90/N-G-X/SAME/1103,stress,True,stress_completed,A.orientation;A.initialization;B.orientation;B.initialization;interval_speed;AR90:rep-1.elevation_duration_s;AR90:rep-1.hold_duration_s;AR90:rep-1.rep_speed_max_rads;AR90:rep-1.elevation_speed_mean_rads;AR90:rep-1.elevation_speed_max_rads;AR90:rep-1.return_speed_max_rads;AR90:rep-1.hold_speed_mean_rads;AR90:rep-1.hold_speed_max_rads;AR90:rep-2.elevation_duration_s;AR90:rep-2.hold_duration_s;AR90:rep-2.rep_speed_max_rads;AR90:rep-2.elevation_speed_mean_rads;AR90:rep-2.elevation_speed_max_rads;AR90:rep-2.return_speed_max_rads;AR90:rep-2.hold_speed_mean_rads;AR90:rep-2.hold_speed_max_rads;AR90:rep-3.elevation_duration_s;AR90:rep-3.return_duration_s;AR90:rep-3.hold_duration_s;AR90:rep-3.rep_speed_max_rads;AR90:rep-3.elevation_speed_mean_rads;AR90:rep-3.elevation_speed_max_rads;AR90:rep-3.return_speed_max_rads;AR90:rep-3.hold_speed_mean_rads;AR90:rep-3.hold_speed_max_rads;summary.elevation_duration_s.mean;summary.elevation_duration_s.maximum;summary.return_duration_s.maximum;summary.hold_duration_s.mean;summary.hold_duration_s.maximum;summary.rep_speed_max_rads.mean;summary.rep_speed_max_rads.maximum;summary.elevation_speed_mean_rads.mean;summary.elevation_speed_mean_rads.maximum;summary.elevation_speed_max_rads.mean;summary.elevation_speed_max_rads.maximum;summary.return_speed_max_rads.mean;summary.return_speed_max_rads.maximum;summary.hold_speed_mean_rads.support;summary.hold_speed_max_rads.support,1.0,1.0,2.274458070101275,18.0094262204178
AR90/N-G-X/SAME/2207,stress,True,stress_completed,A.orientation;interval_speed;AR90:rep-1.return_duration_s;AR90:rep-1.hold_duration_s;AR90:rep-1.rep_speed_max_rads;AR90:rep-1.elevation_speed_max_rads;AR90:rep-1.return_speed_mean_rads;AR90:rep-1.return_speed_max_rads;AR90:rep-1.hold_speed_mean_rads;AR90:rep-1.hold_speed_max_rads;AR90:rep-2.elevation_duration_s;AR90:rep-2.return_duration_s;AR90:rep-2.hold_duration_s;AR90:rep-2.rep_speed_max_rads;AR90:rep-2.elevation_speed_mean_rads;AR90:rep-2.elevation_speed_max_rads;AR90:rep-2.return_speed_mean_rads;AR90:rep-2.return_speed_max_rads;AR90:rep-2.hold_speed_mean_rads;AR90:rep-2.hold_speed_max_rads;AR90:rep-3.elevation_duration_s;AR90:rep-3.return_duration_s;AR90:rep-3.hold_duration_s;AR90:rep-3.rep_speed_max_rads;AR90:rep-3.elevation_speed_mean_rads;AR90:rep-3.elevation_speed_max_rads;AR90:rep-3.return_speed_mean_rads;AR90:rep-3.return_speed_max_rads;AR90:rep-3.hold_speed_mean_rads;AR90:rep-3.hold_speed_max_rads;summary.elevation_duration_s.mean;summary.elevation_duration_s.maximum;summary.return_duration_s.mean;summary.return_duration_s.maximum;summary.hold_duration_s.mean;summary.hold_duration_s.maximum;summary.rep_speed_max_rads.mean;summary.rep_speed_max_rads.maximum;summary.elevation_speed_mean_rads.mean;summary.elevation_speed_max_rads.mean;summary.elevation_speed_max_rads.maximum;summary.return_speed_mean_rads.mean;summary.return_speed_mean_rads.maximum;summary.return_speed_max_rads.mean;summary.return_speed_max_rads.maximum;summary.hold_speed_mean_rads.support;summary.hold_speed_max_rads.support,1.0,1.0,1.2712071803794676,16.4416475911316
AR90/N-G-X/SAME/3301,stress,True,stress_completed,A.orientation;B.orientation;interval_speed;AR90:rep-1.elevation_duration_s;AR90:rep-1.hold_duration_s;AR90:rep-1.rep_speed_max_rads;AR90:rep-1.elevation_speed_mean_rads;AR90:rep-1.elevation_speed_max_rads;AR90:rep-1.return_speed_max_rads;AR90:rep-1.hold_speed_mean_rads;AR90:rep-1.hold_speed_max_rads;AR90:rep-2.elevation_duration_s;AR90:rep-2.hold_duration_s;AR90:rep-2.rep_speed_max_rads;AR90:rep-2.elevation_speed_mean_rads;AR90:rep-2.elevation_speed_max_rads;AR90:rep-2.return_speed_max_rads;AR90:rep-2.hold_speed_mean_rads;AR90:rep-2.hold_speed_max_rads;AR90:rep-3.elevation_duration_s;AR90:rep-3.return_duration_s;AR90:rep-3.hold_duration_s;AR90:rep-3.rep_speed_max_rads;AR90:rep-3.elevation_speed_mean_rads;AR90:rep-3.elevation_speed_max_rads;AR90:rep-3.return_speed_mean_rads;AR90:rep-3.return_speed_max_rads;AR90:rep-3.hold_speed_mean_rads;AR90:rep-3.hold_speed_max_rads;summary.elevation_duration_s.mean;summary.elevation_duration_s.maximum;summary.return_duration_s.mean;summary.return_duration_s.maximum;summary.hold_duration_s.mean;summary.hold_duration_s.maximum;summary.rep_speed_max_rads.mean;summary.rep_speed_max_rads.maximum;summary.elevation_speed_mean_rads.mean;summary.elevation_speed_mean_rads.maximum;summary.elevation_speed_max_rads.mean;summary.elevation_speed_max_rads.maximum;summary.return_speed_max_rads.mean;summary.return_speed_max_rads.maximum;summary.hold_speed_mean_rads.support;summary.hold_speed_max_rads.support,1.0,1.0,1.9511287091025755,15.908692414226683
AR90/N-G-X/SAME/4409,stress,True,stress_completed,B.orientation;interval_speed;AR90:rep-1.elevation_duration_s;AR90:rep-1.return_duration_s;AR90:rep-1.hold_duration_s;AR90:rep-1.rep_speed_max_rads;AR90:rep-1.elevation_speed_mean_rads;AR90:rep-1.elevation_speed_max_rads;AR90:rep-1.return_speed_mean_rads;AR90:rep-1.return_speed_max_rads;AR90:rep-1.hold_speed_mean_rads;AR90:rep-1.hold_speed_max_rads;AR90:rep-2.return_duration_s;AR90:rep-2.hold_duration_s;AR90:rep-2.rep_speed_max_rads;AR90:rep-2.elevation_speed_max_rads;AR90:rep-2.return_speed_mean_rads;AR90:rep-2.return_speed_max_rads;AR90:rep-2.hold_speed_mean_rads;AR90:rep-2.hold_speed_max_rads;AR90:rep-3.elevation_duration_s;AR90:rep-3.return_duration_s;AR90:rep-3.hold_duration_s;AR90:rep-3.rep_speed_max_rads;AR90:rep-3.elevation_speed_mean_rads;AR90:rep-3.elevation_speed_max_rads;AR90:rep-3.return_speed_mean_rads;AR90:rep-3.return_speed_max_rads;AR90:rep-3.hold_speed_mean_rads;AR90:rep-3.hold_speed_max_rads;summary.elevation_duration_s.mean;summary.elevation_duration_s.maximum;summary.return_duration_s.mean;summary.return_duration_s.maximum;summary.hold_duration_s.mean;summary.hold_duration_s.maximum;summary.rep_speed_max_rads.mean;summary.rep_speed_max_rads.maximum;summary.elevation_speed_mean_rads.mean;summary.elevation_speed_max_rads.mean;summary.elevation_speed_max_rads.maximum;summary.return_speed_mean_rads.mean;summary.return_speed_mean_rads.maximum;summary.return_speed_max_rads.mean;summary.return_speed_max_rads.maximum;summary.hold_speed_mean_rads.support;summary.hold_speed_max_rads.support,1.0,1.0,1.9575104400852938,15.702062906559176
AR90/N-G-X/SAME/5519,stress,True,stress_completed,A.orientation;B.orientation;interval_speed;AR90:rep-1.return_duration_s;AR90:rep-1.hold_duration_s;AR90:rep-1.rep_speed_max_rads;AR90:rep-1.elevation_speed_max_rads;AR90:rep-1.return_speed_mean_rads;AR90:rep-1.return_speed_max_rads;AR90:rep-1.hold_speed_mean_rads;AR90:rep-1.hold_speed_max_rads;AR90:rep-2.elevation_duration_s;AR90:rep-2.return_duration_s;AR90:rep-2.hold_duration_s;AR90:rep-2.rep_speed_max_rads;AR90:rep-2.elevation_speed_mean_rads;AR90:rep-2.elevation_speed_max_rads;AR90:rep-2.return_speed_mean_rads;AR90:rep-2.return_speed_max_rads;AR90:rep-2.hold_speed_mean_rads;AR90:rep-2.hold_speed_max_rads;AR90:rep-3.return_duration_s;AR90:rep-3.hold_duration_s;AR90:rep-3.rep_speed_max_rads;AR90:rep-3.elevation_speed_max_rads;AR90:rep-3.return_speed_mean_rads;AR90:rep-3.return_speed_max_rads;AR90:rep-3.hold_speed_mean_rads;AR90:rep-3.hold_speed_max_rads;summary.elevation_duration_s.maximum;summary.return_duration_s.mean;summary.return_duration_s.maximum;summary.hold_duration_s.mean;summary.hold_duration_s.maximum;summary.rep_speed_max_rads.mean;summary.rep_speed_max_rads.maximum;summary.elevation_speed_max_rads.mean;summary.elevation_speed_max_rads.maximum;summary.return_speed_mean_rads.mean;summary.return_speed_mean_rads.maximum;summary.return_speed_max_rads.mean;summary.return_speed_max_rads.maximum;summary.hold_speed_mean_rads.support;summary.hold_speed_max_rads.support,1.0,1.0,2.6371011828081423,16.893548949270134
F90/B-C-H/A/0,W,True,complete,,1.0,1.0,0.3165399432627146,0.36815035862239
F90/B-C-H/B/0,W,True,complete,,1.0,1.0,0.2780433504516778,0.36860404590000084
F90/B-C-H/SAME/0,W,True,complete,,1.0,1.0,0.2780433504516778,0.36861064896796203
F90/B-C-H/DIFF/0,W,True,complete,,1.0,1.0,0.3549629537901818,0.3681836532113727
F90/B-C-L/A/0,W,True,complete,,1.0,1.0,0.3165399432627146,0.36814440407003723
F90/B-C-L/B/0,W,True,complete,,1.0,1.0,0.3129682372686006,0.36814401159950016
F90/B-C-L/SAME/0,W,True,complete,,1.0,1.0,0.3129682372686006,0.368144660115134
F90/B-C-L/DIFF/0,W,True,complete,,1.0,1.0,0.32007092384503855,0.3686330599325701
F90/B-C-X/A/0,stress,True,stress_completed,A.orientation;A.initialization,1.0,1.0,2.0003636164203313,0.38182474889429624
F90/B-C-X/B/0,stress,True,stress_completed,B.orientation;B.initialization,1.0,1.0,2.228933357010112,0.3676231351992911
F90/B-C-X/SAME/0,stress,True,stress_completed,A.orientation;A.initialization;B.orientation;B.initialization,1.0,1.0,2.228933357010112,0.3679551246461875
F90/B-C-X/DIFF/0,stress,True,stress_completed,A.orientation;A.initialization;B.orientation;B.initialization;elevation;F90:rep-1.peak_elevation_rad;F90:rep-2.peak_elevation_rad;F90:rep-3.peak_elevation_rad;summary.peak_elevation_rad.mean;summary.peak_elevation_rad.maximum,1.0,1.0,2.251470027395568,0.4626577952422996
F90/B-R-H/A/0,W,True,complete,,1.0,1.0,0.3165399432627146,0.37297295636435696
F90/B-R-H/B/0,W,True,complete,,1.0,1.0,0.31432618577836363,0.36328611584743614
F90/B-R-H/SAME/0,W,True,complete,,1.0,1.0,0.31432618577836363,0.3681153166573643
F90/B-R-H/DIFF/0,W,True,complete,,1.0,1.0,0.3186997954704924,0.3778408917799239
F90/B-R-L/A/0,W,True,complete,,1.0,1.0,0.3165399432627146,0.3686266638731859
F90/B-R-L/B/0,W,True,complete,,1.0,1.0,0.31630400915057805,0.3676568257113412
F90/B-R-L/SAME/0,W,True,complete,,1.0,1.0,0.31630400915057805,0.36813973403011097
F90/B-R-L/DIFF/0,W,True,complete,,1.0,1.0,0.31675103799017773,0.3691110619128033
F90/B-R-X/A/0,stress,True,stress_completed,A.orientation;elevation,1.0,1.0,3.5192144094183937,0.6097325986783868
F90/B-R-X/B/0,stress,True,stress_completed,B.orientation;elevation,1.0,1.0,3.657697600431016,0.542957126270602
F90/B-R-X/SAME/0,stress,True,stress_completed,A.orientation;B.orientation,1.0,1.0,3.657697600431016,0.36791798111034374
F90/B-R-X/DIFF/0,stress,True,stress_completed,A.orientation;B.orientation;elevation;F90:rep-2.peak_elevation_rad;F90:rep-3.end_us;F90:rep-3.end_confirmation;F90:rep-3.peak_elevation_rad;F90:rep-3.rep_duration_s;summary.peak_elevation_rad.mean;summary.peak_elevation_rad.maximum;summary.rep_duration_s.maximum,1.0,1.0,3.5192144094183937,0.8518452989017387
F90/C-APPLY/SAME/0,C,True,complete,,1.0,1.0,0.3165399432627146,0.3681437555544161
F90/C-FIT-H/SAME/1103,W,True,complete,,1.0,1.0,0.4021766306593621,1.8087051847651878
F90/C-FIT-H/SAME/2207,W,True,complete,,1.0,1.0,0.34712533791826505,1.6445265619020388
F90/C-FIT-H/SAME/3301,W,True,complete,,1.0,1.0,0.31088049824636027,1.6358894469441305
F90/C-FIT-H/SAME/4409,W,True,complete,,1.0,1.0,0.27803124653348965,1.6885398362672839
F90/C-FIT-H/SAME/5519,W,True,complete,,1.0,1.0,0.3516509735635171,1.7173314297971018
F90/C-FIT-L/SAME/1103,W,True,complete,,1.0,1.0,0.4021766306593621,1.8087051847651878
F90/C-FIT-L/SAME/2207,W,True,complete,,1.0,1.0,0.34712533791826505,1.6445265619020388
F90/C-FIT-L/SAME/3301,W,True,complete,,1.0,1.0,0.31088049824636027,1.6358894469441305
F90/C-FIT-L/SAME/4409,W,True,complete,,1.0,1.0,0.27803124653348965,1.6885398362672839
F90/C-FIT-L/SAME/5519,W,True,complete,,1.0,1.0,0.3516509735635171,1.7173314297971018
F90/CLEAN-E/SAME/0,C,True,complete,,1.0,1.0,1.1040546815383531e-13,1.4223440535504847e-11
F90/CLEAN-Q/SAME/0,C,True,complete,,1.0,1.0,0.3244948259196224,0.37298254139861037
F90/CLEAN-S/SAME/0,C,True,complete,,1.0,1.0,0.3165399432627146,0.3681437555544161
F90/D-C-0-exact/B/0,W,True,complete,,1.0,1.0,0.3165399432627146,0.3681437555544161
F90/D-C-0-wrong/B/0,stress,True,stress_completed,elevation;interval_speed;F90:rep-1.start_us;F90:rep-1.end_us;F90:rep-1.start_confirmation;F90:rep-1.end_confirmation;F90:rep-2.start_us;F90:rep-2.end_us;F90:rep-2.start_confirmation;F90:rep-2.end_confirmation;F90:rep-3.start_us;F90:rep-3.end_us;F90:rep-3.start_confirmation;F90:rep-3.end_confirmation,1.0,1.0,0.3165399432627146,60.196879879847295
F90/D-C-H-minus-exact/B/0,W,True,complete,,1.0,1.0,0.28469805588901137,0.3309669613330162
F90/D-C-H-minus-wrong/B/0,stress,True,stress_completed,elevation;interval_speed;F90:rep-1.start_us;F90:rep-1.end_us;F90:rep-1.start_confirmation;F90:rep-1.end_confirmation;F90:rep-2.start_us;F90:rep-2.end_us;F90:rep-2.start_confirmation;F90:rep-2.end_confirmation;F90:rep-3.start_us;F90:rep-3.end_us;F90:rep-3.start_confirmation;F90:rep-3.end_confirmation,1.0,1.0,0.28469805588901137,60.20649037501099
F90/D-C-H-plus-exact/B/0,W,True,complete,,1.0,1.0,0.3483066837382125,0.4053231663657115
F90/D-C-H-plus-wrong/B/0,stress,True,stress_completed,elevation;interval_speed;F90:rep-1.start_us;F90:rep-1.end_us;F90:rep-1.start_confirmation;F90:rep-1.end_confirmation;F90:rep-2.start_us;F90:rep-2.end_us;F90:rep-2.start_confirmation;F90:rep-2.end_confirmation;F90:rep-3.start_us;F90:rep-3.end_us;F90:rep-3.start_confirmation;F90:rep-3.end_confirmation,1.0,1.0,0.3483066837382125,60.187545067214835
F90/D-C-L-minus-exact/B/0,W,True,complete,,1.0,1.0,0.31015121124429396,0.36090055768120527
F90/D-C-L-minus-wrong/B/0,stress,True,stress_completed,elevation;interval_speed;F90:rep-1.start_us;F90:rep-1.end_us;F90:rep-1.start_confirmation;F90:rep-1.end_confirmation;F90:rep-2.start_us;F90:rep-2.end_us;F90:rep-2.start_confirmation;F90:rep-2.end_confirmation;F90:rep-3.start_us;F90:rep-3.end_us;F90:rep-3.start_confirmation;F90:rep-3.end_confirmation,1.0,1.0,0.31015121124429396,60.198847272615886
F90/D-C-L-plus-exact/B/0,W,True,complete,,1.0,1.0,0.3228850689018415,0.3753869545794584
F90/D-C-L-plus-wrong/B/0,stress,True,stress_completed,elevation;interval_speed;F90:rep-1.start_us;F90:rep-1.end_us;F90:rep-1.start_confirmation;F90:rep-1.end_confirmation;F90:rep-2.start_us;F90:rep-2.end_us;F90:rep-2.start_confirmation;F90:rep-2.end_confirmation;F90:rep-3.start_us;F90:rep-3.end_us;F90:rep-3.start_confirmation;F90:rep-3.end_confirmation,1.0,1.0,0.3228850689018415,60.19500889418447
F90/D-C-X-minus-exact/B/0,stress,True,stress_completed,,1.0,1.0,0.0021992906885299614,0.003061936181211756
F90/D-C-X-minus-wrong/B/0,stress,True,stress_completed,elevation;interval_speed;F90:rep-1.start_us;F90:rep-1.end_us;F90:rep-1.start_confirmation;F90:rep-1.end_confirmation;F90:rep-1.peak_support;F90:rep-2.start_us;F90:rep-2.end_us;F90:rep-2.start_confirmation;F90:rep-2.end_confirmation;F90:rep-2.peak_support;F90:rep-3.start_us;F90:rep-3.end_us;F90:rep-3.start_confirmation;F90:rep-3.end_confirmation;F90:rep-3.peak_support,1.0,1.0,0.0021992906885299614,60.30053497631786
F90/D-C-X-plus-exact/B/0,stress,True,stress_completed,,1.0,1.0,0.6341777823597685,0.739487397084618
F90/D-C-X-plus-wrong/B/0,stress,True,stress_completed,elevation;interval_speed;F90:rep-1.start_us;F90:rep-1.end_us;F90:rep-1.start_confirmation;F90:rep-1.end_confirmation;F90:rep-2.start_us;F90:rep-2.end_us;F90:rep-2.start_confirmation;F90:rep-2.end_confirmation;F90:rep-3.start_us;F90:rep-3.end_us;F90:rep-3.start_confirmation;F90:rep-3.end_confirmation,1.0,1.0,0.6341777823597685,60.11089746360085
F90/D-H-H-sensor/A/0,W,True,complete,,1.0,1.0,0.43000516711087244,0.36814706904563477
F90/D-H-H-sensor/B/0,W,True,complete,,1.0,1.0,0.46946357944801775,0.36838155021778
F90/D-H-H-sensor/SAME/0,W,True,complete,,1.0,1.0,0.46946357944801775,0.3683782417263424
F90/D-H-H-sensor/DIFF/0,W,True,complete,,1.0,1.0,0.46946357944801775,0.36839148566482377
F90/D-H-H-world/A/0,W,True,complete,,1.0,1.0,0.33,0.020000000000013684
F90/D-H-H-world/B/0,W,True,complete,,1.0,1.0,0.33,0.020000000000013684
F90/D-H-H-world/SAME/0,W,True,complete,,1.0,1.0,0.33,3.256887993818641e-12
F90/D-H-H-world/DIFF/0,W,True,complete,,1.0,1.0,0.33,0.040000000000028645
F90/D-H-L-sensor/A/0,W,True,complete,,1.0,1.0,0.3165399432627146,0.36814378868491837
F90/D-H-L-sensor/B/0,W,True,complete,,1.0,1.0,0.3168085384309652,0.3681437927844371
F90/D-H-L-sensor/SAME/0,W,True,complete,,1.0,1.0,0.3168085384309652,0.3681437596990732
F90/D-H-L-sensor/DIFF/0,W,True,complete,,1.0,1.0,0.3168085384309652,0.3681438921307801
F90/D-H-L-world/A/0,W,True,complete,,1.0,1.0,0.032999999999999995,0.002000000000001357
F90/D-H-L-world/B/0,W,True,complete,,1.0,1.0,0.032999999999999995,0.002000000000001357
F90/D-H-L-world/SAME/0,W,True,complete,,1.0,1.0,0.032999999999999995,3.651276774320118e-12
F90/D-H-L-world/DIFF/0,W,True,complete,,1.0,1.0,0.032999999999999995,0.004000000000004016
F90/D-H-X-sensor/A/0,stress,True,stress_completed,A.orientation,1.0,1.0,4.299997469161177,0.36847507614194763
F90/D-H-X-sensor/B/0,stress,True,stress_completed,B.orientation,1.0,1.0,4.302185184997875,0.3684097065240878
F90/D-H-X-sensor/SAME/0,stress,True,stress_completed,A.orientation;B.orientation,1.0,1.0,4.302185184997875,0.368078858542657
F90/D-H-X-sensor/DIFF/0,stress,True,stress_completed,A.orientation;B.orientation,1.0,1.0,4.302185184997875,0.4301687095897252
F90/D-H-X-world/A/0,stress,True,stress_completed,A.orientation;A.initialization,1.0,1.0,3.300000000000001,0.20000000000013066
F90/D-H-X-world/B/0,stress,True,stress_completed,B.orientation;B.initialization,1.0,1.0,3.300000000000001,0.20000000000013066
F90/D-H-X-world/SAME/0,stress,True,stress_completed,A.orientation;A.initialization;B.orientation;B.initialization,1.0,1.0,3.300000000000001,3.6958045398606065e-12
F90/D-H-X-world/DIFF/0,stress,True,stress_completed,A.orientation;A.initialization;B.orientation;B.initialization,1.0,1.0,3.300000000000001,0.4000000000002772
F90/EV-align-A-E/SAME/0,evidence,True,evidence_gate,elevation;interval_speed;counts;detected_count;coverage;summary.rom_mean_rad;summary.rom_max_rad;summary.rom_range_rad;summary.rom_sd_rad;summary.rom_cv;summary.active_s;summary.cadence_per_s,0.0,0.0,1.1040546815383531e-13,
F90/EV-align-A-S/SAME/0,evidence,True,evidence_gate,elevation;interval_speed;counts;detected_count;coverage;summary.rom_mean_rad;summary.rom_max_rad;summary.rom_range_rad;summary.rom_sd_rad;summary.rom_cv;summary.active_s;summary.cadence_per_s,0.0,0.0,0.3165399432627146,
F90/EV-align-A-assumed-E/SAME/0,evidence,True,evidence_gate,,1.0,1.0,1.1040546815383531e-13,1.4223440535504847e-11
F90/EV-align-A-assumed-S/SAME/0,evidence,True,evidence_gate,,1.0,1.0,0.3165399432627146,0.3681437555544161
F90/EV-align-A-epoch-E/SAME/0,evidence,True,evidence_gate,elevation;interval_speed;counts;detected_count;coverage;summary.rom_mean_rad;summary.rom_max_rad;summary.rom_range_rad;summary.rom_sd_rad;summary.rom_cv;summary.active_s;summary.cadence_per_s,0.0,0.0,1.1040546815383531e-13,
F90/EV-align-A-epoch-S/SAME/0,evidence,True,evidence_gate,elevation;interval_speed;counts;detected_count;coverage;summary.rom_mean_rad;summary.rom_max_rad;summary.rom_range_rad;summary.rom_sd_rad;summary.rom_cv;summary.active_s;summary.cadence_per_s,0.0,0.0,0.3165399432627146,
F90/EV-align-A-expired-E/SAME/0,evidence,True,evidence_gate,elevation;interval_speed;counts;detected_count;coverage;summary.rom_mean_rad;summary.rom_max_rad;summary.rom_range_rad;summary.rom_sd_rad;summary.rom_cv;summary.active_s;summary.cadence_per_s,0.0,0.0,1.1040546815383531e-13,
F90/EV-align-A-expired-S/SAME/0,evidence,True,evidence_gate,elevation;interval_speed;counts;detected_count;coverage;summary.rom_mean_rad;summary.rom_max_rad;summary.rom_range_rad;summary.rom_sd_rad;summary.rom_cv;summary.active_s;summary.cadence_per_s,0.0,0.0,0.3165399432627146,
F90/EV-align-A-hash-E/SAME/0,evidence,True,evidence_gate,elevation;interval_speed;counts;detected_count;coverage;summary.rom_mean_rad;summary.rom_max_rad;summary.rom_range_rad;summary.rom_sd_rad;summary.rom_cv;summary.active_s;summary.cadence_per_s,0.0,0.0,1.1040546815383531e-13,
F90/EV-align-A-hash-S/SAME/0,evidence,True,evidence_gate,elevation;interval_speed;counts;detected_count;coverage;summary.rom_mean_rad;summary.rom_max_rad;summary.rom_range_rad;summary.rom_sd_rad;summary.rom_cv;summary.active_s;summary.cadence_per_s,0.0,0.0,0.3165399432627146,
F90/EV-align-A-node-E/SAME/0,evidence,True,evidence_gate,elevation;interval_speed;counts;detected_count;coverage;summary.rom_mean_rad;summary.rom_max_rad;summary.rom_range_rad;summary.rom_sd_rad;summary.rom_cv;summary.active_s;summary.cadence_per_s,0.0,0.0,1.1040546815383531e-13,
F90/EV-align-A-node-S/SAME/0,evidence,True,evidence_gate,elevation;interval_speed;counts;detected_count;coverage;summary.rom_mean_rad;summary.rom_max_rad;summary.rom_range_rad;summary.rom_sd_rad;summary.rom_cv;summary.active_s;summary.cadence_per_s,0.0,0.0,0.3165399432627146,
F90/EV-align-A-remount-E/SAME/0,evidence,True,evidence_gate,elevation;interval_speed;counts;detected_count;coverage;summary.rom_mean_rad;summary.rom_max_rad;summary.rom_range_rad;summary.rom_sd_rad;summary.rom_cv;summary.active_s;summary.cadence_per_s,0.0,0.0,1.1040546815383531e-13,
F90/EV-align-A-remount-S/SAME/0,evidence,True,evidence_gate,elevation;interval_speed;counts;detected_count;coverage;summary.rom_mean_rad;summary.rom_max_rad;summary.rom_range_rad;summary.rom_sd_rad;summary.rom_cv;summary.active_s;summary.cadence_per_s,0.0,0.0,0.3165399432627146,
F90/EV-align-A-side-E/SAME/0,evidence,True,evidence_gate,elevation;interval_speed;counts;detected_count;coverage;summary.rom_mean_rad;summary.rom_max_rad;summary.rom_range_rad;summary.rom_sd_rad;summary.rom_cv;summary.active_s;summary.cadence_per_s,0.0,0.0,1.1040546815383531e-13,
F90/EV-align-A-side-S/SAME/0,evidence,True,evidence_gate,elevation;interval_speed;counts;detected_count;coverage;summary.rom_mean_rad;summary.rom_max_rad;summary.rom_range_rad;summary.rom_sd_rad;summary.rom_cv;summary.active_s;summary.cadence_per_s,0.0,0.0,0.3165399432627146,
F90/EV-align-A-world-E/SAME/0,evidence,True,expected_rejection,,0.0,0.0,1.1040546815383531e-13,
F90/EV-align-A-world-S/SAME/0,evidence,True,expected_rejection,,0.0,0.0,0.3165399432627146,
F90/EV-align-B-E/SAME/0,evidence,True,evidence_gate,elevation;interval_speed;counts;detected_count;coverage;summary.rom_mean_rad;summary.rom_max_rad;summary.rom_range_rad;summary.rom_sd_rad;summary.rom_cv;summary.active_s;summary.cadence_per_s,0.0,0.0,1.1040546815383531e-13,
F90/EV-align-B-S/SAME/0,evidence,True,evidence_gate,elevation;interval_speed;counts;detected_count;coverage;summary.rom_mean_rad;summary.rom_max_rad;summary.rom_range_rad;summary.rom_sd_rad;summary.rom_cv;summary.active_s;summary.cadence_per_s,0.0,0.0,0.3165399432627146,
F90/EV-align-B-assumed-E/SAME/0,evidence,True,evidence_gate,,1.0,1.0,1.1040546815383531e-13,1.4223440535504847e-11
F90/EV-align-B-assumed-S/SAME/0,evidence,True,evidence_gate,,1.0,1.0,0.3165399432627146,0.3681437555544161
F90/EV-align-B-epoch-E/SAME/0,evidence,True,evidence_gate,elevation;interval_speed;counts;detected_count;coverage;summary.rom_mean_rad;summary.rom_max_rad;summary.rom_range_rad;summary.rom_sd_rad;summary.rom_cv;summary.active_s;summary.cadence_per_s,0.0,0.0,1.1040546815383531e-13,
F90/EV-align-B-epoch-S/SAME/0,evidence,True,evidence_gate,elevation;interval_speed;counts;detected_count;coverage;summary.rom_mean_rad;summary.rom_max_rad;summary.rom_range_rad;summary.rom_sd_rad;summary.rom_cv;summary.active_s;summary.cadence_per_s,0.0,0.0,0.3165399432627146,
F90/EV-align-B-expired-E/SAME/0,evidence,True,evidence_gate,elevation;interval_speed;counts;detected_count;coverage;summary.rom_mean_rad;summary.rom_max_rad;summary.rom_range_rad;summary.rom_sd_rad;summary.rom_cv;summary.active_s;summary.cadence_per_s,0.0,0.0,1.1040546815383531e-13,
F90/EV-align-B-expired-S/SAME/0,evidence,True,evidence_gate,elevation;interval_speed;counts;detected_count;coverage;summary.rom_mean_rad;summary.rom_max_rad;summary.rom_range_rad;summary.rom_sd_rad;summary.rom_cv;summary.active_s;summary.cadence_per_s,0.0,0.0,0.3165399432627146,
F90/EV-align-B-hash-E/SAME/0,evidence,True,evidence_gate,elevation;interval_speed;counts;detected_count;coverage;summary.rom_mean_rad;summary.rom_max_rad;summary.rom_range_rad;summary.rom_sd_rad;summary.rom_cv;summary.active_s;summary.cadence_per_s,0.0,0.0,1.1040546815383531e-13,
F90/EV-align-B-hash-S/SAME/0,evidence,True,evidence_gate,elevation;interval_speed;counts;detected_count;coverage;summary.rom_mean_rad;summary.rom_max_rad;summary.rom_range_rad;summary.rom_sd_rad;summary.rom_cv;summary.active_s;summary.cadence_per_s,0.0,0.0,0.3165399432627146,
F90/EV-align-B-node-E/SAME/0,evidence,True,evidence_gate,elevation;interval_speed;counts;detected_count;coverage;summary.rom_mean_rad;summary.rom_max_rad;summary.rom_range_rad;summary.rom_sd_rad;summary.rom_cv;summary.active_s;summary.cadence_per_s,0.0,0.0,1.1040546815383531e-13,
F90/EV-align-B-node-S/SAME/0,evidence,True,evidence_gate,elevation;interval_speed;counts;detected_count;coverage;summary.rom_mean_rad;summary.rom_max_rad;summary.rom_range_rad;summary.rom_sd_rad;summary.rom_cv;summary.active_s;summary.cadence_per_s,0.0,0.0,0.3165399432627146,
F90/EV-align-B-remount-E/SAME/0,evidence,True,evidence_gate,elevation;interval_speed;counts;detected_count;coverage;summary.rom_mean_rad;summary.rom_max_rad;summary.rom_range_rad;summary.rom_sd_rad;summary.rom_cv;summary.active_s;summary.cadence_per_s,0.0,0.0,1.1040546815383531e-13,
F90/EV-align-B-remount-S/SAME/0,evidence,True,evidence_gate,elevation;interval_speed;counts;detected_count;coverage;summary.rom_mean_rad;summary.rom_max_rad;summary.rom_range_rad;summary.rom_sd_rad;summary.rom_cv;summary.active_s;summary.cadence_per_s,0.0,0.0,0.3165399432627146,
F90/EV-align-B-side-E/SAME/0,evidence,True,evidence_gate,elevation;interval_speed;counts;detected_count;coverage;summary.rom_mean_rad;summary.rom_max_rad;summary.rom_range_rad;summary.rom_sd_rad;summary.rom_cv;summary.active_s;summary.cadence_per_s,0.0,0.0,1.1040546815383531e-13,
F90/EV-align-B-side-S/SAME/0,evidence,True,evidence_gate,elevation;interval_speed;counts;detected_count;coverage;summary.rom_mean_rad;summary.rom_max_rad;summary.rom_range_rad;summary.rom_sd_rad;summary.rom_cv;summary.active_s;summary.cadence_per_s,0.0,0.0,0.3165399432627146,
F90/EV-align-B-world-E/SAME/0,evidence,True,expected_rejection,,0.0,0.0,1.1040546815383531e-13,
F90/EV-align-B-world-S/SAME/0,evidence,True,expected_rejection,,0.0,0.0,0.3165399432627146,
F90/EV-branch-T9-E/SAME/0,evidence,True,existing_frozen_fixture,,,,,
F90/EV-branch-T9-S/SAME/0,evidence,True,existing_frozen_fixture,,,,,
F90/EV-comparison-backend-E/SAME/0,evidence,True,existing_frozen_fixture,,,,,
F90/EV-comparison-backend-S/SAME/0,evidence,True,existing_frozen_fixture,,,,,
F90/EV-comparison-evidence-E/SAME/0,evidence,True,existing_frozen_fixture,,,,,
F90/EV-comparison-evidence-S/SAME/0,evidence,True,existing_frozen_fixture,,,,,
F90/EV-comparison-remount-E/SAME/0,evidence,True,existing_frozen_fixture,,,,,
F90/EV-comparison-remount-S/SAME/0,evidence,True,existing_frozen_fixture,,,,,
F90/EV-comparison-source-type-E/SAME/0,evidence,True,existing_frozen_fixture,,,,,
F90/EV-comparison-source-type-S/SAME/0,evidence,True,existing_frozen_fixture,,,,,
F90/EV-comparison-threshold-E/SAME/0,evidence,True,existing_frozen_fixture,,,,,
F90/EV-comparison-threshold-S/SAME/0,evidence,True,existing_frozen_fixture,,,,,
F90/EV-drift-above-E/SAME/0,evidence,True,evidence_gate,F90:rep-1.proxy_unavailable;F90:rep-2.proxy_unavailable;F90:rep-3.proxy_unavailable;coverage,1.0,1.0,1.1040546815383531e-13,1.4223440535504847e-11
F90/EV-drift-above-S/SAME/0,evidence,True,evidence_gate,F90:rep-1.proxy_unavailable;F90:rep-2.proxy_unavailable;F90:rep-3.proxy_unavailable;coverage,1.0,1.0,0.3165399432627146,0.3681437555544161
F90/EV-drift-below-E/SAME/0,evidence,True,evidence_gate,,1.0,1.0,1.1040546815383531e-13,1.4223440535504847e-11
F90/EV-drift-below-S/SAME/0,evidence,True,evidence_gate,,1.0,1.0,0.3165399432627146,0.3681437555544161
F90/EV-drift-equal-E/SAME/0,evidence,True,evidence_gate,,1.0,1.0,1.1040546815383531e-13,1.4223440535504847e-11
F90/EV-drift-equal-S/SAME/0,evidence,True,evidence_gate,,1.0,1.0,0.3165399432627146,0.3681437555544161
F90/EV-drift-uncovered-E/SAME/0,evidence,True,evidence_gate,F90:rep-1.proxy_unavailable;F90:rep-2.proxy_unavailable;F90:rep-3.proxy_unavailable;coverage,1.0,1.0,1.1040546815383531e-13,1.4223440535504847e-11
F90/EV-drift-uncovered-S/SAME/0,evidence,True,evidence_gate,F90:rep-1.proxy_unavailable;F90:rep-2.proxy_unavailable;F90:rep-3.proxy_unavailable;coverage,1.0,1.0,0.3165399432627146,0.3681437555544161
F90/EV-heading-E/SAME/0,evidence,True,evidence_gate,elevation;interval_speed;counts;detected_count;coverage;summary.rom_mean_rad;summary.rom_max_rad;summary.rom_range_rad;summary.rom_sd_rad;summary.rom_cv;summary.active_s;summary.cadence_per_s,0.0,0.0,1.1040546815383531e-13,
F90/EV-heading-S/SAME/0,evidence,True,evidence_gate,elevation;interval_speed;counts;detected_count;coverage;summary.rom_mean_rad;summary.rom_max_rad;summary.rom_range_rad;summary.rom_sd_rad;summary.rom_cv;summary.active_s;summary.cadence_per_s,0.0,0.0,0.3165399432627146,
F90/EV-heading-assumed-E/SAME/0,evidence,True,evidence_gate,,1.0,1.0,1.1040546815383531e-13,1.4223440535504847e-11
F90/EV-heading-assumed-S/SAME/0,evidence,True,evidence_gate,,1.0,1.0,0.3165399432627146,0.3681437555544161
F90/EV-heading-epoch-E/SAME/0,evidence,True,expected_rejection,,0.0,0.0,1.1040546815383531e-13,
F90/EV-heading-epoch-S/SAME/0,evidence,True,expected_rejection,,0.0,0.0,0.3165399432627146,
F90/EV-heading-hash-E/SAME/0,evidence,True,evidence_gate,elevation;interval_speed;counts;detected_count;coverage;summary.rom_mean_rad;summary.rom_max_rad;summary.rom_range_rad;summary.rom_sd_rad;summary.rom_cv;summary.active_s;summary.cadence_per_s,0.0,0.0,1.1040546815383531e-13,
F90/EV-heading-hash-S/SAME/0,evidence,True,evidence_gate,elevation;interval_speed;counts;detected_count;coverage;summary.rom_mean_rad;summary.rom_max_rad;summary.rom_range_rad;summary.rom_sd_rad;summary.rom_cv;summary.active_s;summary.cadence_per_s,0.0,0.0,0.3165399432627146,
F90/EV-heading-node-E/SAME/0,evidence,True,expected_rejection,,0.0,0.0,1.1040546815383531e-13,
F90/EV-heading-node-S/SAME/0,evidence,True,expected_rejection,,0.0,0.0,0.3165399432627146,
F90/EV-heading-side-E/SAME/0,evidence,True,expected_rejection,,0.0,0.0,1.1040546815383531e-13,
F90/EV-heading-side-S/SAME/0,evidence,True,expected_rejection,,0.0,0.0,0.3165399432627146,
F90/EV-heading-world-E/SAME/0,evidence,True,evidence_gate,elevation;interval_speed;counts;detected_count;coverage;summary.rom_mean_rad;summary.rom_max_rad;summary.rom_range_rad;summary.rom_sd_rad;summary.rom_cv;summary.active_s;summary.cadence_per_s,0.0,0.0,1.1040546815383531e-13,
F90/EV-heading-world-S/SAME/0,evidence,True,evidence_gate,elevation;interval_speed;counts;detected_count;coverage;summary.rom_mean_rad;summary.rom_max_rad;summary.rom_range_rad;summary.rom_sd_rad;summary.rom_cv;summary.active_s;summary.cadence_per_s,0.0,0.0,0.3165399432627146,
F90/EV-map-A-E/SAME/0,evidence,True,evidence_gate,elevation;interval_speed;counts;detected_count;coverage;summary.rom_mean_rad;summary.rom_max_rad;summary.rom_range_rad;summary.rom_sd_rad;summary.rom_cv;summary.active_s;summary.cadence_per_s,0.0,0.0,1.1040546815383531e-13,
F90/EV-map-A-S/SAME/0,evidence,True,evidence_gate,elevation;interval_speed;counts;detected_count;coverage;summary.rom_mean_rad;summary.rom_max_rad;summary.rom_range_rad;summary.rom_sd_rad;summary.rom_cv;summary.active_s;summary.cadence_per_s,0.0,0.0,0.3165399432627146,
F90/EV-map-A-assumed-E/SAME/0,evidence,True,evidence_gate,,1.0,1.0,1.1040546815383531e-13,1.4223440535504847e-11
F90/EV-map-A-assumed-S/SAME/0,evidence,True,evidence_gate,,1.0,1.0,0.3165399432627146,0.3681437555544161
F90/EV-map-A-epoch-E/SAME/0,evidence,True,evidence_gate,elevation;interval_speed;counts;detected_count;coverage;summary.rom_mean_rad;summary.rom_max_rad;summary.rom_range_rad;summary.rom_sd_rad;summary.rom_cv;summary.active_s;summary.cadence_per_s,0.0,0.0,1.1040546815383531e-13,
F90/EV-map-A-epoch-S/SAME/0,evidence,True,evidence_gate,elevation;interval_speed;counts;detected_count;coverage;summary.rom_mean_rad;summary.rom_max_rad;summary.rom_range_rad;summary.rom_sd_rad;summary.rom_cv;summary.active_s;summary.cadence_per_s,0.0,0.0,0.3165399432627146,
F90/EV-map-A-expired-E/SAME/0,evidence,True,evidence_gate,elevation;interval_speed;counts;detected_count;coverage;summary.rom_mean_rad;summary.rom_max_rad;summary.rom_range_rad;summary.rom_sd_rad;summary.rom_cv;summary.active_s;summary.cadence_per_s,0.0,0.0,1.1040546815383531e-13,
F90/EV-map-A-expired-S/SAME/0,evidence,True,evidence_gate,elevation;interval_speed;counts;detected_count;coverage;summary.rom_mean_rad;summary.rom_max_rad;summary.rom_range_rad;summary.rom_sd_rad;summary.rom_cv;summary.active_s;summary.cadence_per_s,0.0,0.0,0.3165399432627146,
F90/EV-map-A-hash-E/SAME/0,evidence,True,evidence_gate,elevation;interval_speed;counts;detected_count;coverage;summary.rom_mean_rad;summary.rom_max_rad;summary.rom_range_rad;summary.rom_sd_rad;summary.rom_cv;summary.active_s;summary.cadence_per_s,0.0,0.0,1.1040546815383531e-13,
F90/EV-map-A-hash-S/SAME/0,evidence,True,evidence_gate,elevation;interval_speed;counts;detected_count;coverage;summary.rom_mean_rad;summary.rom_max_rad;summary.rom_range_rad;summary.rom_sd_rad;summary.rom_cv;summary.active_s;summary.cadence_per_s,0.0,0.0,0.3165399432627146,
F90/EV-map-A-node-E/SAME/0,evidence,True,evidence_gate,elevation;interval_speed;counts;detected_count;coverage;summary.rom_mean_rad;summary.rom_max_rad;summary.rom_range_rad;summary.rom_sd_rad;summary.rom_cv;summary.active_s;summary.cadence_per_s,0.0,0.0,1.1040546815383531e-13,
F90/EV-map-A-node-S/SAME/0,evidence,True,evidence_gate,elevation;interval_speed;counts;detected_count;coverage;summary.rom_mean_rad;summary.rom_max_rad;summary.rom_range_rad;summary.rom_sd_rad;summary.rom_cv;summary.active_s;summary.cadence_per_s,0.0,0.0,0.3165399432627146,
F90/EV-map-A-side-E/SAME/0,evidence,True,expected_rejection,,0.0,0.0,1.1040546815383531e-13,
F90/EV-map-A-side-S/SAME/0,evidence,True,expected_rejection,,0.0,0.0,0.3165399432627146,
F90/EV-map-A-world-E/SAME/0,evidence,True,expected_rejection,,0.0,0.0,1.1040546815383531e-13,
F90/EV-map-A-world-S/SAME/0,evidence,True,expected_rejection,,0.0,0.0,0.3165399432627146,
F90/EV-map-B-E/SAME/0,evidence,True,evidence_gate,elevation;interval_speed;counts;detected_count;coverage;summary.rom_mean_rad;summary.rom_max_rad;summary.rom_range_rad;summary.rom_sd_rad;summary.rom_cv;summary.active_s;summary.cadence_per_s,0.0,0.0,1.1040546815383531e-13,
F90/EV-map-B-S/SAME/0,evidence,True,evidence_gate,elevation;interval_speed;counts;detected_count;coverage;summary.rom_mean_rad;summary.rom_max_rad;summary.rom_range_rad;summary.rom_sd_rad;summary.rom_cv;summary.active_s;summary.cadence_per_s,0.0,0.0,0.3165399432627146,
F90/EV-map-B-assumed-E/SAME/0,evidence,True,evidence_gate,,1.0,1.0,1.1040546815383531e-13,1.4223440535504847e-11
F90/EV-map-B-assumed-S/SAME/0,evidence,True,evidence_gate,,1.0,1.0,0.3165399432627146,0.3681437555544161
F90/EV-map-B-epoch-E/SAME/0,evidence,True,evidence_gate,elevation;interval_speed;counts;detected_count;coverage;summary.rom_mean_rad;summary.rom_max_rad;summary.rom_range_rad;summary.rom_sd_rad;summary.rom_cv;summary.active_s;summary.cadence_per_s,0.0,0.0,1.1040546815383531e-13,
F90/EV-map-B-epoch-S/SAME/0,evidence,True,evidence_gate,elevation;interval_speed;counts;detected_count;coverage;summary.rom_mean_rad;summary.rom_max_rad;summary.rom_range_rad;summary.rom_sd_rad;summary.rom_cv;summary.active_s;summary.cadence_per_s,0.0,0.0,0.3165399432627146,
F90/EV-map-B-expired-E/SAME/0,evidence,True,evidence_gate,elevation;interval_speed;counts;detected_count;coverage;summary.rom_mean_rad;summary.rom_max_rad;summary.rom_range_rad;summary.rom_sd_rad;summary.rom_cv;summary.active_s;summary.cadence_per_s,0.0,0.0,1.1040546815383531e-13,
F90/EV-map-B-expired-S/SAME/0,evidence,True,evidence_gate,elevation;interval_speed;counts;detected_count;coverage;summary.rom_mean_rad;summary.rom_max_rad;summary.rom_range_rad;summary.rom_sd_rad;summary.rom_cv;summary.active_s;summary.cadence_per_s,0.0,0.0,0.3165399432627146,
F90/EV-map-B-hash-E/SAME/0,evidence,True,evidence_gate,elevation;interval_speed;counts;detected_count;coverage;summary.rom_mean_rad;summary.rom_max_rad;summary.rom_range_rad;summary.rom_sd_rad;summary.rom_cv;summary.active_s;summary.cadence_per_s,0.0,0.0,1.1040546815383531e-13,
F90/EV-map-B-hash-S/SAME/0,evidence,True,evidence_gate,elevation;interval_speed;counts;detected_count;coverage;summary.rom_mean_rad;summary.rom_max_rad;summary.rom_range_rad;summary.rom_sd_rad;summary.rom_cv;summary.active_s;summary.cadence_per_s,0.0,0.0,0.3165399432627146,
F90/EV-map-B-node-E/SAME/0,evidence,True,evidence_gate,elevation;interval_speed;counts;detected_count;coverage;summary.rom_mean_rad;summary.rom_max_rad;summary.rom_range_rad;summary.rom_sd_rad;summary.rom_cv;summary.active_s;summary.cadence_per_s,0.0,0.0,1.1040546815383531e-13,
F90/EV-map-B-node-S/SAME/0,evidence,True,evidence_gate,elevation;interval_speed;counts;detected_count;coverage;summary.rom_mean_rad;summary.rom_max_rad;summary.rom_range_rad;summary.rom_sd_rad;summary.rom_cv;summary.active_s;summary.cadence_per_s,0.0,0.0,0.3165399432627146,
F90/EV-map-B-side-E/SAME/0,evidence,True,expected_rejection,,0.0,0.0,1.1040546815383531e-13,
F90/EV-map-B-side-S/SAME/0,evidence,True,expected_rejection,,0.0,0.0,0.3165399432627146,
F90/EV-map-B-world-E/SAME/0,evidence,True,expected_rejection,,0.0,0.0,1.1040546815383531e-13,
F90/EV-map-B-world-S/SAME/0,evidence,True,expected_rejection,,0.0,0.0,0.3165399432627146,
F90/EV-singularity-T8-E/SAME/0,evidence,True,existing_frozen_fixture,,,,,
F90/EV-singularity-T8-S/SAME/0,evidence,True,existing_frozen_fixture,,,,,
F90/EV-trace-E/SAME/0,evidence,True,evidence_gate,F90:rep-1.proxy_unavailable;F90:rep-2.proxy_unavailable;F90:rep-3.proxy_unavailable;coverage,1.0,1.0,1.1040546815383531e-13,1.4223440535504847e-11
F90/EV-trace-S/SAME/0,evidence,True,evidence_gate,F90:rep-1.proxy_unavailable;F90:rep-2.proxy_unavailable;F90:rep-3.proxy_unavailable;coverage,1.0,1.0,0.3165399432627146,0.3681437555544161
F90/EV-trace-epoch-E/SAME/0,evidence,True,evidence_gate,F90:rep-1.proxy_unavailable;F90:rep-2.proxy_unavailable;F90:rep-3.proxy_unavailable;coverage,1.0,1.0,1.1040546815383531e-13,1.4223440535504847e-11
F90/EV-trace-epoch-S/SAME/0,evidence,True,evidence_gate,F90:rep-1.proxy_unavailable;F90:rep-2.proxy_unavailable;F90:rep-3.proxy_unavailable;coverage,1.0,1.0,0.3165399432627146,0.3681437555544161
F90/EV-trace-hash-E/SAME/0,evidence,True,evidence_gate,F90:rep-1.proxy_unavailable;F90:rep-2.proxy_unavailable;F90:rep-3.proxy_unavailable;coverage,1.0,1.0,1.1040546815383531e-13,1.4223440535504847e-11
F90/EV-trace-hash-S/SAME/0,evidence,True,evidence_gate,F90:rep-1.proxy_unavailable;F90:rep-2.proxy_unavailable;F90:rep-3.proxy_unavailable;coverage,1.0,1.0,0.3165399432627146,0.3681437555544161
F90/EV-trace-node-E/SAME/0,evidence,True,evidence_gate,F90:rep-1.proxy_unavailable;F90:rep-2.proxy_unavailable;F90:rep-3.proxy_unavailable;coverage,1.0,1.0,1.1040546815383531e-13,1.4223440535504847e-11
F90/EV-trace-node-S/SAME/0,evidence,True,evidence_gate,F90:rep-1.proxy_unavailable;F90:rep-2.proxy_unavailable;F90:rep-3.proxy_unavailable;coverage,1.0,1.0,0.3165399432627146,0.3681437555544161
F90/EV-trace-side-E/SAME/0,evidence,True,expected_rejection,,0.0,0.0,1.1040546815383531e-13,1.4223440535504847e-11
F90/EV-trace-side-S/SAME/0,evidence,True,expected_rejection,,0.0,0.0,0.3165399432627146,0.3681437555544161
F90/EV-trace-world-E/SAME/0,evidence,True,evidence_gate,F90:rep-1.proxy_unavailable;F90:rep-2.proxy_unavailable;F90:rep-3.proxy_unavailable;coverage,1.0,1.0,1.1040546815383531e-13,1.4223440535504847e-11
F90/EV-trace-world-S/SAME/0,evidence,True,evidence_gate,F90:rep-1.proxy_unavailable;F90:rep-2.proxy_unavailable;F90:rep-3.proxy_unavailable;coverage,1.0,1.0,0.3165399432627146,0.3681437555544161
F90/EV-uncertainty-1999-E/SAME/0,evidence,True,evidence_gate,,1.0,1.0,1.1040546815383531e-13,1.4223440535504847e-11
F90/EV-uncertainty-1999-S/SAME/0,evidence,True,evidence_gate,,1.0,1.0,0.3165399432627146,0.3681437555544161
F90/EV-uncertainty-2000-E/SAME/0,evidence,True,evidence_gate,,1.0,1.0,1.1040546815383531e-13,1.4223440535504847e-11
F90/EV-uncertainty-2000-S/SAME/0,evidence,True,evidence_gate,,1.0,1.0,0.3165399432627146,0.3681437555544161
F90/EV-uncertainty-2001-E/SAME/0,evidence,True,evidence_gate,elevation;interval_speed;counts;detected_count;coverage;summary.rom_mean_rad;summary.rom_max_rad;summary.rom_range_rad;summary.rom_sd_rad;summary.rom_cv;summary.active_s;summary.cadence_per_s,0.0,0.0,1.1040546815383531e-13,
F90/EV-uncertainty-2001-S/SAME/0,evidence,True,evidence_gate,elevation;interval_speed;counts;detected_count;coverage;summary.rom_mean_rad;summary.rom_max_rad;summary.rom_range_rad;summary.rom_sd_rad;summary.rom_cv;summary.active_s;summary.cadence_per_s,0.0,0.0,0.3165399432627146,
F90/GAP-49999-E/SAME/0,boundary,True,gap_equality_or_below_accepted,interval_speed,1.0,1.0,1.1040546815383531e-13,47.999759995196754
F90/GAP-49999-S/SAME/0,boundary,True,gap_equality_or_below_accepted,,1.0,1.0,0.31512110473700866,0.3681437555544161
F90/GAP-50000-E/SAME/0,boundary,True,gap_equality_or_below_accepted,interval_speed,1.0,1.0,1.1040546815383531e-13,47.999999999997975
F90/GAP-50000-S/SAME/0,boundary,True,gap_equality_or_below_accepted,,1.0,1.0,0.31512110473700866,0.3681437555544161
F90/GAP-50001-E/SAME/0,boundary,True,downstream_gap_boundary,F90:rep-1.missed;F90:rep-2.preceding_rest_duration_s;counts;detected_count;summary.preceding_rest_duration_s.support;summary.active_s,0.9963636363636365,0.6666666666666666,1.1040546815383531e-13,1.4223440535504847e-11
F90/GAP-50001-S/SAME/0,rejection,True,expected_rejection,,0.0,0.0,,
F90/I-JL/SAME/1103,W,True,complete,,1.0,1.0,0.3234029072178791,0.5504770223297656
F90/I-JL/SAME/2207,W,True,complete,,1.0,1.0,0.3237587159475505,0.5789828171294297
F90/I-JL/SAME/3301,W,True,complete,,1.0,1.0,0.32325125628471246,0.5895713047670316
F90/I-JL/SAME/4409,W,True,complete,,1.0,1.0,0.3228730093973799,0.5953606383523746
F90/I-JL/SAME/5519,W,True,complete,,1.0,1.0,0.3229975264485288,0.6367016885552494
F90/I-NB/DIFF/1103,W,True,complete,,1.0,1.0,0.3813130614964227,1.773525690975274
F90/I-NB/DIFF/2207,W,True,complete,,1.0,1.0,0.38476301561185017,1.6421259531882169
F90/I-NB/DIFF/3301,W,True,complete,,1.0,1.0,0.37576801276544014,1.6263728860147093
F90/I-NB/DIFF/4409,W,True,complete,,1.0,1.0,0.3437929016589284,1.6873326903466075
F90/I-NB/DIFF/5519,W,True,complete,,1.0,1.0,0.35309367342349324,1.7173091507040348
F90/INPUT-accel-clipped/SAME/0,rejection,True,expected_rejection,,0.0,0.0,1.2722218725854067e-14,
F90/INPUT-accel-range/SAME/0,rejection,True,expected_rejection,,0.0,0.0,1.2722218725854067e-14,
F90/INPUT-crc/SAME/0,rejection,True,existing_frozen_fixture,,,,,
F90/INPUT-duplicate-time/SAME/0,rejection,True,expected_rejection,,0.0,0.0,1.2722218725854067e-14,
F90/INPUT-empty/SAME/0,rejection,True,expected_rejection,,0.0,0.0,1.2722218725854067e-14,
F90/INPUT-epoch-reset/SAME/0,boundary,True,existing_frozen_fixture,,,,,
F90/INPUT-gyro-clipped/SAME/0,rejection,True,expected_rejection,,0.0,0.0,1.2722218725854067e-14,
F90/INPUT-gyro-range/SAME/0,rejection,True,expected_rejection,,0.0,0.0,1.2722218725854067e-14,
F90/INPUT-hash/SAME/0,rejection,True,existing_frozen_fixture,,,,,
F90/INPUT-inf-force/SAME/0,rejection,True,expected_rejection,,0.0,0.0,1.2722218725854067e-14,
F90/INPUT-inf-rate/SAME/0,rejection,True,expected_rejection,,0.0,0.0,1.2722218725854067e-14,
F90/INPUT-nan-force/SAME/0,rejection,True,expected_rejection,,0.0,0.0,1.2722218725854067e-14,
F90/INPUT-nan-rate/SAME/0,rejection,True,expected_rejection,,0.0,0.0,1.2722218725854067e-14,
F90/INPUT-node/SAME/0,rejection,True,existing_frozen_fixture,,,,,
F90/INPUT-one-row/SAME/0,boundary,True,complete,B.orientation;elevation;interval_speed;counts;detected_count;coverage;summary.rom_mean_rad;summary.rom_max_rad;summary.rom_range_rad;summary.rom_sd_rad;summary.rom_cv;summary.active_s;summary.cadence_per_s,0.0,0.0,1.2722218725854067e-14,
F90/INPUT-reverse-time/SAME/0,rejection,True,expected_rejection,,0.0,0.0,1.2722218725854067e-14,
F90/INPUT-zero-force/SAME/0,rejection,True,expected_rejection,,0.0,0.0,1.2722218725854067e-14,
F90/J-S-H/A/1103,W,True,complete,,1.0,1.0,0.3165399432627146,0.3681437555544161
F90/J-S-H/A/2207,W,True,complete,,1.0,1.0,0.3165399432627146,0.3681437555544161
F90/J-S-H/A/3301,W,True,complete,,1.0,1.0,0.3165399432627146,0.3681437555544161
F90/J-S-H/A/4409,W,True,complete,,1.0,1.0,0.3165399432627146,0.3681437555544161
F90/J-S-H/A/5519,W,True,complete,,1.0,1.0,0.3165399432627146,0.3681437555544161
F90/J-S-H/B/1103,W,True,complete,,1.0,1.0,0.3189687331129807,0.40085432612947747
F90/J-S-H/B/2207,W,True,complete,,1.0,1.0,0.31848976797579304,0.41173387888562163
F90/J-S-H/B/3301,W,True,complete,,1.0,1.0,0.3186415256474722,0.40233038038296876
F90/J-S-H/B/4409,W,True,complete,,1.0,1.0,0.31868312026932377,0.39921285487890346
F90/J-S-H/B/5519,W,True,complete,,1.0,1.0,0.3187289037015952,0.4026620245619529
F90/J-S-H/SAME/1103,W,True,complete,,1.0,1.0,0.3189687331129807,0.40085432612947747
F90/J-S-H/SAME/2207,W,True,complete,,1.0,1.0,0.31848976797579304,0.41173387888562163
F90/J-S-H/SAME/3301,W,True,complete,,1.0,1.0,0.3186415256474722,0.40233038038296876
F90/J-S-H/SAME/4409,W,True,complete,,1.0,1.0,0.31868312026932377,0.39921285487890346
F90/J-S-H/SAME/5519,W,True,complete,,1.0,1.0,0.3187289037015952,0.4026620245619529
F90/J-S-L/A/1103,W,True,complete,,1.0,1.0,0.3165399432627146,0.3681437555544161
F90/J-S-L/A/2207,W,True,complete,,1.0,1.0,0.3165399432627146,0.3681437555544161
F90/J-S-L/A/3301,W,True,complete,,1.0,1.0,0.3165399432627146,0.3681437555544161
F90/J-S-L/A/4409,W,True,complete,,1.0,1.0,0.3165399432627146,0.3681437555544161
F90/J-S-L/A/5519,W,True,complete,,1.0,1.0,0.3165399432627146,0.3681437555544161
F90/J-S-L/B/1103,W,True,complete,,1.0,1.0,0.31655309666275083,0.3710480692433459
F90/J-S-L/B/2207,W,True,complete,,1.0,1.0,0.31654642658159243,0.3700881398325464
F90/J-S-L/B/3301,W,True,complete,,1.0,1.0,0.31653914285296336,0.36920265564460775
F90/J-S-L/B/4409,W,True,complete,,1.0,1.0,0.3165230279368859,0.369714480646038
F90/J-S-L/B/5519,W,True,complete,,1.0,1.0,0.31654864104853975,0.368124594163124
F90/J-S-L/SAME/1103,W,True,complete,,1.0,1.0,0.31655309666275083,0.3710480692433459
F90/J-S-L/SAME/2207,W,True,complete,,1.0,1.0,0.31654642658159243,0.3700881398325464
F90/J-S-L/SAME/3301,W,True,complete,,1.0,1.0,0.31653914285296336,0.36920265564460775
F90/J-S-L/SAME/4409,W,True,complete,,1.0,1.0,0.3165230279368859,0.369714480646038
F90/J-S-L/SAME/5519,W,True,complete,,1.0,1.0,0.31654864104853975,0.368124594163124
F90/J-S-X/A/1103,stress,True,expected_rejection,,0.0,0.0,,
F90/J-S-X/A/2207,stress,True,expected_rejection,,0.0,0.0,,
F90/J-S-X/A/3301,stress,True,expected_rejection,,0.0,0.0,,
F90/J-S-X/A/4409,stress,True,expected_rejection,,0.0,0.0,,
F90/J-S-X/A/5519,stress,True,expected_rejection,,0.0,0.0,,
F90/J-S-X/B/1103,stress,True,expected_rejection,,0.0,0.0,1.2722218725854067e-14,
F90/J-S-X/B/2207,stress,True,expected_rejection,,0.0,0.0,1.2722218725854067e-14,
F90/J-S-X/B/3301,stress,True,expected_rejection,,0.0,0.0,1.2722218725854067e-14,
F90/J-S-X/B/4409,stress,True,expected_rejection,,0.0,0.0,1.2722218725854067e-14,
F90/J-S-X/B/5519,stress,True,expected_rejection,,0.0,0.0,1.2722218725854067e-14,
F90/J-S-X/SAME/1103,stress,True,expected_rejection,,0.0,0.0,,
F90/J-S-X/SAME/2207,stress,True,expected_rejection,,0.0,0.0,,
F90/J-S-X/SAME/3301,stress,True,expected_rejection,,0.0,0.0,,
F90/J-S-X/SAME/4409,stress,True,expected_rejection,,0.0,0.0,,
F90/J-S-X/SAME/5519,stress,True,expected_rejection,,0.0,0.0,,
F90/J-T-H/A/1103,W,True,complete,,1.0,1.0,0.3165399432627146,0.3681437555544161
F90/J-T-H/A/2207,W,True,complete,,1.0,1.0,0.3165399432627146,0.3681437555544161
F90/J-T-H/A/3301,W,True,complete,,1.0,1.0,0.3165399432627146,0.3681437555544161
F90/J-T-H/A/4409,W,True,complete,,1.0,1.0,0.3165399432627146,0.3681437555544161
F90/J-T-H/A/5519,W,True,complete,,1.0,1.0,0.3165399432627146,0.3681437555544161
F90/J-T-H/B/1103,W,True,complete,,1.0,1.0,0.3599643479492425,0.39081863042091536
F90/J-T-H/B/2207,W,True,complete,,1.0,1.0,0.37126982086142024,0.3950022915431619
F90/J-T-H/B/3301,W,True,complete,,1.0,1.0,0.3562202681605089,0.3907832582691244
F90/J-T-H/B/4409,W,True,complete,,1.0,1.0,0.35353938251172334,0.3838433450445296
F90/J-T-H/B/5519,W,True,complete,,1.0,1.0,0.3590834291979905,0.3844348250155569
F90/J-T-H/SAME/1103,W,True,complete,,1.0,1.0,0.3599643479492425,0.39081863042091536
F90/J-T-H/SAME/2207,W,True,complete,,1.0,1.0,0.37126982086142024,0.3950022915431619
F90/J-T-H/SAME/3301,W,True,complete,,1.0,1.0,0.3562202681605089,0.3907832582691244
F90/J-T-H/SAME/4409,W,True,complete,,1.0,1.0,0.35353938251172334,0.3838433450445296
F90/J-T-H/SAME/5519,W,True,complete,,1.0,1.0,0.3590834291979905,0.3844348250155569
F90/J-T-L/A/1103,W,True,complete,,1.0,1.0,0.3165399432627146,0.3681437555544161
F90/J-T-L/A/2207,W,True,complete,,1.0,1.0,0.3165399432627146,0.3681437555544161
F90/J-T-L/A/3301,W,True,complete,,1.0,1.0,0.3165399432627146,0.3681437555544161
F90/J-T-L/A/4409,W,True,complete,,1.0,1.0,0.3165399432627146,0.3681437555544161
F90/J-T-L/A/5519,W,True,complete,,1.0,1.0,0.3165399432627146,0.3681437555544161
F90/J-T-L/B/1103,W,True,complete,,1.0,1.0,0.3167639512671567,0.3681898721135558
F90/J-T-L/B/2207,W,True,complete,,1.0,1.0,0.3168293981026987,0.369477697301089
F90/J-T-L/B/3301,W,True,complete,,1.0,1.0,0.3172798718738621,0.3681316806337823
F90/J-T-L/B/4409,W,True,complete,,1.0,1.0,0.31888530824190425,0.36871740201449676
F90/J-T-L/B/5519,W,True,complete,,1.0,1.0,0.31675117674472925,0.3688507099751939
F90/J-T-L/SAME/1103,W,True,complete,,1.0,1.0,0.3167639512671567,0.3681898721135558
F90/J-T-L/SAME/2207,W,True,complete,,1.0,1.0,0.3168293981026987,0.369477697301089
F90/J-T-L/SAME/3301,W,True,complete,,1.0,1.0,0.3172798718738621,0.3681316806337823
F90/J-T-L/SAME/4409,W,True,complete,,1.0,1.0,0.31888530824190425,0.36871740201449676
F90/J-T-L/SAME/5519,W,True,complete,,1.0,1.0,0.31675117674472925,0.3688507099751939
F90/J-T-X/A/1103,stress,True,expected_rejection,,0.0,0.0,,
F90/J-T-X/A/2207,stress,True,expected_rejection,,0.0,0.0,,
F90/J-T-X/A/3301,stress,True,expected_rejection,,0.0,0.0,,
F90/J-T-X/A/4409,stress,True,expected_rejection,,0.0,0.0,,
F90/J-T-X/A/5519,stress,True,expected_rejection,,0.0,0.0,,
F90/J-T-X/B/1103,stress,True,expected_rejection,,0.0,0.0,1.2722218725854067e-14,
F90/J-T-X/B/2207,stress,True,expected_rejection,,0.0,0.0,1.2722218725854067e-14,
F90/J-T-X/B/3301,stress,True,expected_rejection,,0.0,0.0,1.2722218725854067e-14,
F90/J-T-X/B/4409,stress,True,expected_rejection,,0.0,0.0,1.2722218725854067e-14,
F90/J-T-X/B/5519,stress,True,expected_rejection,,0.0,0.0,1.2722218725854067e-14,
F90/J-T-X/SAME/1103,stress,True,expected_rejection,,0.0,0.0,,
F90/J-T-X/SAME/2207,stress,True,expected_rejection,,0.0,0.0,,
F90/J-T-X/SAME/3301,stress,True,expected_rejection,,0.0,0.0,,
F90/J-T-X/SAME/4409,stress,True,expected_rejection,,0.0,0.0,,
F90/J-T-X/SAME/5519,stress,True,expected_rejection,,0.0,0.0,,
F90/L-P-BURST/A/0,rejection,True,expected_rejection,,0.0,0.0,,
F90/L-P-BURST/B/0,rejection,True,expected_rejection,,0.0,0.0,1.2722218725854067e-14,
F90/L-P-BURST/SAME/0,rejection,True,expected_rejection,,0.0,0.0,,
F90/L-P-ONE/A/0,W,True,complete,,1.0,1.0,0.3244948259196224,0.37298254139861037
F90/L-P-ONE/B/0,W,True,complete,,1.0,1.0,0.3354137360998899,0.7422594912896009
F90/L-P-ONE/SAME/0,W,True,complete,,1.0,1.0,0.3354137360998899,0.7422594912896009
F90/L-P-PER/A/0,W,True,complete,,1.0,1.0,0.3244948259196224,0.37298254139861037
F90/L-P-PER/B/0,W,True,complete,,1.0,1.0,0.37157195553296074,1.4838727299719567
F90/L-P-PER/SAME/0,W,True,complete,,1.0,1.0,0.37157195553296074,1.4838727299719567
F90/L-S-BURST/A/0,rejection,True,expected_rejection,,0.0,0.0,,
F90/L-S-BURST/B/0,rejection,True,expected_rejection,,0.0,0.0,1.2722218725854067e-14,
F90/L-S-BURST/SAME/0,rejection,True,expected_rejection,,0.0,0.0,,
F90/L-S-ONE/A/0,W,True,complete,,1.0,1.0,0.3165399432627146,0.3681437555544161
F90/L-S-ONE/B/0,W,True,complete,,1.0,1.0,0.31512110473700866,0.3681437555544161
F90/L-S-ONE/SAME/0,W,True,complete,,1.0,1.0,0.31512110473700866,0.3681437555544161
F90/L-S-PER/A/0,W,True,complete,,1.0,1.0,0.3165399432627146,0.3681437555544161
F90/L-S-PER/B/0,W,True,complete,,1.0,1.0,0.32121506759017315,0.5844354451639638
F90/L-S-PER/SAME/0,W,True,complete,,1.0,1.0,0.32121506759017315,0.5844354451639638
F90/M4-C0/SAME/0,boundary,True,existing_frozen_fixture,,,,,
F90/M4-C1/SAME/0,boundary,True,existing_frozen_fixture,,,,,
F90/M4-C10/SAME/0,boundary,True,existing_frozen_fixture,,,,,
F90/M4-C11/SAME/0,boundary,True,existing_frozen_fixture,,,,,
F90/M4-C12/SAME/0,boundary,True,existing_frozen_fixture,,,,,
F90/M4-C13/SAME/0,boundary,True,existing_frozen_fixture,,,,,
F90/M4-C14/SAME/0,boundary,True,existing_frozen_fixture,,,,,
F90/M4-C15/SAME/0,boundary,True,existing_frozen_fixture,,,,,
F90/M4-C16/SAME/0,boundary,True,existing_frozen_fixture,,,,,
F90/M4-C17/SAME/0,boundary,True,existing_frozen_fixture,,,,,
F90/M4-C18/SAME/0,boundary,True,existing_frozen_fixture,,,,,
F90/M4-C19/SAME/0,boundary,True,existing_frozen_fixture,,,,,
F90/M4-C2/SAME/0,boundary,True,existing_frozen_fixture,,,,,
F90/M4-C20/SAME/0,boundary,True,existing_frozen_fixture,,,,,
F90/M4-C21/SAME/0,boundary,True,existing_frozen_fixture,,,,,
F90/M4-C3/SAME/0,boundary,True,existing_frozen_fixture,,,,,
F90/M4-C4/SAME/0,boundary,True,existing_frozen_fixture,,,,,
F90/M4-C5/SAME/0,boundary,True,existing_frozen_fixture,,,,,
F90/M4-C6/SAME/0,boundary,True,existing_frozen_fixture,,,,,
F90/M4-C7/SAME/0,boundary,True,existing_frozen_fixture,,,,,
F90/M4-C8/SAME/0,boundary,True,existing_frozen_fixture,,,,,
F90/M4-C9/SAME/0,boundary,True,existing_frozen_fixture,,,,,
F90/M4-P0/SAME/0,boundary,True,existing_frozen_fixture,,,,,
F90/M4-P1/SAME/0,boundary,True,existing_frozen_fixture,,,,,
F90/M4-P10/SAME/0,boundary,True,existing_frozen_fixture,,,,,
F90/M4-P2/SAME/0,boundary,True,existing_frozen_fixture,,,,,
F90/M4-P3/SAME/0,boundary,True,existing_frozen_fixture,,,,,
F90/M4-P4/SAME/0,boundary,True,existing_frozen_fixture,,,,,
F90/M4-P5/SAME/0,boundary,True,existing_frozen_fixture,,,,,
F90/M4-P6/SAME/0,boundary,True,existing_frozen_fixture,,,,,
F90/M4-P7/SAME/0,boundary,True,existing_frozen_fixture,,,,,
F90/M4-P8/SAME/0,boundary,True,existing_frozen_fixture,,,,,
F90/M4-P9/SAME/0,boundary,True,existing_frozen_fixture,,,,,
F90/M4-T0/SAME/0,boundary,True,existing_frozen_fixture,,,,,
F90/M4-T1/SAME/0,boundary,True,existing_frozen_fixture,,,,,
F90/M4-T10/SAME/0,boundary,True,existing_frozen_fixture,,,,,
F90/M4-T11/SAME/0,boundary,True,existing_frozen_fixture,,,,,
F90/M4-T12/SAME/0,boundary,True,existing_frozen_fixture,,,,,
F90/M4-T13/SAME/0,boundary,True,existing_frozen_fixture,,,,,
F90/M4-T14/SAME/0,boundary,True,existing_frozen_fixture,,,,,
F90/M4-T15/SAME/0,boundary,True,existing_frozen_fixture,,,,,
F90/M4-T2/SAME/0,boundary,True,existing_frozen_fixture,,,,,
F90/M4-T3/SAME/0,boundary,True,existing_frozen_fixture,,,,,
F90/M4-T4/SAME/0,boundary,True,existing_frozen_fixture,,,,,
F90/M4-T5/SAME/0,boundary,True,existing_frozen_fixture,,,,,
F90/M4-T6/SAME/0,boundary,True,existing_frozen_fixture,,,,,
F90/M4-T7/SAME/0,boundary,True,existing_frozen_fixture,,,,,
F90/M4-T8/SAME/0,boundary,True,existing_frozen_fixture,,,,,
F90/M4-T9/SAME/0,boundary,True,existing_frozen_fixture,,,,,
F90/M4-U0/SAME/0,boundary,True,existing_frozen_fixture,,,,,
F90/M4-U1/SAME/0,boundary,True,existing_frozen_fixture,,,,,
F90/M4-U10/SAME/0,boundary,True,existing_frozen_fixture,,,,,
F90/M4-U2/SAME/0,boundary,True,existing_frozen_fixture,,,,,
F90/M4-U3/SAME/0,boundary,True,existing_frozen_fixture,,,,,
F90/M4-U4/SAME/0,boundary,True,existing_frozen_fixture,,,,,
F90/M4-U5/SAME/0,boundary,True,existing_frozen_fixture,,,,,
F90/M4-U6/SAME/0,boundary,True,existing_frozen_fixture,,,,,
F90/M4-U7/SAME/0,boundary,True,existing_frozen_fixture,,,,,
F90/M4-U8/SAME/0,boundary,True,existing_frozen_fixture,,,,,
F90/M4-U9/SAME/0,boundary,True,existing_frozen_fixture,,,,,
F90/N-A-H/A/1103,W,True,complete,,1.0,1.0,0.3165399432627146,0.484972600494168
F90/N-A-H/A/2207,W,True,complete,,1.0,1.0,0.3165399432627146,0.6001383141649876
F90/N-A-H/A/3301,W,True,complete,,1.0,1.0,0.3165399432627146,0.4883406148227419
F90/N-A-H/A/4409,W,True,complete,,1.0,1.0,0.3165399432627146,0.4630753237638316
F90/N-A-H/A/5519,W,True,complete,,1.0,1.0,0.3165399432627146,0.48307110164452405
F90/N-A-H/B/1103,W,True,complete,,1.0,1.0,0.31217035246426195,0.45908541282078663
F90/N-A-H/B/2207,W,True,complete,,1.0,1.0,0.32513793769284244,0.4825956942846321
F90/N-A-H/B/3301,W,True,complete,,1.0,1.0,0.31619177076266175,0.5183598857227689
F90/N-A-H/B/4409,W,True,complete,,1.0,1.0,0.31796584287685803,0.4834149862678536
F90/N-A-H/B/5519,W,True,complete,,1.0,1.0,0.32229438081543366,0.5074766689727715
F90/N-A-H/SAME/1103,W,True,complete,,1.0,1.0,0.31217035246426195,0.5728566747125059
F90/N-A-H/SAME/2207,W,True,complete,,1.0,1.0,0.32513793769284244,0.6289730969578703
F90/N-A-H/SAME/3301,W,True,complete,,1.0,1.0,0.31619177076266175,0.5236632184583689
F90/N-A-H/SAME/4409,W,True,complete,,1.0,1.0,0.31796584287685803,0.5591821335032107
F90/N-A-H/SAME/5519,W,True,complete,,1.0,1.0,0.32229438081543366,0.5755900558485372
F90/N-A-L/A/1103,W,True,complete,,1.0,1.0,0.3165399432627146,0.3813932364569648
F90/N-A-L/A/2207,W,True,complete,,1.0,1.0,0.3165399432627146,0.4100518731866305
F90/N-A-L/A/3301,W,True,complete,,1.0,1.0,0.3165399432627146,0.3943419433181972
F90/N-A-L/A/4409,W,True,complete,,1.0,1.0,0.3165399432627146,0.3840257036729288
F90/N-A-L/A/5519,W,True,complete,,1.0,1.0,0.3165399432627146,0.39170525910051573
F90/N-A-L/B/1103,W,True,complete,,1.0,1.0,0.3154416350354588,0.39085055974809907
F90/N-A-L/B/2207,W,True,complete,,1.0,1.0,0.31867686861254374,0.38832730500489065
F90/N-A-L/B/3301,W,True,complete,,1.0,1.0,0.31641738301126576,0.3827185851382332
F90/N-A-L/B/4409,W,True,complete,,1.0,1.0,0.31689143274024617,0.38462781051300343
F90/N-A-L/B/5519,W,True,complete,,1.0,1.0,0.31794476062230853,0.3865072593132247
F90/N-A-L/SAME/1103,W,True,complete,,1.0,1.0,0.3154416350354588,0.3949133165418553
F90/N-A-L/SAME/2207,W,True,complete,,1.0,1.0,0.31867686861254374,0.4226120864809197
F90/N-A-L/SAME/3301,W,True,complete,,1.0,1.0,0.31641738301126576,0.3977320761830396
F90/N-A-L/SAME/4409,W,True,complete,,1.0,1.0,0.31689143274024617,0.3888576114108867
F90/N-A-L/SAME/5519,W,True,complete,,1.0,1.0,0.31794476062230853,0.40136380531435456
F90/N-A-X/A/1103,stress,True,stress_completed,,1.0,1.0,0.3165399432627146,2.3608147404493183
F90/N-A-X/A/2207,stress,True,stress_completed,,1.0,1.0,0.3165399432627146,2.883313082532145
F90/N-A-X/A/3301,stress,True,stress_completed,,1.0,1.0,0.3165399432627146,2.2123513872425775
F90/N-A-X/A/4409,stress,True,stress_completed,,1.0,1.0,0.3165399432627146,2.348141330023707
F90/N-A-X/A/5519,stress,True,stress_completed,,1.0,1.0,0.3165399432627146,2.2682203769404254
F90/N-A-X/B/1103,stress,True,stress_completed,,1.0,1.0,0.30351652457380685,2.4591902670434207
F90/N-A-X/B/2207,stress,True,stress_completed,,1.0,1.0,0.4173761194848188,2.2437510426616365
F90/N-A-X/B/3301,stress,True,stress_completed,,1.0,1.0,0.3416404763157892,2.19237532812025
F90/N-A-X/B/4409,stress,True,stress_completed,,1.0,1.0,0.35702122929587604,2.2320207867917867
F90/N-A-X/B/5519,stress,True,stress_completed,,1.0,1.0,0.3878827927624111,2.1902645561855687
F90/N-A-X/SAME/1103,stress,True,stress_completed,,1.0,1.0,0.30351652457380685,3.3475156633459977
F90/N-A-X/SAME/2207,stress,True,stress_completed,,1.0,1.0,0.4173761194848188,3.1890397603635
F90/N-A-X/SAME/3301,stress,True,stress_completed,,1.0,1.0,0.3416404763157892,3.2189827402347633
F90/N-A-X/SAME/4409,stress,True,stress_completed,,1.0,1.0,0.35702122929587604,3.078965906438152
F90/N-A-X/SAME/5519,stress,True,stress_completed,,1.0,1.0,0.3878827927624111,2.929525118784189
F90/N-G-H/A/1103,W,True,complete,,1.0,1.0,0.3165399432627146,1.1284479102008949
F90/N-G-H/A/2207,W,True,complete,,1.0,1.0,0.3165399432627146,1.1853748192756413
F90/N-G-H/A/3301,W,True,complete,,1.0,1.0,0.3165399432627146,1.1630348731254803
F90/N-G-H/A/4409,W,True,complete,,1.0,1.0,0.3165399432627146,1.1325978727077963
F90/N-G-H/A/5519,W,True,complete,,1.0,1.0,0.3165399432627146,1.4316952820346789
F90/N-G-H/B/1103,W,True,complete,,1.0,1.0,0.34415360531861006,1.2683431372926732
F90/N-G-H/B/2207,W,True,complete,,1.0,1.0,0.33894035386681814,1.237741325791084
F90/N-G-H/B/3301,W,True,complete,,1.0,1.0,0.363270769787129,1.1346002139759526
F90/N-G-H/B/4409,W,True,complete,,1.0,1.0,0.3057579008731787,1.1678104513140348
F90/N-G-H/B/5519,W,True,complete,,1.0,1.0,0.3091953292162345,1.2331219795548256
F90/N-G-H/SAME/1103,W,True,complete,,1.0,1.0,0.34415360531861006,1.7737912354097611
F90/N-G-H/SAME/2207,W,True,complete,,1.0,1.0,0.33894035386681814,1.4708797643621638
F90/N-G-H/SAME/3301,W,True,complete,,1.0,1.0,0.363270769787129,1.6777937175420747
F90/N-G-H/SAME/4409,W,True,complete,,1.0,1.0,0.3057579008731787,1.725196531335679
F90/N-G-H/SAME/5519,W,True,complete,,1.0,1.0,0.3091953292162345,1.68285500715228
F90/N-G-L/A/1103,W,True,complete,,1.0,1.0,0.3165399432627146,0.4792649802266343
F90/N-G-L/A/2207,W,True,complete,,1.0,1.0,0.3165399432627146,0.4526115378435047
F90/N-G-L/A/3301,W,True,complete,,1.0,1.0,0.3165399432627146,0.47896525439524107
F90/N-G-L/A/4409,W,True,complete,,1.0,1.0,0.3165399432627146,0.44182294002876404
F90/N-G-L/A/5519,W,True,complete,,1.0,1.0,0.3165399432627146,0.5247074686226643
F90/N-G-L/B/1103,W,True,complete,,1.0,1.0,0.31285638540189914,0.5336011206151903
F90/N-G-L/B/2207,W,True,complete,,1.0,1.0,0.31995459349067473,0.4817928246959416
F90/N-G-L/B/3301,W,True,complete,,1.0,1.0,0.3154449498831682,0.46461768496005396
F90/N-G-L/B/4409,W,True,complete,,1.0,1.0,0.31204432762928186,0.4596131751025179
F90/N-G-L/B/5519,W,True,complete,,1.0,1.0,0.3149040358905462,0.4628775434355766
F90/N-G-L/SAME/1103,W,True,complete,,1.0,1.0,0.31285638540189914,0.5633236991998724
F90/N-G-L/SAME/2207,W,True,complete,,1.0,1.0,0.31995459349067473,0.5125861353661149
F90/N-G-L/SAME/3301,W,True,complete,,1.0,1.0,0.3154449498831682,0.5564007850307899
F90/N-G-L/SAME/4409,W,True,complete,,1.0,1.0,0.31204432762928186,0.5729808537598157
F90/N-G-L/SAME/5519,W,True,complete,,1.0,1.0,0.3149040358905462,0.5740348652721396
F90/N-G-X/A/1103,stress,True,stress_completed,A.orientation;A.initialization;interval_speed;F90:rep-1.elevation_duration_s;F90:rep-1.hold_duration_s;F90:rep-1.rep_speed_max_rads;F90:rep-1.elevation_speed_mean_rads;F90:rep-1.elevation_speed_max_rads;F90:rep-1.return_speed_max_rads;F90:rep-1.hold_speed_mean_rads;F90:rep-1.hold_speed_max_rads;F90:rep-2.elevation_duration_s;F90:rep-2.hold_duration_s;F90:rep-2.rep_speed_max_rads;F90:rep-2.elevation_speed_mean_rads;F90:rep-2.elevation_speed_max_rads;F90:rep-2.return_speed_max_rads;F90:rep-2.hold_speed_mean_rads;F90:rep-2.hold_speed_max_rads;F90:rep-3.return_duration_s;F90:rep-3.hold_duration_s;F90:rep-3.rep_speed_max_rads;F90:rep-3.elevation_speed_max_rads;F90:rep-3.return_speed_mean_rads;F90:rep-3.return_speed_max_rads;F90:rep-3.hold_speed_mean_rads;F90:rep-3.hold_speed_max_rads;summary.elevation_duration_s.mean;summary.elevation_duration_s.maximum;summary.return_duration_s.mean;summary.return_duration_s.maximum;summary.hold_duration_s.mean;summary.hold_duration_s.maximum;summary.rep_speed_max_rads.mean;summary.rep_speed_max_rads.maximum;summary.elevation_speed_mean_rads.mean;summary.elevation_speed_max_rads.mean;summary.elevation_speed_max_rads.maximum;summary.return_speed_max_rads.mean;summary.return_speed_max_rads.maximum;summary.hold_speed_mean_rads.support;summary.hold_speed_max_rads.support,1.0,1.0,2.274458070101275,11.126026023594713
F90/N-G-X/A/2207,stress,True,stress_completed,A.orientation;interval_speed;F90:rep-1.return_duration_s;F90:rep-1.hold_duration_s;F90:rep-1.rep_speed_max_rads;F90:rep-1.elevation_speed_max_rads;F90:rep-1.return_speed_mean_rads;F90:rep-1.return_speed_max_rads;F90:rep-1.hold_speed_mean_rads;F90:rep-1.hold_speed_max_rads;F90:rep-2.return_duration_s;F90:rep-2.hold_duration_s;F90:rep-2.rep_speed_max_rads;F90:rep-2.elevation_speed_max_rads;F90:rep-2.return_speed_mean_rads;F90:rep-2.return_speed_max_rads;F90:rep-2.hold_speed_mean_rads;F90:rep-2.hold_speed_max_rads;F90:rep-3.elevation_duration_s;F90:rep-3.hold_duration_s;F90:rep-3.rep_speed_max_rads;F90:rep-3.elevation_speed_mean_rads;F90:rep-3.elevation_speed_max_rads;F90:rep-3.return_speed_max_rads;F90:rep-3.hold_speed_mean_rads;F90:rep-3.hold_speed_max_rads;summary.elevation_duration_s.mean;summary.elevation_duration_s.maximum;summary.return_duration_s.mean;summary.return_duration_s.maximum;summary.hold_duration_s.mean;summary.hold_duration_s.maximum;summary.rep_speed_max_rads.mean;summary.rep_speed_max_rads.maximum;summary.elevation_speed_mean_rads.mean;summary.elevation_speed_max_rads.mean;summary.elevation_speed_max_rads.maximum;summary.return_speed_mean_rads.mean;summary.return_speed_max_rads.mean;summary.return_speed_max_rads.maximum;summary.hold_speed_mean_rads.support;summary.hold_speed_max_rads.support,1.0,1.0,1.2712071803794676,11.23235741775184
F90/N-G-X/A/3301,stress,True,stress_completed,A.orientation;interval_speed;F90:rep-1.elevation_duration_s;F90:rep-1.hold_duration_s;F90:rep-1.rep_speed_max_rads;F90:rep-1.elevation_speed_mean_rads;F90:rep-1.elevation_speed_max_rads;F90:rep-1.return_speed_max_rads;F90:rep-1.hold_speed_mean_rads;F90:rep-1.hold_speed_max_rads;F90:rep-2.elevation_duration_s;F90:rep-2.hold_duration_s;F90:rep-2.rep_speed_max_rads;F90:rep-2.elevation_speed_mean_rads;F90:rep-2.elevation_speed_max_rads;F90:rep-2.return_speed_max_rads;F90:rep-2.hold_speed_mean_rads;F90:rep-2.hold_speed_max_rads;F90:rep-3.elevation_duration_s;F90:rep-3.hold_duration_s;F90:rep-3.rep_speed_max_rads;F90:rep-3.elevation_speed_mean_rads;F90:rep-3.elevation_speed_max_rads;F90:rep-3.return_speed_max_rads;F90:rep-3.hold_speed_mean_rads;F90:rep-3.hold_speed_max_rads;summary.elevation_duration_s.mean;summary.elevation_duration_s.maximum;summary.hold_duration_s.mean;summary.hold_duration_s.maximum;summary.rep_speed_max_rads.mean;summary.rep_speed_max_rads.maximum;summary.elevation_speed_mean_rads.mean;summary.elevation_speed_mean_rads.maximum;summary.elevation_speed_max_rads.mean;summary.elevation_speed_max_rads.maximum;summary.return_speed_max_rads.mean;summary.return_speed_max_rads.maximum;summary.hold_speed_mean_rads.support;summary.hold_speed_max_rads.support,1.0,1.0,1.2140031603522743,10.83451742429822
F90/N-G-X/A/4409,stress,True,stress_completed,interval_speed;F90:rep-1.return_duration_s;F90:rep-1.hold_duration_s;F90:rep-1.rep_speed_max_rads;F90:rep-1.elevation_speed_max_rads;F90:rep-1.return_speed_mean_rads;F90:rep-1.return_speed_max_rads;F90:rep-1.hold_speed_mean_rads;F90:rep-1.hold_speed_max_rads;F90:rep-2.elevation_duration_s;F90:rep-2.return_duration_s;F90:rep-2.hold_duration_s;F90:rep-2.rep_speed_max_rads;F90:rep-2.elevation_speed_mean_rads;F90:rep-2.elevation_speed_max_rads;F90:rep-2.return_speed_mean_rads;F90:rep-2.return_speed_max_rads;F90:rep-2.hold_speed_mean_rads;F90:rep-2.hold_speed_max_rads;F90:rep-3.return_duration_s;F90:rep-3.hold_duration_s;F90:rep-3.rep_speed_max_rads;F90:rep-3.elevation_speed_max_rads;F90:rep-3.return_speed_mean_rads;F90:rep-3.return_speed_max_rads;F90:rep-3.hold_speed_mean_rads;F90:rep-3.hold_speed_max_rads;summary.elevation_duration_s.maximum;summary.return_duration_s.mean;summary.return_duration_s.maximum;summary.hold_duration_s.mean;summary.hold_duration_s.maximum;summary.rep_speed_max_rads.mean;summary.rep_speed_max_rads.maximum;summary.elevation_speed_max_rads.mean;summary.elevation_speed_max_rads.maximum;summary.return_speed_mean_rads.mean;summary.return_speed_mean_rads.maximum;summary.return_speed_max_rads.mean;summary.return_speed_max_rads.maximum;summary.hold_speed_mean_rads.support;summary.hold_speed_max_rads.support,1.0,1.0,0.9518247170581142,10.99371631746404
F90/N-G-X/A/5519,stress,True,stress_completed,A.orientation;interval_speed;F90:rep-1.return_duration_s;F90:rep-1.hold_duration_s;F90:rep-1.rep_speed_max_rads;F90:rep-1.elevation_speed_mean_rads;F90:rep-1.elevation_speed_max_rads;F90:rep-1.return_speed_mean_rads;F90:rep-1.return_speed_max_rads;F90:rep-1.hold_speed_mean_rads;F90:rep-1.hold_speed_max_rads;F90:rep-2.return_duration_s;F90:rep-2.hold_duration_s;F90:rep-2.rep_speed_max_rads;F90:rep-2.elevation_speed_max_rads;F90:rep-2.return_speed_mean_rads;F90:rep-2.return_speed_max_rads;F90:rep-2.hold_speed_mean_rads;F90:rep-2.hold_speed_max_rads;F90:rep-3.elevation_duration_s;F90:rep-3.return_duration_s;F90:rep-3.hold_duration_s;F90:rep-3.rep_speed_max_rads;F90:rep-3.elevation_speed_mean_rads;F90:rep-3.elevation_speed_max_rads;F90:rep-3.return_speed_mean_rads;F90:rep-3.return_speed_max_rads;F90:rep-3.hold_speed_mean_rads;F90:rep-3.hold_speed_max_rads;summary.elevation_duration_s.mean;summary.elevation_duration_s.maximum;summary.return_duration_s.mean;summary.return_duration_s.maximum;summary.hold_duration_s.mean;summary.hold_duration_s.maximum;summary.rep_speed_max_rads.mean;summary.rep_speed_max_rads.maximum;summary.elevation_speed_mean_rads.mean;summary.elevation_speed_max_rads.mean;summary.elevation_speed_max_rads.maximum;summary.return_speed_mean_rads.mean;summary.return_speed_mean_rads.maximum;summary.return_speed_max_rads.mean;summary.return_speed_max_rads.maximum;summary.hold_speed_mean_rads.support;summary.hold_speed_max_rads.support,1.0,1.0,2.6371011828081423,11.740721733111311
F90/N-G-X/B/1103,stress,True,stress_completed,B.orientation;B.initialization;interval_speed;F90:rep-1.elevation_duration_s;F90:rep-1.return_duration_s;F90:rep-1.hold_duration_s;F90:rep-1.rep_speed_max_rads;F90:rep-1.elevation_speed_mean_rads;F90:rep-1.elevation_speed_max_rads;F90:rep-1.return_speed_mean_rads;F90:rep-1.return_speed_max_rads;F90:rep-1.hold_speed_mean_rads;F90:rep-1.hold_speed_max_rads;F90:rep-2.elevation_duration_s;F90:rep-2.return_duration_s;F90:rep-2.hold_duration_s;F90:rep-2.rep_speed_max_rads;F90:rep-2.elevation_speed_mean_rads;F90:rep-2.elevation_speed_max_rads;F90:rep-2.return_speed_max_rads;F90:rep-2.hold_speed_mean_rads;F90:rep-2.hold_speed_max_rads;F90:rep-3.return_duration_s;F90:rep-3.hold_duration_s;F90:rep-3.rep_speed_max_rads;F90:rep-3.elevation_speed_max_rads;F90:rep-3.return_speed_mean_rads;F90:rep-3.return_speed_max_rads;F90:rep-3.hold_speed_mean_rads;F90:rep-3.hold_speed_max_rads;summary.elevation_duration_s.mean;summary.elevation_duration_s.maximum;summary.return_duration_s.mean;summary.return_duration_s.maximum;summary.hold_duration_s.mean;summary.hold_duration_s.maximum;summary.rep_speed_max_rads.mean;summary.rep_speed_max_rads.maximum;summary.elevation_speed_mean_rads.mean;summary.elevation_speed_max_rads.mean;summary.elevation_speed_max_rads.maximum;summary.return_speed_mean_rads.mean;summary.return_speed_max_rads.mean;summary.return_speed_max_rads.maximum;summary.hold_speed_mean_rads.support;summary.hold_speed_max_rads.support,1.0,1.0,2.1586873338484867,11.122815434704096
F90/N-G-X/B/2207,stress,True,stress_completed,interval_speed;F90:rep-1.elevation_duration_s;F90:rep-1.return_duration_s;F90:rep-1.hold_duration_s;F90:rep-1.rep_speed_max_rads;F90:rep-1.elevation_speed_mean_rads;F90:rep-1.elevation_speed_max_rads;F90:rep-1.return_speed_mean_rads;F90:rep-1.return_speed_max_rads;F90:rep-1.hold_speed_mean_rads;F90:rep-1.hold_speed_max_rads;F90:rep-2.elevation_duration_s;F90:rep-2.return_duration_s;F90:rep-2.hold_duration_s;F90:rep-2.rep_speed_max_rads;F90:rep-2.elevation_speed_mean_rads;F90:rep-2.elevation_speed_max_rads;F90:rep-2.return_speed_mean_rads;F90:rep-2.return_speed_max_rads;F90:rep-2.hold_speed_mean_rads;F90:rep-2.hold_speed_max_rads;F90:rep-3.return_duration_s;F90:rep-3.hold_duration_s;F90:rep-3.rep_speed_max_rads;F90:rep-3.elevation_speed_max_rads;F90:rep-3.return_speed_mean_rads;F90:rep-3.return_speed_max_rads;F90:rep-3.hold_speed_mean_rads;F90:rep-3.hold_speed_max_rads;summary.elevation_duration_s.mean;summary.elevation_duration_s.maximum;summary.return_duration_s.mean;summary.return_duration_s.maximum;summary.hold_duration_s.mean;summary.hold_duration_s.maximum;summary.rep_speed_max_rads.mean;summary.rep_speed_max_rads.maximum;summary.elevation_speed_mean_rads.mean;summary.elevation_speed_max_rads.mean;summary.elevation_speed_max_rads.maximum;summary.return_speed_mean_rads.mean;summary.return_speed_mean_rads.maximum;summary.return_speed_max_rads.mean;summary.return_speed_max_rads.maximum;summary.hold_speed_mean_rads.support;summary.hold_speed_max_rads.support,1.0,1.0,0.7730875682315158,11.587570175045963
F90/N-G-X/B/3301,stress,True,stress_completed,B.orientation;interval_speed;F90:rep-1.elevation_duration_s;F90:rep-1.return_duration_s;F90:rep-1.hold_duration_s;F90:rep-1.rep_speed_max_rads;F90:rep-1.elevation_speed_mean_rads;F90:rep-1.elevation_speed_max_rads;F90:rep-1.return_speed_mean_rads;F90:rep-1.return_speed_max_rads;F90:rep-1.hold_speed_mean_rads;F90:rep-1.hold_speed_max_rads;F90:rep-2.elevation_duration_s;F90:rep-2.return_duration_s;F90:rep-2.hold_duration_s;F90:rep-2.rep_speed_max_rads;F90:rep-2.elevation_speed_mean_rads;F90:rep-2.elevation_speed_max_rads;F90:rep-2.return_speed_max_rads;F90:rep-2.hold_speed_mean_rads;F90:rep-2.hold_speed_max_rads;F90:rep-3.elevation_duration_s;F90:rep-3.return_duration_s;F90:rep-3.hold_duration_s;F90:rep-3.rep_speed_max_rads;F90:rep-3.elevation_speed_mean_rads;F90:rep-3.elevation_speed_max_rads;F90:rep-3.return_speed_max_rads;F90:rep-3.hold_speed_mean_rads;F90:rep-3.hold_speed_max_rads;summary.elevation_duration_s.mean;summary.elevation_duration_s.maximum;summary.return_duration_s.mean;summary.return_duration_s.maximum;summary.hold_duration_s.mean;summary.hold_duration_s.maximum;summary.rep_speed_max_rads.mean;summary.rep_speed_max_rads.maximum;summary.elevation_speed_mean_rads.mean;summary.elevation_speed_mean_rads.maximum;summary.elevation_speed_max_rads.mean;summary.elevation_speed_max_rads.maximum;summary.return_speed_mean_rads.mean;summary.return_speed_max_rads.mean;summary.return_speed_max_rads.maximum;summary.hold_speed_mean_rads.support;summary.hold_speed_max_rads.support,1.0,1.0,3.129477548320685,11.64297408784331
F90/N-G-X/B/4409,stress,True,stress_completed,B.orientation;interval_speed;F90:rep-1.elevation_duration_s;F90:rep-1.hold_duration_s;F90:rep-1.rep_speed_max_rads;F90:rep-1.elevation_speed_mean_rads;F90:rep-1.elevation_speed_max_rads;F90:rep-1.return_speed_max_rads;F90:rep-1.hold_speed_mean_rads;F90:rep-1.hold_speed_max_rads;F90:rep-2.elevation_duration_s;F90:rep-2.hold_duration_s;F90:rep-2.rep_speed_max_rads;F90:rep-2.elevation_speed_mean_rads;F90:rep-2.elevation_speed_max_rads;F90:rep-2.return_speed_max_rads;F90:rep-2.hold_speed_mean_rads;F90:rep-2.hold_speed_max_rads;F90:rep-3.elevation_duration_s;F90:rep-3.return_duration_s;F90:rep-3.hold_duration_s;F90:rep-3.rep_speed_max_rads;F90:rep-3.elevation_speed_mean_rads;F90:rep-3.elevation_speed_max_rads;F90:rep-3.return_speed_mean_rads;F90:rep-3.return_speed_max_rads;F90:rep-3.hold_speed_mean_rads;F90:rep-3.hold_speed_max_rads;summary.elevation_duration_s.mean;summary.elevation_duration_s.maximum;summary.return_duration_s.mean;summary.return_duration_s.maximum;summary.hold_duration_s.mean;summary.hold_duration_s.maximum;summary.rep_speed_max_rads.mean;summary.rep_speed_max_rads.maximum;summary.elevation_speed_mean_rads.mean;summary.elevation_speed_mean_rads.maximum;summary.elevation_speed_max_rads.mean;summary.elevation_speed_max_rads.maximum;summary.return_speed_max_rads.mean;summary.return_speed_max_rads.maximum;summary.hold_speed_mean_rads.support;summary.hold_speed_max_rads.support,1.0,1.0,1.5032340826044357,12.010698879074855
F90/N-G-X/B/5519,stress,True,stress_completed,B.orientation;interval_speed;F90:rep-1.elevation_duration_s;F90:rep-1.hold_duration_s;F90:rep-1.rep_speed_max_rads;F90:rep-1.elevation_speed_mean_rads;F90:rep-1.elevation_speed_max_rads;F90:rep-1.return_speed_max_rads;F90:rep-1.hold_speed_mean_rads;F90:rep-1.hold_speed_max_rads;F90:rep-2.return_duration_s;F90:rep-2.hold_duration_s;F90:rep-2.rep_speed_max_rads;F90:rep-2.elevation_speed_max_rads;F90:rep-2.return_speed_mean_rads;F90:rep-2.return_speed_max_rads;F90:rep-2.hold_speed_mean_rads;F90:rep-2.hold_speed_max_rads;F90:rep-3.return_duration_s;F90:rep-3.hold_duration_s;F90:rep-3.rep_speed_max_rads;F90:rep-3.elevation_speed_max_rads;F90:rep-3.return_speed_mean_rads;F90:rep-3.return_speed_max_rads;F90:rep-3.hold_speed_mean_rads;F90:rep-3.hold_speed_max_rads;summary.elevation_duration_s.mean;summary.elevation_duration_s.maximum;summary.return_duration_s.mean;summary.return_duration_s.maximum;summary.hold_duration_s.mean;summary.hold_duration_s.maximum;summary.rep_speed_max_rads.mean;summary.rep_speed_max_rads.maximum;summary.elevation_speed_mean_rads.mean;summary.elevation_speed_max_rads.mean;summary.elevation_speed_max_rads.maximum;summary.return_speed_mean_rads.mean;summary.return_speed_max_rads.mean;summary.return_speed_max_rads.maximum;summary.hold_speed_mean_rads.support;summary.hold_speed_max_rads.support,1.0,1.0,1.1138576359701626,10.415522223524816
F90/N-G-X/SAME/1103,stress,True,stress_completed,A.orientation;A.initialization;B.orientation;B.initialization;interval_speed;F90:rep-1.elevation_duration_s;F90:rep-1.return_duration_s;F90:rep-1.hold_duration_s;F90:rep-1.rep_speed_max_rads;F90:rep-1.elevation_speed_mean_rads;F90:rep-1.elevation_speed_max_rads;F90:rep-1.return_speed_mean_rads;F90:rep-1.return_speed_max_rads;F90:rep-1.hold_speed_mean_rads;F90:rep-1.hold_speed_max_rads;F90:rep-2.elevation_duration_s;F90:rep-2.return_duration_s;F90:rep-2.hold_duration_s;F90:rep-2.rep_speed_max_rads;F90:rep-2.elevation_speed_mean_rads;F90:rep-2.elevation_speed_max_rads;F90:rep-2.return_speed_max_rads;F90:rep-2.hold_speed_mean_rads;F90:rep-2.hold_speed_max_rads;F90:rep-3.return_duration_s;F90:rep-3.hold_duration_s;F90:rep-3.rep_speed_max_rads;F90:rep-3.elevation_speed_max_rads;F90:rep-3.return_speed_mean_rads;F90:rep-3.return_speed_max_rads;F90:rep-3.hold_speed_mean_rads;F90:rep-3.hold_speed_max_rads;summary.elevation_duration_s.mean;summary.elevation_duration_s.maximum;summary.return_duration_s.mean;summary.return_duration_s.maximum;summary.hold_duration_s.mean;summary.hold_duration_s.maximum;summary.rep_speed_max_rads.mean;summary.rep_speed_max_rads.maximum;summary.elevation_speed_mean_rads.mean;summary.elevation_speed_max_rads.mean;summary.elevation_speed_max_rads.maximum;summary.return_speed_mean_rads.mean;summary.return_speed_max_rads.mean;summary.return_speed_max_rads.maximum;summary.hold_speed_mean_rads.support;summary.hold_speed_max_rads.support,1.0,1.0,2.274458070101275,18.00299453612196
F90/N-G-X/SAME/2207,stress,True,stress_completed,A.orientation;interval_speed;F90:rep-1.return_duration_s;F90:rep-1.hold_duration_s;F90:rep-1.rep_speed_max_rads;F90:rep-1.elevation_speed_max_rads;F90:rep-1.return_speed_mean_rads;F90:rep-1.return_speed_max_rads;F90:rep-1.hold_speed_mean_rads;F90:rep-1.hold_speed_max_rads;F90:rep-2.return_duration_s;F90:rep-2.hold_duration_s;F90:rep-2.rep_speed_max_rads;F90:rep-2.elevation_speed_max_rads;F90:rep-2.return_speed_mean_rads;F90:rep-2.return_speed_max_rads;F90:rep-2.hold_speed_mean_rads;F90:rep-2.hold_speed_max_rads;F90:rep-3.elevation_duration_s;F90:rep-3.hold_duration_s;F90:rep-3.rep_speed_max_rads;F90:rep-3.elevation_speed_mean_rads;F90:rep-3.elevation_speed_max_rads;F90:rep-3.return_speed_max_rads;F90:rep-3.hold_speed_mean_rads;F90:rep-3.hold_speed_max_rads;summary.elevation_duration_s.mean;summary.elevation_duration_s.maximum;summary.return_duration_s.mean;summary.return_duration_s.maximum;summary.hold_duration_s.mean;summary.hold_duration_s.maximum;summary.rep_speed_max_rads.mean;summary.rep_speed_max_rads.maximum;summary.elevation_speed_mean_rads.mean;summary.elevation_speed_max_rads.mean;summary.elevation_speed_max_rads.maximum;summary.return_speed_mean_rads.mean;summary.return_speed_max_rads.mean;summary.return_speed_max_rads.maximum;summary.hold_speed_mean_rads.support;summary.hold_speed_max_rads.support,1.0,1.0,1.2712071803794676,14.375055859660367
F90/N-G-X/SAME/3301,stress,True,stress_completed,A.orientation;B.orientation;interval_speed;F90:rep-1.elevation_duration_s;F90:rep-1.hold_duration_s;F90:rep-1.rep_speed_max_rads;F90:rep-1.elevation_speed_mean_rads;F90:rep-1.elevation_speed_max_rads;F90:rep-1.return_speed_max_rads;F90:rep-1.hold_speed_mean_rads;F90:rep-1.hold_speed_max_rads;F90:rep-2.elevation_duration_s;F90:rep-2.hold_duration_s;F90:rep-2.rep_speed_max_rads;F90:rep-2.elevation_speed_mean_rads;F90:rep-2.elevation_speed_max_rads;F90:rep-2.return_speed_max_rads;F90:rep-2.hold_speed_mean_rads;F90:rep-2.hold_speed_max_rads;F90:rep-3.elevation_duration_s;F90:rep-3.hold_duration_s;F90:rep-3.rep_speed_max_rads;F90:rep-3.elevation_speed_mean_rads;F90:rep-3.elevation_speed_max_rads;F90:rep-3.return_speed_max_rads;F90:rep-3.hold_speed_mean_rads;F90:rep-3.hold_speed_max_rads;summary.elevation_duration_s.mean;summary.elevation_duration_s.maximum;summary.hold_duration_s.mean;summary.hold_duration_s.maximum;summary.rep_speed_max_rads.mean;summary.rep_speed_max_rads.maximum;summary.elevation_speed_mean_rads.mean;summary.elevation_speed_mean_rads.maximum;summary.elevation_speed_max_rads.mean;summary.elevation_speed_max_rads.maximum;summary.return_speed_max_rads.mean;summary.return_speed_max_rads.maximum;summary.hold_speed_mean_rads.support;summary.hold_speed_max_rads.support,1.0,1.0,3.129477548320685,17.17842540093372
F90/N-G-X/SAME/4409,stress,True,stress_completed,B.orientation;interval_speed;F90:rep-1.return_duration_s;F90:rep-1.hold_duration_s;F90:rep-1.rep_speed_max_rads;F90:rep-1.elevation_speed_max_rads;F90:rep-1.return_speed_mean_rads;F90:rep-1.return_speed_max_rads;F90:rep-1.hold_speed_mean_rads;F90:rep-1.hold_speed_max_rads;F90:rep-2.elevation_duration_s;F90:rep-2.return_duration_s;F90:rep-2.hold_duration_s;F90:rep-2.rep_speed_max_rads;F90:rep-2.elevation_speed_mean_rads;F90:rep-2.elevation_speed_max_rads;F90:rep-2.return_speed_mean_rads;F90:rep-2.return_speed_max_rads;F90:rep-2.hold_speed_mean_rads;F90:rep-2.hold_speed_max_rads;F90:rep-3.return_duration_s;F90:rep-3.hold_duration_s;F90:rep-3.rep_speed_max_rads;F90:rep-3.elevation_speed_max_rads;F90:rep-3.return_speed_mean_rads;F90:rep-3.return_speed_max_rads;F90:rep-3.hold_speed_mean_rads;F90:rep-3.hold_speed_max_rads;summary.elevation_duration_s.maximum;summary.return_duration_s.mean;summary.return_duration_s.maximum;summary.hold_duration_s.mean;summary.hold_duration_s.maximum;summary.rep_speed_max_rads.mean;summary.rep_speed_max_rads.maximum;summary.elevation_speed_mean_rads.mean;summary.elevation_speed_max_rads.mean;summary.elevation_speed_max_rads.maximum;summary.return_speed_mean_rads.mean;summary.return_speed_mean_rads.maximum;summary.return_speed_max_rads.mean;summary.return_speed_max_rads.maximum;summary.hold_speed_mean_rads.support;summary.hold_speed_max_rads.support,1.0,1.0,1.5032340826044357,15.724830197906865
F90/N-G-X/SAME/5519,stress,True,stress_completed,A.orientation;B.orientation;interval_speed;F90:rep-1.return_duration_s;F90:rep-1.hold_duration_s;F90:rep-1.rep_speed_max_rads;F90:rep-1.elevation_speed_mean_rads;F90:rep-1.elevation_speed_max_rads;F90:rep-1.return_speed_mean_rads;F90:rep-1.return_speed_max_rads;F90:rep-1.hold_speed_mean_rads;F90:rep-1.hold_speed_max_rads;F90:rep-2.return_duration_s;F90:rep-2.hold_duration_s;F90:rep-2.rep_speed_max_rads;F90:rep-2.elevation_speed_max_rads;F90:rep-2.return_speed_mean_rads;F90:rep-2.return_speed_max_rads;F90:rep-2.hold_speed_mean_rads;F90:rep-2.hold_speed_max_rads;F90:rep-3.return_duration_s;F90:rep-3.hold_duration_s;F90:rep-3.rep_speed_max_rads;F90:rep-3.elevation_speed_max_rads;F90:rep-3.return_speed_mean_rads;F90:rep-3.return_speed_max_rads;F90:rep-3.hold_speed_mean_rads;F90:rep-3.hold_speed_max_rads;summary.return_duration_s.mean;summary.return_duration_s.maximum;summary.hold_duration_s.mean;summary.hold_duration_s.maximum;summary.rep_speed_max_rads.mean;summary.rep_speed_max_rads.maximum;summary.elevation_speed_max_rads.mean;summary.elevation_speed_max_rads.maximum;summary.return_speed_mean_rads.mean;summary.return_speed_mean_rads.maximum;summary.return_speed_max_rads.mean;summary.return_speed_max_rads.maximum;summary.hold_speed_mean_rads.support;summary.hold_speed_max_rads.support,1.0,1.0,2.6371011828081423,16.214169357286632
F90-30/CLEAN-E/SAME/0,C,True,complete,,1.0,1.0,2.112500504738598e-13,3.2670657687993244e-11
F90-30/CLEAN-S/SAME/0,C,True,complete,,1.0,1.0,0.3165399432627146,0.3691114629587901
F90-30/I-HD-30/DIFF/0,W,True,complete,,1.0,1.0,0.7249096029305906,0.3691341190650701
F90-NEXT/CLEAN-E/SAME/0,C,True,complete,,1.0,1.0,1.365212213028389e-13,1.6335328843996622e-11
F90-NEXT/CLEAN-S/SAME/0,C,True,complete,,1.0,1.0,0.35152759788602267,0.4089800067142525
F90L/B-C-H/A/0,stress,True,stress_completed,,1.0,1.0,0.3165399432627146,0.36911192022793815
F90L/B-C-H/B/0,stress,True,stress_completed,,1.0,1.0,0.2780433504516778,0.36908551488795976
F90L/B-C-H/SAME/0,stress,True,stress_completed,,1.0,1.0,0.2780433504516778,0.36908598653568314
F90L/B-C-H/DIFF/0,stress,True,stress_completed,,1.0,1.0,0.3549629537901818,0.3691481664810255
F90L/B-C-L/A/0,W,True,complete,,1.0,1.0,0.3165399432627146,0.369111478058219
F90L/B-C-L/B/0,W,True,complete,,1.0,1.0,0.3129682372686006,0.3691091339188868
F90L/B-C-L/SAME/0,W,True,complete,,1.0,1.0,0.3129682372686006,0.3691091633968782
F90L/B-C-L/DIFF/0,W,True,complete,,1.0,1.0,0.32007092384503855,0.3691163645027423
F90L/B-C-X/A/0,stress,True,stress_completed,A.orientation;A.initialization,1.0,1.0,2.0003910809988774,0.38182474889429624
F90L/B-C-X/B/0,stress,True,stress_completed,B.orientation;B.initialization,1.0,1.0,2.2290685622784343,0.3686067491565891
F90L/B-C-X/SAME/0,stress,True,stress_completed,A.orientation;A.initialization;B.orientation;B.initialization,1.0,1.0,2.2290685622784343,0.3686199884811415
F90L/B-C-X/DIFF/0,stress,True,stress_completed,A.orientation;A.initialization;B.orientation;B.initialization;elevation;F90L:rep-1.peak_elevation_rad;F90L:rep-2.peak_elevation_rad;F90L:rep-3.peak_elevation_rad;F90L:rep-4.peak_elevation_rad;F90L:rep-5.peak_elevation_rad;F90L:rep-6.peak_elevation_rad;F90L:rep-7.peak_elevation_rad;F90L:rep-8.peak_elevation_rad;F90L:rep-9.peak_elevation_rad;F90L:rep-10.peak_elevation_rad;F90L:rep-11.peak_elevation_rad;F90L:rep-12.peak_elevation_rad;F90L:rep-13.peak_elevation_rad;F90L:rep-14.peak_elevation_rad;F90L:rep-15.peak_elevation_rad;F90L:rep-16.peak_elevation_rad;F90L:rep-17.peak_elevation_rad;F90L:rep-18.peak_elevation_rad;F90L:rep-19.peak_elevation_rad;F90L:rep-20.peak_elevation_rad;F90L:rep-21.peak_elevation_rad;F90L:rep-22.peak_elevation_rad;F90L:rep-23.peak_elevation_rad;F90L:rep-24.peak_elevation_rad;F90L:rep-25.peak_elevation_rad;F90L:rep-26.peak_elevation_rad;F90L:rep-27.peak_elevation_rad;F90L:rep-28.peak_elevation_rad;F90L:rep-29.peak_elevation_rad;F90L:rep-30.peak_elevation_rad;F90L:rep-31.peak_elevation_rad;F90L:rep-32.peak_elevation_rad;F90L:rep-33.peak_elevation_rad;F90L:rep-34.peak_elevation_rad;F90L:rep-35.peak_elevation_rad;F90L:rep-36.peak_elevation_rad;F90L:rep-37.peak_elevation_rad;F90L:rep-38.peak_elevation_rad;F90L:rep-39.peak_elevation_rad;F90L:rep-40.peak_elevation_rad;F90L:rep-41.peak_elevation_rad;F90L:rep-42.peak_elevation_rad;F90L:rep-43.peak_elevation_rad;F90L:rep-44.peak_elevation_rad;F90L:rep-45.peak_elevation_rad;F90L:rep-46.peak_elevation_rad;F90L:rep-47.peak_elevation_rad;F90L:rep-48.peak_elevation_rad;F90L:rep-49.peak_elevation_rad;F90L:rep-50.peak_elevation_rad;F90L:rep-51.peak_elevation_rad;F90L:rep-52.peak_elevation_rad;F90L:rep-53.peak_elevation_rad;F90L:rep-54.peak_elevation_rad;summary.peak_elevation_rad.mean;summary.peak_elevation_rad.maximum,1.0,1.0,2.2515072143591137,0.4626577952422996
F90L/B-R-H/A/0,stress,True,stress_completed,,1.0,1.0,0.3165399432627146,0.3693784155582583
F90L/B-R-H/B/0,stress,True,stress_completed,,1.0,1.0,0.3164128115154196,0.368624654626186
F90L/B-R-H/SAME/0,stress,True,stress_completed,,1.0,1.0,0.3164128115154196,0.36889131246009027
F90L/B-R-H/DIFF/0,stress,True,stress_completed,,1.0,1.0,0.3302555578973343,0.36993147867273846
F90L/B-R-L/A/0,W,True,complete,,1.0,1.0,0.3165399432627146,0.36913814057613137
F90L/B-R-L/B/0,W,True,complete,,1.0,1.0,0.316530925312975,0.3691115809877876
F90L/B-R-L/SAME/0,W,True,complete,,1.0,1.0,0.316530925312975,0.36913825119302435
F90L/B-R-L/DIFF/0,W,True,complete,,1.0,1.0,0.31654586629476983,0.36914589678868226
F90L/B-R-X/A/0,stress,True,stress_completed,A.orientation;elevation;F90L:rep-39.peak_elevation_rad;F90L:rep-40.peak_elevation_rad;F90L:rep-41.peak_elevation_rad;F90L:rep-42.peak_elevation_rad;F90L:rep-43.peak_elevation_rad;F90L:rep-44.peak_elevation_rad;F90L:rep-45.peak_elevation_rad;F90L:rep-46.peak_elevation_rad;F90L:rep-47.peak_elevation_rad;F90L:rep-48.peak_elevation_rad;F90L:rep-49.peak_elevation_rad;F90L:rep-50.peak_elevation_rad;F90L:rep-51.peak_elevation_rad;F90L:rep-52.peak_elevation_rad;F90L:rep-53.peak_elevation_rad;F90L:rep-54.peak_elevation_rad;summary.peak_elevation_rad.maximum,1.0,1.0,3.976534706557677,0.38249081417007935
F90L/B-R-X/B/0,stress,True,stress_completed,B.orientation;elevation;F90L:rep-46.peak_elevation_rad;F90L:rep-47.peak_elevation_rad;F90L:rep-48.peak_elevation_rad;F90L:rep-49.peak_elevation_rad;F90L:rep-50.peak_elevation_rad;F90L:rep-51.peak_elevation_rad;F90L:rep-52.peak_elevation_rad;F90L:rep-53.peak_elevation_rad;F90L:rep-54.peak_elevation_rad,1.0,1.0,4.151480739072143,0.3559046833468325
F90L/B-R-X/SAME/0,stress,True,stress_completed,A.orientation;B.orientation,1.0,1.0,4.151480739072143,0.3692424447138399
F90L/B-R-X/DIFF/0,stress,True,stress_completed,A.orientation;B.orientation;elevation;F90L:rep-20.peak_elevation_rad;F90L:rep-21.peak_elevation_rad;F90L:rep-22.peak_elevation_rad;F90L:rep-23.peak_elevation_rad;F90L:rep-24.peak_elevation_rad;F90L:rep-25.peak_elevation_rad;F90L:rep-26.peak_elevation_rad;F90L:rep-27.peak_elevation_rad;F90L:rep-28.peak_elevation_rad;F90L:rep-29.peak_elevation_rad;F90L:rep-30.peak_elevation_rad;F90L:rep-31.peak_elevation_rad;F90L:rep-32.peak_elevation_rad;F90L:rep-33.peak_elevation_rad;F90L:rep-34.end_us;F90L:rep-34.end_confirmation;F90L:rep-34.peak_elevation_rad;F90L:rep-35.end_us;F90L:rep-35.end_confirmation;F90L:rep-35.peak_elevation_rad;F90L:rep-36.end_us;F90L:rep-36.end_confirmation;F90L:rep-36.peak_elevation_rad;F90L:rep-37.end_us;F90L:rep-37.end_confirmation;F90L:rep-37.peak_elevation_rad;F90L:rep-37.rep_duration_s;F90L:rep-38.end_us;F90L:rep-38.end_confirmation;F90L:rep-38.peak_elevation_rad;F90L:rep-38.rep_duration_s;F90L:rep-38.preceding_rest_duration_s;F90L:rep-39.end_us;F90L:rep-39.end_confirmation;F90L:rep-39.peak_elevation_rad;F90L:rep-39.rep_duration_s;F90L:rep-39.preceding_rest_duration_s;F90L:rep-40.end_us;F90L:rep-40.end_confirmation;F90L:rep-40.rom_rad;F90L:rep-40.peak_elevation_rad;F90L:rep-40.rep_duration_s;F90L:rep-40.preceding_rest_duration_s;F90L:rep-41.end_us;F90L:rep-41.end_confirmation;F90L:rep-41.rom_rad;F90L:rep-41.peak_elevation_rad;F90L:rep-41.rep_duration_s;F90L:rep-41.preceding_rest_duration_s;F90L:rep-42.end_us;F90L:rep-42.end_confirmation;F90L:rep-42.rom_rad;F90L:rep-42.peak_elevation_rad;F90L:rep-42.rep_duration_s;F90L:rep-42.preceding_rest_duration_s;F90L:rep-43.end_us;F90L:rep-43.end_confirmation;F90L:rep-43.rom_rad;F90L:rep-43.peak_elevation_rad;F90L:rep-43.rep_duration_s;F90L:rep-43.preceding_rest_duration_s;F90L:rep-44.start_us;F90L:rep-44.end_us;F90L:rep-44.start_confirmation;F90L:rep-44.end_confirmation;F90L:rep-44.rom_rad;F90L:rep-44.peak_elevation_rad;F90L:rep-44.rep_duration_s;F90L:rep-44.preceding_rest_duration_s;F90L:rep-45.start_us;F90L:rep-45.end_us;F90L:rep-45.start_confirmation;F90L:rep-45.end_confirmation;F90L:rep-45.rom_rad;F90L:rep-45.peak_elevation_rad;F90L:rep-45.rep_duration_s;F90L:rep-45.preceding_rest_duration_s;F90L:rep-46.start_us;F90L:rep-46.end_us;F90L:rep-46.start_confirmation;F90L:rep-46.end_confirmation;F90L:rep-46.rom_rad;F90L:rep-46.peak_elevation_rad;F90L:rep-46.rep_duration_s;F90L:rep-46.preceding_rest_duration_s;F90L:rep-47.start_us;F90L:rep-47.end_us;F90L:rep-47.start_confirmation;F90L:rep-47.end_confirmation;F90L:rep-47.rom_rad;F90L:rep-47.peak_elevation_rad;F90L:rep-47.rep_duration_s;F90L:rep-47.preceding_rest_duration_s;F90L:rep-48.start_us;F90L:rep-48.end_us;F90L:rep-48.start_confirmation;F90L:rep-48.end_confirmation;F90L:rep-48.rom_rad;F90L:rep-48.peak_elevation_rad;F90L:rep-48.rep_duration_s;F90L:rep-48.preceding_rest_duration_s;F90L:rep-49.start_us;F90L:rep-49.end_us;F90L:rep-49.start_confirmation;F90L:rep-49.end_confirmation;F90L:rep-49.rom_rad;F90L:rep-49.peak_elevation_rad;F90L:rep-49.rep_duration_s;F90L:rep-49.preceding_rest_duration_s;F90L:rep-50.start_us;F90L:rep-50.end_us;F90L:rep-50.start_confirmation;F90L:rep-50.end_confirmation;F90L:rep-50.rom_rad;F90L:rep-50.peak_elevation_rad;F90L:rep-50.rep_duration_s;F90L:rep-50.preceding_rest_duration_s;F90L:rep-51.start_us;F90L:rep-51.end_us;F90L:rep-51.start_confirmation;F90L:rep-51.end_confirmation;F90L:rep-51.rom_rad;F90L:rep-51.peak_elevation_rad;F90L:rep-51.rep_duration_s;F90L:rep-51.preceding_rest_duration_s;F90L:rep-52.start_us;F90L:rep-52.end_us;F90L:rep-52.start_confirmation;F90L:rep-52.end_confirmation;F90L:rep-52.rom_rad;F90L:rep-52.peak_elevation_rad;F90L:rep-52.rep_duration_s;F90L:rep-52.preceding_rest_duration_s;F90L:rep-53.start_us;F90L:rep-53.end_us;F90L:rep-53.start_confirmation;F90L:rep-53.end_confirmation;F90L:rep-53.rom_rad;F90L:rep-53.peak_elevation_rad;F90L:rep-53.rep_duration_s;F90L:rep-53.preceding_rest_duration_s;F90L:rep-54.start_us;F90L:rep-54.end_us;F90L:rep-54.start_confirmation;F90L:rep-54.end_confirmation;F90L:rep-54.rom_rad;F90L:rep-54.peak_elevation_rad;F90L:rep-54.rep_duration_s;F90L:rep-54.preceding_rest_duration_s;summary.rom_rad.maximum;summary.peak_elevation_rad.mean;summary.peak_elevation_rad.maximum;summary.rep_duration_s.maximum;summary.rom_max_rad,1.0,1.0,4.207289491744828,0.39580802017821737
F90L/CLEAN-E/SAME/0,C,True,complete,,1.0,1.0,1.6474170155444172e-12,2.8736947657959165e-10
F90L/CLEAN-S/SAME/0,C,True,complete,,1.0,1.0,0.3165399432627146,0.3691114630014222
F90L/D-C-0-exact/B/0,W,True,complete,,1.0,1.0,0.3165399432627146,0.3691114630014222
F90L/D-C-0-wrong/B/0,stress,True,stress_completed,elevation;interval_speed;F90L:rep-1.start_us;F90L:rep-1.end_us;F90L:rep-1.start_confirmation;F90L:rep-1.end_confirmation;F90L:rep-2.start_us;F90L:rep-2.end_us;F90L:rep-2.start_confirmation;F90L:rep-2.end_confirmation;F90L:rep-3.start_us;F90L:rep-3.end_us;F90L:rep-3.start_confirmation;F90L:rep-3.end_confirmation;F90L:rep-4.start_us;F90L:rep-4.end_us;F90L:rep-4.start_confirmation;F90L:rep-4.end_confirmation;F90L:rep-5.start_us;F90L:rep-5.end_us;F90L:rep-5.start_confirmation;F90L:rep-5.end_confirmation;F90L:rep-6.start_us;F90L:rep-6.end_us;F90L:rep-6.start_confirmation;F90L:rep-6.end_confirmation;F90L:rep-7.start_us;F90L:rep-7.end_us;F90L:rep-7.start_confirmation;F90L:rep-7.end_confirmation;F90L:rep-8.start_us;F90L:rep-8.end_us;F90L:rep-8.start_confirmation;F90L:rep-8.end_confirmation;F90L:rep-9.start_us;F90L:rep-9.end_us;F90L:rep-9.start_confirmation;F90L:rep-9.end_confirmation;F90L:rep-10.start_us;F90L:rep-10.end_us;F90L:rep-10.start_confirmation;F90L:rep-10.end_confirmation;F90L:rep-11.start_us;F90L:rep-11.end_us;F90L:rep-11.start_confirmation;F90L:rep-11.end_confirmation;F90L:rep-12.start_us;F90L:rep-12.end_us;F90L:rep-12.start_confirmation;F90L:rep-12.end_confirmation;F90L:rep-13.start_us;F90L:rep-13.end_us;F90L:rep-13.start_confirmation;F90L:rep-13.end_confirmation;F90L:rep-14.start_us;F90L:rep-14.end_us;F90L:rep-14.start_confirmation;F90L:rep-14.end_confirmation;F90L:rep-15.start_us;F90L:rep-15.end_us;F90L:rep-15.start_confirmation;F90L:rep-15.end_confirmation;F90L:rep-16.start_us;F90L:rep-16.end_us;F90L:rep-16.start_confirmation;F90L:rep-16.end_confirmation;F90L:rep-17.start_us;F90L:rep-17.end_us;F90L:rep-17.start_confirmation;F90L:rep-17.end_confirmation;F90L:rep-18.start_us;F90L:rep-18.end_us;F90L:rep-18.start_confirmation;F90L:rep-18.end_confirmation;F90L:rep-19.start_us;F90L:rep-19.end_us;F90L:rep-19.start_confirmation;F90L:rep-19.end_confirmation;F90L:rep-20.start_us;F90L:rep-20.end_us;F90L:rep-20.start_confirmation;F90L:rep-20.end_confirmation;F90L:rep-21.start_us;F90L:rep-21.end_us;F90L:rep-21.start_confirmation;F90L:rep-21.end_confirmation;F90L:rep-22.start_us;F90L:rep-22.end_us;F90L:rep-22.start_confirmation;F90L:rep-22.end_confirmation;F90L:rep-23.start_us;F90L:rep-23.end_us;F90L:rep-23.start_confirmation;F90L:rep-23.end_confirmation;F90L:rep-24.start_us;F90L:rep-24.end_us;F90L:rep-24.start_confirmation;F90L:rep-24.end_confirmation;F90L:rep-25.start_us;F90L:rep-25.end_us;F90L:rep-25.start_confirmation;F90L:rep-25.end_confirmation;F90L:rep-26.start_us;F90L:rep-26.end_us;F90L:rep-26.start_confirmation;F90L:rep-26.end_confirmation;F90L:rep-27.start_us;F90L:rep-27.end_us;F90L:rep-27.start_confirmation;F90L:rep-27.end_confirmation;F90L:rep-28.start_us;F90L:rep-28.end_us;F90L:rep-28.start_confirmation;F90L:rep-28.end_confirmation;F90L:rep-29.start_us;F90L:rep-29.end_us;F90L:rep-29.start_confirmation;F90L:rep-29.end_confirmation;F90L:rep-30.start_us;F90L:rep-30.end_us;F90L:rep-30.start_confirmation;F90L:rep-30.end_confirmation;F90L:rep-31.start_us;F90L:rep-31.end_us;F90L:rep-31.start_confirmation;F90L:rep-31.end_confirmation;F90L:rep-32.start_us;F90L:rep-32.end_us;F90L:rep-32.start_confirmation;F90L:rep-32.end_confirmation;F90L:rep-33.start_us;F90L:rep-33.end_us;F90L:rep-33.start_confirmation;F90L:rep-33.end_confirmation;F90L:rep-34.start_us;F90L:rep-34.end_us;F90L:rep-34.start_confirmation;F90L:rep-34.end_confirmation;F90L:rep-35.start_us;F90L:rep-35.end_us;F90L:rep-35.start_confirmation;F90L:rep-35.end_confirmation;F90L:rep-36.start_us;F90L:rep-36.end_us;F90L:rep-36.start_confirmation;F90L:rep-36.end_confirmation;F90L:rep-37.start_us;F90L:rep-37.end_us;F90L:rep-37.start_confirmation;F90L:rep-37.end_confirmation;F90L:rep-38.start_us;F90L:rep-38.end_us;F90L:rep-38.start_confirmation;F90L:rep-38.end_confirmation;F90L:rep-39.start_us;F90L:rep-39.end_us;F90L:rep-39.start_confirmation;F90L:rep-39.end_confirmation;F90L:rep-40.start_us;F90L:rep-40.end_us;F90L:rep-40.start_confirmation;F90L:rep-40.end_confirmation;F90L:rep-41.start_us;F90L:rep-41.end_us;F90L:rep-41.start_confirmation;F90L:rep-41.end_confirmation;F90L:rep-42.start_us;F90L:rep-42.end_us;F90L:rep-42.start_confirmation;F90L:rep-42.end_confirmation;F90L:rep-43.start_us;F90L:rep-43.end_us;F90L:rep-43.start_confirmation;F90L:rep-43.end_confirmation;F90L:rep-44.start_us;F90L:rep-44.end_us;F90L:rep-44.start_confirmation;F90L:rep-44.end_confirmation;F90L:rep-45.start_us;F90L:rep-45.end_us;F90L:rep-45.start_confirmation;F90L:rep-45.end_confirmation;F90L:rep-46.start_us;F90L:rep-46.end_us;F90L:rep-46.start_confirmation;F90L:rep-46.end_confirmation;F90L:rep-47.start_us;F90L:rep-47.end_us;F90L:rep-47.start_confirmation;F90L:rep-47.end_confirmation;F90L:rep-48.start_us;F90L:rep-48.end_us;F90L:rep-48.start_confirmation;F90L:rep-48.end_confirmation;F90L:rep-49.start_us;F90L:rep-49.end_us;F90L:rep-49.start_confirmation;F90L:rep-49.end_confirmation;F90L:rep-50.start_us;F90L:rep-50.end_us;F90L:rep-50.start_confirmation;F90L:rep-50.end_confirmation;F90L:rep-51.start_us;F90L:rep-51.end_us;F90L:rep-51.start_confirmation;F90L:rep-51.end_confirmation;F90L:rep-52.start_us;F90L:rep-52.end_us;F90L:rep-52.start_confirmation;F90L:rep-52.end_confirmation;F90L:rep-53.start_us;F90L:rep-53.end_us;F90L:rep-53.start_confirmation;F90L:rep-53.end_confirmation;F90L:rep-54.start_us;F90L:rep-54.end_us;F90L:rep-54.start_confirmation;F90L:rep-54.end_confirmation,1.0,1.0,0.3165399432627146,60.19705302734391
F90L/D-C-H-minus-exact/B/0,W,True,complete,,1.0,1.0,0.28469805588901137,0.33193476926201415
F90L/D-C-H-minus-wrong/B/0,stress,True,stress_completed,elevation;interval_speed;F90L:rep-1.start_us;F90L:rep-1.end_us;F90L:rep-1.start_confirmation;F90L:rep-1.end_confirmation;F90L:rep-2.start_us;F90L:rep-2.end_us;F90L:rep-2.start_confirmation;F90L:rep-2.end_confirmation;F90L:rep-3.start_us;F90L:rep-3.end_us;F90L:rep-3.start_confirmation;F90L:rep-3.end_confirmation;F90L:rep-4.start_us;F90L:rep-4.end_us;F90L:rep-4.start_confirmation;F90L:rep-4.end_confirmation;F90L:rep-5.start_us;F90L:rep-5.end_us;F90L:rep-5.start_confirmation;F90L:rep-5.end_confirmation;F90L:rep-6.start_us;F90L:rep-6.end_us;F90L:rep-6.start_confirmation;F90L:rep-6.end_confirmation;F90L:rep-7.start_us;F90L:rep-7.end_us;F90L:rep-7.start_confirmation;F90L:rep-7.end_confirmation;F90L:rep-8.start_us;F90L:rep-8.end_us;F90L:rep-8.start_confirmation;F90L:rep-8.end_confirmation;F90L:rep-9.start_us;F90L:rep-9.end_us;F90L:rep-9.start_confirmation;F90L:rep-9.end_confirmation;F90L:rep-10.start_us;F90L:rep-10.end_us;F90L:rep-10.start_confirmation;F90L:rep-10.end_confirmation;F90L:rep-11.start_us;F90L:rep-11.end_us;F90L:rep-11.start_confirmation;F90L:rep-11.end_confirmation;F90L:rep-12.start_us;F90L:rep-12.end_us;F90L:rep-12.start_confirmation;F90L:rep-12.end_confirmation;F90L:rep-13.start_us;F90L:rep-13.end_us;F90L:rep-13.start_confirmation;F90L:rep-13.end_confirmation;F90L:rep-14.start_us;F90L:rep-14.end_us;F90L:rep-14.start_confirmation;F90L:rep-14.end_confirmation;F90L:rep-15.start_us;F90L:rep-15.end_us;F90L:rep-15.start_confirmation;F90L:rep-15.end_confirmation;F90L:rep-16.start_us;F90L:rep-16.end_us;F90L:rep-16.start_confirmation;F90L:rep-16.end_confirmation;F90L:rep-17.start_us;F90L:rep-17.end_us;F90L:rep-17.start_confirmation;F90L:rep-17.end_confirmation;F90L:rep-18.start_us;F90L:rep-18.end_us;F90L:rep-18.start_confirmation;F90L:rep-18.end_confirmation;F90L:rep-19.start_us;F90L:rep-19.end_us;F90L:rep-19.start_confirmation;F90L:rep-19.end_confirmation;F90L:rep-20.start_us;F90L:rep-20.end_us;F90L:rep-20.start_confirmation;F90L:rep-20.end_confirmation;F90L:rep-21.start_us;F90L:rep-21.end_us;F90L:rep-21.start_confirmation;F90L:rep-21.end_confirmation;F90L:rep-22.start_us;F90L:rep-22.end_us;F90L:rep-22.start_confirmation;F90L:rep-22.end_confirmation;F90L:rep-23.start_us;F90L:rep-23.end_us;F90L:rep-23.start_confirmation;F90L:rep-23.end_confirmation;F90L:rep-24.start_us;F90L:rep-24.end_us;F90L:rep-24.start_confirmation;F90L:rep-24.end_confirmation;F90L:rep-25.start_us;F90L:rep-25.end_us;F90L:rep-25.start_confirmation;F90L:rep-25.end_confirmation;F90L:rep-26.start_us;F90L:rep-26.end_us;F90L:rep-26.start_confirmation;F90L:rep-26.end_confirmation;F90L:rep-27.start_us;F90L:rep-27.end_us;F90L:rep-27.start_confirmation;F90L:rep-27.end_confirmation;F90L:rep-28.start_us;F90L:rep-28.end_us;F90L:rep-28.start_confirmation;F90L:rep-28.end_confirmation;F90L:rep-29.start_us;F90L:rep-29.end_us;F90L:rep-29.start_confirmation;F90L:rep-29.end_confirmation;F90L:rep-30.start_us;F90L:rep-30.end_us;F90L:rep-30.start_confirmation;F90L:rep-30.end_confirmation;F90L:rep-31.start_us;F90L:rep-31.end_us;F90L:rep-31.start_confirmation;F90L:rep-31.end_confirmation;F90L:rep-32.start_us;F90L:rep-32.end_us;F90L:rep-32.start_confirmation;F90L:rep-32.end_confirmation;F90L:rep-33.start_us;F90L:rep-33.end_us;F90L:rep-33.start_confirmation;F90L:rep-33.end_confirmation;F90L:rep-34.start_us;F90L:rep-34.end_us;F90L:rep-34.start_confirmation;F90L:rep-34.end_confirmation;F90L:rep-35.start_us;F90L:rep-35.end_us;F90L:rep-35.start_confirmation;F90L:rep-35.end_confirmation;F90L:rep-36.start_us;F90L:rep-36.end_us;F90L:rep-36.start_confirmation;F90L:rep-36.end_confirmation;F90L:rep-37.start_us;F90L:rep-37.end_us;F90L:rep-37.start_confirmation;F90L:rep-37.end_confirmation;F90L:rep-38.start_us;F90L:rep-38.end_us;F90L:rep-38.start_confirmation;F90L:rep-38.end_confirmation;F90L:rep-39.start_us;F90L:rep-39.end_us;F90L:rep-39.start_confirmation;F90L:rep-39.end_confirmation;F90L:rep-40.start_us;F90L:rep-40.end_us;F90L:rep-40.start_confirmation;F90L:rep-40.end_confirmation;F90L:rep-41.start_us;F90L:rep-41.end_us;F90L:rep-41.start_confirmation;F90L:rep-41.end_confirmation;F90L:rep-42.start_us;F90L:rep-42.end_us;F90L:rep-42.start_confirmation;F90L:rep-42.end_confirmation;F90L:rep-43.start_us;F90L:rep-43.end_us;F90L:rep-43.start_confirmation;F90L:rep-43.end_confirmation;F90L:rep-44.start_us;F90L:rep-44.end_us;F90L:rep-44.start_confirmation;F90L:rep-44.end_confirmation;F90L:rep-45.start_us;F90L:rep-45.end_us;F90L:rep-45.start_confirmation;F90L:rep-45.end_confirmation;F90L:rep-46.start_us;F90L:rep-46.end_us;F90L:rep-46.start_confirmation;F90L:rep-46.end_confirmation;F90L:rep-47.start_us;F90L:rep-47.end_us;F90L:rep-47.start_confirmation;F90L:rep-47.end_confirmation;F90L:rep-48.start_us;F90L:rep-48.end_us;F90L:rep-48.start_confirmation;F90L:rep-48.end_confirmation;F90L:rep-49.start_us;F90L:rep-49.end_us;F90L:rep-49.start_confirmation;F90L:rep-49.end_confirmation;F90L:rep-50.start_us;F90L:rep-50.end_us;F90L:rep-50.start_confirmation;F90L:rep-50.end_confirmation;F90L:rep-51.start_us;F90L:rep-51.end_us;F90L:rep-51.start_confirmation;F90L:rep-51.end_confirmation;F90L:rep-52.start_us;F90L:rep-52.start_confirmation,1.0,1.0,0.28469805588901137,60.20649037501099
F90L/D-C-H-plus-exact/B/0,W,True,complete,,1.0,1.0,0.3483066837382125,0.4058084475884065
F90L/D-C-H-plus-wrong/B/0,stress,True,stress_completed,elevation;interval_speed;F90L:rep-1.start_us;F90L:rep-1.end_us;F90L:rep-1.start_confirmation;F90L:rep-1.end_confirmation;F90L:rep-2.start_us;F90L:rep-2.end_us;F90L:rep-2.start_confirmation;F90L:rep-2.end_confirmation;F90L:rep-3.start_us;F90L:rep-3.end_us;F90L:rep-3.start_confirmation;F90L:rep-3.end_confirmation;F90L:rep-4.start_us;F90L:rep-4.end_us;F90L:rep-4.start_confirmation;F90L:rep-4.end_confirmation;F90L:rep-5.start_us;F90L:rep-5.end_us;F90L:rep-5.start_confirmation;F90L:rep-5.end_confirmation;F90L:rep-6.start_us;F90L:rep-6.end_us;F90L:rep-6.start_confirmation;F90L:rep-6.end_confirmation;F90L:rep-7.start_us;F90L:rep-7.end_us;F90L:rep-7.start_confirmation;F90L:rep-7.end_confirmation;F90L:rep-8.start_us;F90L:rep-8.end_us;F90L:rep-8.start_confirmation;F90L:rep-8.end_confirmation;F90L:rep-9.start_us;F90L:rep-9.end_us;F90L:rep-9.start_confirmation;F90L:rep-9.end_confirmation;F90L:rep-10.start_us;F90L:rep-10.end_us;F90L:rep-10.start_confirmation;F90L:rep-10.end_confirmation;F90L:rep-11.start_us;F90L:rep-11.end_us;F90L:rep-11.start_confirmation;F90L:rep-11.end_confirmation;F90L:rep-12.start_us;F90L:rep-12.end_us;F90L:rep-12.start_confirmation;F90L:rep-12.end_confirmation;F90L:rep-13.start_us;F90L:rep-13.end_us;F90L:rep-13.start_confirmation;F90L:rep-13.end_confirmation;F90L:rep-14.start_us;F90L:rep-14.end_us;F90L:rep-14.start_confirmation;F90L:rep-14.end_confirmation;F90L:rep-15.start_us;F90L:rep-15.end_us;F90L:rep-15.start_confirmation;F90L:rep-15.end_confirmation;F90L:rep-16.start_us;F90L:rep-16.end_us;F90L:rep-16.start_confirmation;F90L:rep-16.end_confirmation;F90L:rep-17.start_us;F90L:rep-17.end_us;F90L:rep-17.start_confirmation;F90L:rep-17.end_confirmation;F90L:rep-18.start_us;F90L:rep-18.end_us;F90L:rep-18.start_confirmation;F90L:rep-18.end_confirmation;F90L:rep-19.start_us;F90L:rep-19.end_us;F90L:rep-19.start_confirmation;F90L:rep-19.end_confirmation;F90L:rep-20.start_us;F90L:rep-20.end_us;F90L:rep-20.start_confirmation;F90L:rep-20.end_confirmation;F90L:rep-21.start_us;F90L:rep-21.end_us;F90L:rep-21.start_confirmation;F90L:rep-21.end_confirmation;F90L:rep-22.start_us;F90L:rep-22.end_us;F90L:rep-22.start_confirmation;F90L:rep-22.end_confirmation;F90L:rep-23.start_us;F90L:rep-23.end_us;F90L:rep-23.start_confirmation;F90L:rep-23.end_confirmation;F90L:rep-24.start_us;F90L:rep-24.end_us;F90L:rep-24.start_confirmation;F90L:rep-24.end_confirmation;F90L:rep-25.start_us;F90L:rep-25.end_us;F90L:rep-25.start_confirmation;F90L:rep-25.end_confirmation;F90L:rep-26.start_us;F90L:rep-26.end_us;F90L:rep-26.start_confirmation;F90L:rep-26.end_confirmation;F90L:rep-27.start_us;F90L:rep-27.end_us;F90L:rep-27.start_confirmation;F90L:rep-27.end_confirmation;F90L:rep-28.start_us;F90L:rep-28.end_us;F90L:rep-28.start_confirmation;F90L:rep-28.end_confirmation;F90L:rep-29.start_us;F90L:rep-29.end_us;F90L:rep-29.start_confirmation;F90L:rep-29.end_confirmation;F90L:rep-30.start_us;F90L:rep-30.end_us;F90L:rep-30.start_confirmation;F90L:rep-30.end_confirmation;F90L:rep-31.start_us;F90L:rep-31.end_us;F90L:rep-31.start_confirmation;F90L:rep-31.end_confirmation;F90L:rep-32.start_us;F90L:rep-32.end_us;F90L:rep-32.start_confirmation;F90L:rep-32.end_confirmation;F90L:rep-33.start_us;F90L:rep-33.end_us;F90L:rep-33.start_confirmation;F90L:rep-33.end_confirmation;F90L:rep-34.start_us;F90L:rep-34.end_us;F90L:rep-34.start_confirmation;F90L:rep-34.end_confirmation;F90L:rep-35.start_us;F90L:rep-35.end_us;F90L:rep-35.start_confirmation;F90L:rep-35.end_confirmation;F90L:rep-36.start_us;F90L:rep-36.end_us;F90L:rep-36.start_confirmation;F90L:rep-36.end_confirmation;F90L:rep-37.start_us;F90L:rep-37.end_us;F90L:rep-37.start_confirmation;F90L:rep-37.end_confirmation;F90L:rep-38.start_us;F90L:rep-38.end_us;F90L:rep-38.start_confirmation;F90L:rep-38.end_confirmation;F90L:rep-39.start_us;F90L:rep-39.end_us;F90L:rep-39.start_confirmation;F90L:rep-39.end_confirmation;F90L:rep-40.start_us;F90L:rep-40.end_us;F90L:rep-40.start_confirmation;F90L:rep-40.end_confirmation;F90L:rep-41.start_us;F90L:rep-41.end_us;F90L:rep-41.start_confirmation;F90L:rep-41.end_confirmation;F90L:rep-42.start_us;F90L:rep-42.end_us;F90L:rep-42.start_confirmation;F90L:rep-42.end_confirmation;F90L:rep-43.start_us;F90L:rep-43.end_us;F90L:rep-43.start_confirmation;F90L:rep-43.end_confirmation;F90L:rep-44.start_us;F90L:rep-44.end_us;F90L:rep-44.start_confirmation;F90L:rep-44.end_confirmation;F90L:rep-45.start_us;F90L:rep-45.end_us;F90L:rep-45.start_confirmation;F90L:rep-45.end_confirmation;F90L:rep-46.start_us;F90L:rep-46.end_us;F90L:rep-46.start_confirmation;F90L:rep-46.end_confirmation;F90L:rep-47.start_us;F90L:rep-47.end_us;F90L:rep-47.start_confirmation;F90L:rep-47.end_confirmation;F90L:rep-48.start_us;F90L:rep-48.end_us;F90L:rep-48.start_confirmation;F90L:rep-48.end_confirmation;F90L:rep-49.start_us;F90L:rep-49.end_us;F90L:rep-49.start_confirmation;F90L:rep-49.end_confirmation;F90L:rep-50.start_us;F90L:rep-50.end_us;F90L:rep-50.start_confirmation;F90L:rep-50.end_confirmation;F90L:rep-51.start_us;F90L:rep-51.end_us;F90L:rep-51.start_confirmation;F90L:rep-51.end_confirmation;F90L:rep-52.start_us;F90L:rep-52.end_us;F90L:rep-52.start_confirmation;F90L:rep-52.end_confirmation;F90L:rep-53.start_us;F90L:rep-53.end_us;F90L:rep-53.start_confirmation;F90L:rep-53.end_confirmation;F90L:rep-54.start_us;F90L:rep-54.end_us;F90L:rep-54.start_confirmation;F90L:rep-54.end_confirmation,1.0,1.0,0.3483066837382125,60.20390094352288
F90L/D-C-L-minus-exact/B/0,W,True,complete,,1.0,1.0,0.31015121124429396,0.3618708496310937
F90L/D-C-L-minus-wrong/B/0,stress,True,stress_completed,elevation;interval_speed;F90L:rep-1.start_us;F90L:rep-1.end_us;F90L:rep-1.start_confirmation;F90L:rep-1.end_confirmation;F90L:rep-2.start_us;F90L:rep-2.end_us;F90L:rep-2.start_confirmation;F90L:rep-2.end_confirmation;F90L:rep-3.start_us;F90L:rep-3.end_us;F90L:rep-3.start_confirmation;F90L:rep-3.end_confirmation;F90L:rep-4.start_us;F90L:rep-4.end_us;F90L:rep-4.start_confirmation;F90L:rep-4.end_confirmation;F90L:rep-5.start_us;F90L:rep-5.end_us;F90L:rep-5.start_confirmation;F90L:rep-5.end_confirmation;F90L:rep-6.start_us;F90L:rep-6.end_us;F90L:rep-6.start_confirmation;F90L:rep-6.end_confirmation;F90L:rep-7.start_us;F90L:rep-7.end_us;F90L:rep-7.start_confirmation;F90L:rep-7.end_confirmation;F90L:rep-8.start_us;F90L:rep-8.end_us;F90L:rep-8.start_confirmation;F90L:rep-8.end_confirmation;F90L:rep-9.start_us;F90L:rep-9.end_us;F90L:rep-9.start_confirmation;F90L:rep-9.end_confirmation;F90L:rep-10.start_us;F90L:rep-10.end_us;F90L:rep-10.start_confirmation;F90L:rep-10.end_confirmation;F90L:rep-11.start_us;F90L:rep-11.end_us;F90L:rep-11.start_confirmation;F90L:rep-11.end_confirmation;F90L:rep-12.start_us;F90L:rep-12.end_us;F90L:rep-12.start_confirmation;F90L:rep-12.end_confirmation;F90L:rep-13.start_us;F90L:rep-13.end_us;F90L:rep-13.start_confirmation;F90L:rep-13.end_confirmation;F90L:rep-14.start_us;F90L:rep-14.end_us;F90L:rep-14.start_confirmation;F90L:rep-14.end_confirmation;F90L:rep-15.start_us;F90L:rep-15.end_us;F90L:rep-15.start_confirmation;F90L:rep-15.end_confirmation;F90L:rep-16.start_us;F90L:rep-16.end_us;F90L:rep-16.start_confirmation;F90L:rep-16.end_confirmation;F90L:rep-17.start_us;F90L:rep-17.end_us;F90L:rep-17.start_confirmation;F90L:rep-17.end_confirmation;F90L:rep-18.start_us;F90L:rep-18.end_us;F90L:rep-18.start_confirmation;F90L:rep-18.end_confirmation;F90L:rep-19.start_us;F90L:rep-19.end_us;F90L:rep-19.start_confirmation;F90L:rep-19.end_confirmation;F90L:rep-20.start_us;F90L:rep-20.end_us;F90L:rep-20.start_confirmation;F90L:rep-20.end_confirmation;F90L:rep-21.start_us;F90L:rep-21.end_us;F90L:rep-21.start_confirmation;F90L:rep-21.end_confirmation;F90L:rep-22.start_us;F90L:rep-22.end_us;F90L:rep-22.start_confirmation;F90L:rep-22.end_confirmation;F90L:rep-23.start_us;F90L:rep-23.end_us;F90L:rep-23.start_confirmation;F90L:rep-23.end_confirmation;F90L:rep-24.start_us;F90L:rep-24.end_us;F90L:rep-24.start_confirmation;F90L:rep-24.end_confirmation;F90L:rep-25.start_us;F90L:rep-25.end_us;F90L:rep-25.start_confirmation;F90L:rep-25.end_confirmation;F90L:rep-26.start_us;F90L:rep-26.end_us;F90L:rep-26.start_confirmation;F90L:rep-26.end_confirmation;F90L:rep-27.start_us;F90L:rep-27.end_us;F90L:rep-27.start_confirmation;F90L:rep-27.end_confirmation;F90L:rep-28.start_us;F90L:rep-28.end_us;F90L:rep-28.start_confirmation;F90L:rep-28.end_confirmation;F90L:rep-29.start_us;F90L:rep-29.end_us;F90L:rep-29.start_confirmation;F90L:rep-29.end_confirmation;F90L:rep-30.start_us;F90L:rep-30.end_us;F90L:rep-30.start_confirmation;F90L:rep-30.end_confirmation;F90L:rep-31.start_us;F90L:rep-31.end_us;F90L:rep-31.start_confirmation;F90L:rep-31.end_confirmation;F90L:rep-32.start_us;F90L:rep-32.end_us;F90L:rep-32.start_confirmation;F90L:rep-32.end_confirmation;F90L:rep-33.start_us;F90L:rep-33.end_us;F90L:rep-33.start_confirmation;F90L:rep-33.end_confirmation;F90L:rep-34.start_us;F90L:rep-34.end_us;F90L:rep-34.start_confirmation;F90L:rep-34.end_confirmation;F90L:rep-35.start_us;F90L:rep-35.end_us;F90L:rep-35.start_confirmation;F90L:rep-35.end_confirmation;F90L:rep-36.start_us;F90L:rep-36.end_us;F90L:rep-36.start_confirmation;F90L:rep-36.end_confirmation;F90L:rep-37.start_us;F90L:rep-37.end_us;F90L:rep-37.start_confirmation;F90L:rep-37.end_confirmation;F90L:rep-38.start_us;F90L:rep-38.end_us;F90L:rep-38.start_confirmation;F90L:rep-38.end_confirmation;F90L:rep-39.start_us;F90L:rep-39.end_us;F90L:rep-39.start_confirmation;F90L:rep-39.end_confirmation;F90L:rep-40.start_us;F90L:rep-40.end_us;F90L:rep-40.start_confirmation;F90L:rep-40.end_confirmation;F90L:rep-41.start_us;F90L:rep-41.end_us;F90L:rep-41.start_confirmation;F90L:rep-41.end_confirmation;F90L:rep-42.start_us;F90L:rep-42.end_us;F90L:rep-42.start_confirmation;F90L:rep-42.end_confirmation;F90L:rep-43.start_us;F90L:rep-43.end_us;F90L:rep-43.start_confirmation;F90L:rep-43.end_confirmation;F90L:rep-44.start_us;F90L:rep-44.end_us;F90L:rep-44.start_confirmation;F90L:rep-44.end_confirmation;F90L:rep-45.start_us;F90L:rep-45.end_us;F90L:rep-45.start_confirmation;F90L:rep-45.end_confirmation;F90L:rep-46.start_us;F90L:rep-46.end_us;F90L:rep-46.start_confirmation;F90L:rep-46.end_confirmation;F90L:rep-47.start_us;F90L:rep-47.end_us;F90L:rep-47.start_confirmation;F90L:rep-47.end_confirmation;F90L:rep-48.start_us;F90L:rep-48.end_us;F90L:rep-48.start_confirmation;F90L:rep-48.end_confirmation;F90L:rep-49.start_us;F90L:rep-49.end_us;F90L:rep-49.start_confirmation;F90L:rep-49.end_confirmation;F90L:rep-50.start_us;F90L:rep-50.end_us;F90L:rep-50.start_confirmation;F90L:rep-50.end_confirmation;F90L:rep-51.start_us;F90L:rep-51.end_us;F90L:rep-51.start_confirmation;F90L:rep-51.end_confirmation;F90L:rep-52.start_us;F90L:rep-52.end_us;F90L:rep-52.start_confirmation;F90L:rep-52.end_confirmation;F90L:rep-53.start_us;F90L:rep-53.end_us;F90L:rep-53.start_confirmation;F90L:rep-53.end_confirmation;F90L:rep-54.start_us;F90L:rep-54.end_us;F90L:rep-54.start_confirmation;F90L:rep-54.end_confirmation,1.0,1.0,0.31015121124429396,60.19889713808542
F90L/D-C-L-plus-exact/B/0,W,True,complete,,1.0,1.0,0.3228850689018415,0.3763546395745474
F90L/D-C-L-plus-wrong/B/0,stress,True,stress_completed,elevation;interval_speed;F90L:rep-1.start_us;F90L:rep-1.end_us;F90L:rep-1.start_confirmation;F90L:rep-1.end_confirmation;F90L:rep-2.start_us;F90L:rep-2.end_us;F90L:rep-2.start_confirmation;F90L:rep-2.end_confirmation;F90L:rep-3.start_us;F90L:rep-3.end_us;F90L:rep-3.start_confirmation;F90L:rep-3.end_confirmation;F90L:rep-4.start_us;F90L:rep-4.end_us;F90L:rep-4.start_confirmation;F90L:rep-4.end_confirmation;F90L:rep-5.start_us;F90L:rep-5.end_us;F90L:rep-5.start_confirmation;F90L:rep-5.end_confirmation;F90L:rep-6.start_us;F90L:rep-6.end_us;F90L:rep-6.start_confirmation;F90L:rep-6.end_confirmation;F90L:rep-7.start_us;F90L:rep-7.end_us;F90L:rep-7.start_confirmation;F90L:rep-7.end_confirmation;F90L:rep-8.start_us;F90L:rep-8.end_us;F90L:rep-8.start_confirmation;F90L:rep-8.end_confirmation;F90L:rep-9.start_us;F90L:rep-9.end_us;F90L:rep-9.start_confirmation;F90L:rep-9.end_confirmation;F90L:rep-10.start_us;F90L:rep-10.end_us;F90L:rep-10.start_confirmation;F90L:rep-10.end_confirmation;F90L:rep-11.start_us;F90L:rep-11.end_us;F90L:rep-11.start_confirmation;F90L:rep-11.end_confirmation;F90L:rep-12.start_us;F90L:rep-12.end_us;F90L:rep-12.start_confirmation;F90L:rep-12.end_confirmation;F90L:rep-13.start_us;F90L:rep-13.end_us;F90L:rep-13.start_confirmation;F90L:rep-13.end_confirmation;F90L:rep-14.start_us;F90L:rep-14.end_us;F90L:rep-14.start_confirmation;F90L:rep-14.end_confirmation;F90L:rep-15.start_us;F90L:rep-15.end_us;F90L:rep-15.start_confirmation;F90L:rep-15.end_confirmation;F90L:rep-16.start_us;F90L:rep-16.end_us;F90L:rep-16.start_confirmation;F90L:rep-16.end_confirmation;F90L:rep-17.start_us;F90L:rep-17.end_us;F90L:rep-17.start_confirmation;F90L:rep-17.end_confirmation;F90L:rep-18.start_us;F90L:rep-18.end_us;F90L:rep-18.start_confirmation;F90L:rep-18.end_confirmation;F90L:rep-19.start_us;F90L:rep-19.end_us;F90L:rep-19.start_confirmation;F90L:rep-19.end_confirmation;F90L:rep-20.start_us;F90L:rep-20.end_us;F90L:rep-20.start_confirmation;F90L:rep-20.end_confirmation;F90L:rep-21.start_us;F90L:rep-21.end_us;F90L:rep-21.start_confirmation;F90L:rep-21.end_confirmation;F90L:rep-22.start_us;F90L:rep-22.end_us;F90L:rep-22.start_confirmation;F90L:rep-22.end_confirmation;F90L:rep-23.start_us;F90L:rep-23.end_us;F90L:rep-23.start_confirmation;F90L:rep-23.end_confirmation;F90L:rep-24.start_us;F90L:rep-24.end_us;F90L:rep-24.start_confirmation;F90L:rep-24.end_confirmation;F90L:rep-25.start_us;F90L:rep-25.end_us;F90L:rep-25.start_confirmation;F90L:rep-25.end_confirmation;F90L:rep-26.start_us;F90L:rep-26.end_us;F90L:rep-26.start_confirmation;F90L:rep-26.end_confirmation;F90L:rep-27.start_us;F90L:rep-27.end_us;F90L:rep-27.start_confirmation;F90L:rep-27.end_confirmation;F90L:rep-28.start_us;F90L:rep-28.end_us;F90L:rep-28.start_confirmation;F90L:rep-28.end_confirmation;F90L:rep-29.start_us;F90L:rep-29.end_us;F90L:rep-29.start_confirmation;F90L:rep-29.end_confirmation;F90L:rep-30.start_us;F90L:rep-30.end_us;F90L:rep-30.start_confirmation;F90L:rep-30.end_confirmation;F90L:rep-31.start_us;F90L:rep-31.end_us;F90L:rep-31.start_confirmation;F90L:rep-31.end_confirmation;F90L:rep-32.start_us;F90L:rep-32.end_us;F90L:rep-32.start_confirmation;F90L:rep-32.end_confirmation;F90L:rep-33.start_us;F90L:rep-33.end_us;F90L:rep-33.start_confirmation;F90L:rep-33.end_confirmation;F90L:rep-34.start_us;F90L:rep-34.end_us;F90L:rep-34.start_confirmation;F90L:rep-34.end_confirmation;F90L:rep-35.start_us;F90L:rep-35.end_us;F90L:rep-35.start_confirmation;F90L:rep-35.end_confirmation;F90L:rep-36.start_us;F90L:rep-36.end_us;F90L:rep-36.start_confirmation;F90L:rep-36.end_confirmation;F90L:rep-37.start_us;F90L:rep-37.end_us;F90L:rep-37.start_confirmation;F90L:rep-37.end_confirmation;F90L:rep-38.start_us;F90L:rep-38.end_us;F90L:rep-38.start_confirmation;F90L:rep-38.end_confirmation;F90L:rep-39.start_us;F90L:rep-39.end_us;F90L:rep-39.start_confirmation;F90L:rep-39.end_confirmation;F90L:rep-40.start_us;F90L:rep-40.end_us;F90L:rep-40.start_confirmation;F90L:rep-40.end_confirmation;F90L:rep-41.start_us;F90L:rep-41.end_us;F90L:rep-41.start_confirmation;F90L:rep-41.end_confirmation;F90L:rep-42.start_us;F90L:rep-42.end_us;F90L:rep-42.start_confirmation;F90L:rep-42.end_confirmation;F90L:rep-43.start_us;F90L:rep-43.end_us;F90L:rep-43.start_confirmation;F90L:rep-43.end_confirmation;F90L:rep-44.start_us;F90L:rep-44.end_us;F90L:rep-44.start_confirmation;F90L:rep-44.end_confirmation;F90L:rep-45.start_us;F90L:rep-45.end_us;F90L:rep-45.start_confirmation;F90L:rep-45.end_confirmation;F90L:rep-46.start_us;F90L:rep-46.end_us;F90L:rep-46.start_confirmation;F90L:rep-46.end_confirmation;F90L:rep-47.start_us;F90L:rep-47.end_us;F90L:rep-47.start_confirmation;F90L:rep-47.end_confirmation;F90L:rep-48.start_us;F90L:rep-48.end_us;F90L:rep-48.start_confirmation;F90L:rep-48.end_confirmation;F90L:rep-49.start_us;F90L:rep-49.end_us;F90L:rep-49.start_confirmation;F90L:rep-49.end_confirmation;F90L:rep-50.start_us;F90L:rep-50.end_us;F90L:rep-50.start_confirmation;F90L:rep-50.end_confirmation;F90L:rep-51.start_us;F90L:rep-51.end_us;F90L:rep-51.start_confirmation;F90L:rep-51.end_confirmation;F90L:rep-52.start_us;F90L:rep-52.end_us;F90L:rep-52.start_confirmation;F90L:rep-52.end_confirmation;F90L:rep-53.start_us;F90L:rep-53.end_us;F90L:rep-53.start_confirmation;F90L:rep-53.end_confirmation;F90L:rep-54.start_us;F90L:rep-54.end_us;F90L:rep-54.start_confirmation;F90L:rep-54.end_confirmation,1.0,1.0,0.3228850689018415,60.19808418784217
F90L/D-C-X-minus-exact/B/0,stress,True,stress_completed,,1.0,1.0,0.0021992906885299614,0.0030619362132081364
F90L/D-C-X-minus-wrong/B/0,stress,True,stress_completed,elevation;interval_speed;F90L:rep-1.start_us;F90L:rep-1.end_us;F90L:rep-1.start_confirmation;F90L:rep-1.end_confirmation;F90L:rep-1.peak_support;F90L:rep-2.start_us;F90L:rep-2.end_us;F90L:rep-2.start_confirmation;F90L:rep-2.end_confirmation;F90L:rep-2.peak_support;F90L:rep-3.start_us;F90L:rep-3.end_us;F90L:rep-3.start_confirmation;F90L:rep-3.end_confirmation;F90L:rep-3.peak_support;F90L:rep-4.start_us;F90L:rep-4.end_us;F90L:rep-4.start_confirmation;F90L:rep-4.end_confirmation;F90L:rep-4.peak_support;F90L:rep-5.start_us;F90L:rep-5.start_confirmation;F90L:rep-13.start_us;F90L:rep-13.end_us;F90L:rep-13.start_confirmation;F90L:rep-13.end_confirmation;F90L:rep-14.start_us;F90L:rep-14.end_us;F90L:rep-14.start_confirmation;F90L:rep-14.end_confirmation;F90L:rep-15.start_us;F90L:rep-15.end_us;F90L:rep-15.start_confirmation;F90L:rep-15.end_confirmation;F90L:rep-16.start_us;F90L:rep-16.end_us;F90L:rep-16.start_confirmation;F90L:rep-16.end_confirmation;F90L:rep-17.start_us;F90L:rep-17.end_us;F90L:rep-17.start_confirmation;F90L:rep-17.end_confirmation;F90L:rep-18.start_us;F90L:rep-18.end_us;F90L:rep-18.start_confirmation;F90L:rep-18.end_confirmation;F90L:rep-19.start_us;F90L:rep-19.end_us;F90L:rep-19.start_confirmation;F90L:rep-19.end_confirmation;F90L:rep-20.start_us;F90L:rep-20.end_us;F90L:rep-20.start_confirmation;F90L:rep-20.end_confirmation;F90L:rep-21.start_us;F90L:rep-21.end_us;F90L:rep-21.start_confirmation;F90L:rep-21.end_confirmation;F90L:rep-22.start_us;F90L:rep-22.end_us;F90L:rep-22.start_confirmation;F90L:rep-22.end_confirmation;F90L:rep-23.start_us;F90L:rep-23.end_us;F90L:rep-23.start_confirmation;F90L:rep-23.end_confirmation;F90L:rep-24.start_us;F90L:rep-24.end_us;F90L:rep-24.start_confirmation;F90L:rep-24.end_confirmation;F90L:rep-25.start_us;F90L:rep-25.end_us;F90L:rep-25.start_confirmation;F90L:rep-25.end_confirmation;F90L:rep-26.start_us;F90L:rep-26.end_us;F90L:rep-26.start_confirmation;F90L:rep-26.end_confirmation;F90L:rep-27.start_us;F90L:rep-27.end_us;F90L:rep-27.start_confirmation;F90L:rep-27.end_confirmation;F90L:rep-28.start_us;F90L:rep-28.end_us;F90L:rep-28.start_confirmation;F90L:rep-28.end_confirmation;F90L:rep-29.start_us;F90L:rep-29.end_us;F90L:rep-29.start_confirmation;F90L:rep-29.end_confirmation;F90L:rep-30.start_us;F90L:rep-30.end_us;F90L:rep-30.start_confirmation;F90L:rep-30.end_confirmation;F90L:rep-31.start_us;F90L:rep-31.end_us;F90L:rep-31.start_confirmation;F90L:rep-31.end_confirmation;F90L:rep-32.start_us;F90L:rep-32.end_us;F90L:rep-32.start_confirmation;F90L:rep-32.end_confirmation;F90L:rep-33.start_us;F90L:rep-33.end_us;F90L:rep-33.start_confirmation;F90L:rep-33.end_confirmation;F90L:rep-34.start_us;F90L:rep-34.end_us;F90L:rep-34.start_confirmation;F90L:rep-34.end_confirmation;F90L:rep-35.start_us;F90L:rep-35.end_us;F90L:rep-35.start_confirmation;F90L:rep-35.end_confirmation;F90L:rep-36.start_us;F90L:rep-36.end_us;F90L:rep-36.start_confirmation;F90L:rep-36.end_confirmation;F90L:rep-37.start_us;F90L:rep-37.end_us;F90L:rep-37.start_confirmation;F90L:rep-37.end_confirmation;F90L:rep-38.start_us;F90L:rep-38.end_us;F90L:rep-38.start_confirmation;F90L:rep-38.end_confirmation;F90L:rep-39.start_us;F90L:rep-39.end_us;F90L:rep-39.start_confirmation;F90L:rep-39.end_confirmation;F90L:rep-40.start_us;F90L:rep-40.end_us;F90L:rep-40.start_confirmation;F90L:rep-40.end_confirmation;F90L:rep-41.start_us;F90L:rep-41.end_us;F90L:rep-41.start_confirmation;F90L:rep-41.end_confirmation;F90L:rep-42.start_us;F90L:rep-42.end_us;F90L:rep-42.start_confirmation;F90L:rep-42.end_confirmation;F90L:rep-43.start_us;F90L:rep-43.end_us;F90L:rep-43.start_confirmation;F90L:rep-43.end_confirmation;F90L:rep-44.start_us;F90L:rep-44.end_us;F90L:rep-44.start_confirmation;F90L:rep-44.end_confirmation;F90L:rep-44.speed_estimated_mean;F90L:rep-45.start_us;F90L:rep-45.end_us;F90L:rep-45.start_confirmation;F90L:rep-45.end_confirmation;F90L:rep-45.speed_estimated_mean;F90L:rep-46.start_us;F90L:rep-46.end_us;F90L:rep-46.start_confirmation;F90L:rep-46.end_confirmation;F90L:rep-46.speed_estimated_mean;F90L:rep-47.start_us;F90L:rep-47.end_us;F90L:rep-47.start_confirmation;F90L:rep-47.end_confirmation;F90L:rep-47.speed_estimated_mean;F90L:rep-48.start_us;F90L:rep-48.end_us;F90L:rep-48.start_confirmation;F90L:rep-48.end_confirmation;F90L:rep-48.speed_estimated_mean;F90L:rep-49.start_us;F90L:rep-49.end_us;F90L:rep-49.start_confirmation;F90L:rep-49.end_confirmation;F90L:rep-49.peak_support;F90L:rep-49.speed_estimated_mean;F90L:rep-50.start_us;F90L:rep-50.end_us;F90L:rep-50.start_confirmation;F90L:rep-50.end_confirmation;F90L:rep-50.peak_support;F90L:rep-50.speed_estimated_mean;F90L:rep-51.start_us;F90L:rep-51.end_us;F90L:rep-51.start_confirmation;F90L:rep-51.end_confirmation;F90L:rep-51.peak_support;F90L:rep-51.speed_estimated_mean;F90L:rep-52.start_us;F90L:rep-52.end_us;F90L:rep-52.start_confirmation;F90L:rep-52.end_confirmation;F90L:rep-52.peak_support;F90L:rep-52.speed_estimated_mean;F90L:rep-53.start_us;F90L:rep-53.end_us;F90L:rep-53.start_confirmation;F90L:rep-53.end_confirmation;F90L:rep-53.peak_support;F90L:rep-53.speed_estimated_mean;F90L:rep-54.start_us;F90L:rep-54.end_us;F90L:rep-54.start_confirmation;F90L:rep-54.end_confirmation;F90L:rep-54.peak_support;F90L:rep-54.speed_estimated_mean,0.9957333333333335,1.0,0.0021992906885299614,60.30053497631786
F90L/D-C-X-plus-exact/B/0,stress,True,stress_completed,,1.0,1.0,0.6341777823597685,0.7404560298899764
F90L/D-C-X-plus-wrong/B/0,stress,True,stress_completed,elevation;interval_speed;F90L:rep-1.start_us;F90L:rep-1.end_us;F90L:rep-1.start_confirmation;F90L:rep-1.end_confirmation;F90L:rep-2.start_us;F90L:rep-2.end_us;F90L:rep-2.start_confirmation;F90L:rep-2.end_confirmation;F90L:rep-3.start_us;F90L:rep-3.end_us;F90L:rep-3.start_confirmation;F90L:rep-3.end_confirmation;F90L:rep-4.start_us;F90L:rep-4.end_us;F90L:rep-4.start_confirmation;F90L:rep-4.end_confirmation;F90L:rep-5.start_us;F90L:rep-5.end_us;F90L:rep-5.start_confirmation;F90L:rep-5.end_confirmation;F90L:rep-6.start_us;F90L:rep-6.end_us;F90L:rep-6.start_confirmation;F90L:rep-6.end_confirmation;F90L:rep-7.start_us;F90L:rep-7.end_us;F90L:rep-7.start_confirmation;F90L:rep-7.end_confirmation;F90L:rep-8.start_us;F90L:rep-8.end_us;F90L:rep-8.start_confirmation;F90L:rep-8.end_confirmation;F90L:rep-9.start_us;F90L:rep-9.end_us;F90L:rep-9.start_confirmation;F90L:rep-9.end_confirmation;F90L:rep-10.start_us;F90L:rep-10.end_us;F90L:rep-10.start_confirmation;F90L:rep-10.end_confirmation;F90L:rep-11.start_us;F90L:rep-11.end_us;F90L:rep-11.start_confirmation;F90L:rep-11.end_confirmation;F90L:rep-11.speed_estimated_mean;F90L:rep-12.start_us;F90L:rep-12.end_us;F90L:rep-12.start_confirmation;F90L:rep-12.end_confirmation;F90L:rep-12.speed_estimated_mean;F90L:rep-13.start_us;F90L:rep-13.end_us;F90L:rep-13.start_confirmation;F90L:rep-13.end_confirmation;F90L:rep-13.speed_estimated_mean;F90L:rep-14.start_us;F90L:rep-14.end_us;F90L:rep-14.start_confirmation;F90L:rep-14.end_confirmation;F90L:rep-14.speed_estimated_mean;F90L:rep-15.start_us;F90L:rep-15.end_us;F90L:rep-15.start_confirmation;F90L:rep-15.end_confirmation;F90L:rep-15.speed_estimated_mean;F90L:rep-16.start_us;F90L:rep-16.end_us;F90L:rep-16.start_confirmation;F90L:rep-16.end_confirmation;F90L:rep-16.speed_estimated_mean;F90L:rep-17.start_us;F90L:rep-17.end_us;F90L:rep-17.start_confirmation;F90L:rep-17.end_confirmation;F90L:rep-17.speed_estimated_mean;F90L:rep-18.start_us;F90L:rep-18.end_us;F90L:rep-18.start_confirmation;F90L:rep-18.end_confirmation;F90L:rep-18.speed_estimated_mean;F90L:rep-19.start_us;F90L:rep-19.end_us;F90L:rep-19.start_confirmation;F90L:rep-19.end_confirmation;F90L:rep-19.speed_estimated_mean;F90L:rep-20.start_us;F90L:rep-20.end_us;F90L:rep-20.start_confirmation;F90L:rep-20.end_confirmation;F90L:rep-20.speed_estimated_mean;F90L:rep-21.start_us;F90L:rep-21.end_us;F90L:rep-21.start_confirmation;F90L:rep-21.end_confirmation;F90L:rep-21.speed_estimated_mean;F90L:rep-22.start_us;F90L:rep-22.end_us;F90L:rep-22.start_confirmation;F90L:rep-22.end_confirmation;F90L:rep-22.speed_estimated_mean;F90L:rep-23.start_us;F90L:rep-23.end_us;F90L:rep-23.start_confirmation;F90L:rep-23.end_confirmation;F90L:rep-23.speed_estimated_mean;F90L:rep-24.start_us;F90L:rep-24.end_us;F90L:rep-24.start_confirmation;F90L:rep-24.end_confirmation;F90L:rep-24.speed_estimated_mean;F90L:rep-25.start_us;F90L:rep-25.end_us;F90L:rep-25.start_confirmation;F90L:rep-25.end_confirmation;F90L:rep-25.speed_estimated_mean;F90L:rep-26.start_us;F90L:rep-26.end_us;F90L:rep-26.start_confirmation;F90L:rep-26.end_confirmation;F90L:rep-26.speed_estimated_mean;F90L:rep-27.start_us;F90L:rep-27.end_us;F90L:rep-27.start_confirmation;F90L:rep-27.end_confirmation;F90L:rep-27.speed_estimated_mean;F90L:rep-28.start_us;F90L:rep-28.end_us;F90L:rep-28.start_confirmation;F90L:rep-28.end_confirmation;F90L:rep-28.speed_estimated_mean;F90L:rep-29.start_us;F90L:rep-29.end_us;F90L:rep-29.start_confirmation;F90L:rep-29.end_confirmation;F90L:rep-29.speed_estimated_mean;F90L:rep-30.start_us;F90L:rep-30.end_us;F90L:rep-30.start_confirmation;F90L:rep-30.end_confirmation;F90L:rep-30.speed_estimated_mean;F90L:rep-31.start_us;F90L:rep-31.end_us;F90L:rep-31.start_confirmation;F90L:rep-31.end_confirmation;F90L:rep-31.peak_support;F90L:rep-31.speed_estimated_mean;F90L:rep-32.start_us;F90L:rep-32.end_us;F90L:rep-32.start_confirmation;F90L:rep-32.end_confirmation;F90L:rep-32.peak_support;F90L:rep-32.speed_estimated_mean;F90L:rep-33.start_us;F90L:rep-33.end_us;F90L:rep-33.start_confirmation;F90L:rep-33.end_confirmation;F90L:rep-33.peak_support;F90L:rep-33.speed_estimated_mean;F90L:rep-34.start_us;F90L:rep-34.end_us;F90L:rep-34.start_confirmation;F90L:rep-34.end_confirmation;F90L:rep-34.peak_support;F90L:rep-34.speed_estimated_mean;F90L:rep-35.start_us;F90L:rep-35.end_us;F90L:rep-35.start_confirmation;F90L:rep-35.end_confirmation;F90L:rep-35.peak_support;F90L:rep-35.speed_estimated_mean;F90L:rep-36.start_us;F90L:rep-36.end_us;F90L:rep-36.start_confirmation;F90L:rep-36.end_confirmation;F90L:rep-36.peak_support;F90L:rep-36.speed_estimated_mean;F90L:rep-37.start_us;F90L:rep-37.end_us;F90L:rep-37.start_confirmation;F90L:rep-37.end_confirmation;F90L:rep-37.peak_support;F90L:rep-37.speed_estimated_mean;F90L:rep-38.start_us;F90L:rep-38.end_us;F90L:rep-38.start_confirmation;F90L:rep-38.end_confirmation;F90L:rep-38.peak_support;F90L:rep-38.speed_estimated_mean;F90L:rep-39.start_us;F90L:rep-39.end_us;F90L:rep-39.start_confirmation;F90L:rep-39.end_confirmation;F90L:rep-39.peak_support;F90L:rep-39.speed_estimated_mean;counts;summary.rom_rad.support;summary.peak_elevation_rad.support;summary.rep_duration_s.support;summary.elevation_duration_s.support;summary.return_duration_s.support;summary.hold_duration_s.support;summary.rep_speed_mean_rads.support;summary.rep_speed_max_rads.support;summary.elevation_speed_mean_rads.support;summary.elevation_speed_max_rads.support;summary.return_speed_mean_rads.support;summary.return_speed_max_rads.support;summary.hold_speed_mean_rads.support;summary.hold_speed_max_rads.support;summary.thorax_extension_min_rad.support;summary.thorax_extension_max_rad.support;summary.thorax_extension_magnitude_rad.support;summary.thorax_lateral_flexion_min_rad.support;summary.thorax_lateral_flexion_max_rad.support;summary.thorax_lateral_flexion_magnitude_rad.support;summary.thorax_axial_rotation_min_rad.support;summary.thorax_axial_rotation_max_rad.support;summary.thorax_axial_rotation_magnitude_rad.support;summary.preceding_rest_duration_s.support,1.0,0.7222222222222222,0.6341777823597685,60.43826470630389
F90L/D-H-H-sensor/A/0,stress,True,stress_completed,A.orientation,1.0,1.0,6.10021965629458,0.3691147860574721
F90L/D-H-H-sensor/B/0,stress,True,stress_completed,B.orientation,1.0,1.0,6.0997249421444115,0.3692074724944726
F90L/D-H-H-sensor/SAME/0,stress,True,stress_completed,A.orientation;B.orientation,1.0,1.0,6.10021965629458,0.3692041627489932
F90L/D-H-H-sensor/DIFF/0,stress,True,stress_completed,A.orientation;B.orientation,1.0,1.0,6.10021965629458,0.3692174039896008
F90L/D-H-H-world/A/0,stress,True,stress_completed,A.orientation,1.0,1.0,6.0,0.020000000000291982
F90L/D-H-H-world/B/0,stress,True,stress_completed,B.orientation,1.0,1.0,6.0,0.020000000000291982
F90L/D-H-H-world/SAME/0,stress,True,stress_completed,A.orientation;B.orientation,1.0,1.0,6.0,4.452776554048924e-12
F90L/D-H-H-world/DIFF/0,stress,True,stress_completed,A.orientation;B.orientation,1.0,1.0,6.0,0.04000000000064488
F90L/D-H-L-sensor/A/0,W,True,complete,,1.0,1.0,0.6099340618591055,0.36911149612340066
F90L/D-H-L-sensor/B/0,W,True,complete,,1.0,1.0,0.6569379991991073,0.36929981758696584
F90L/D-H-L-sensor/SAME/0,W,True,complete,,1.0,1.0,0.6569379991991073,0.3692997845125176
F90L/D-H-L-sensor/DIFF/0,W,True,complete,,1.0,1.0,0.6569379991991073,0.3692999169051291
F90L/D-H-L-world/A/0,W,True,complete,,1.0,1.0,0.6000000000000001,0.0020000000000262048
F90L/D-H-L-world/B/0,W,True,complete,,1.0,1.0,0.5999999999999999,0.0020000000000262048
F90L/D-H-L-world/SAME/0,W,True,complete,,1.0,1.0,0.6000000000000001,4.058387773547447e-12
F90L/D-H-L-world/DIFF/0,W,True,complete,,1.0,1.0,0.6000000000000001,0.004000000000072349
F90L/D-H-X-sensor/A/0,stress,True,stress_completed,A.orientation;F90L:rep-18.missed;F90L:rep-19.missed;F90L:rep-20.missed;F90L:rep-21.missed;F90L:rep-22.missed;F90L:rep-23.missed;F90L:rep-24.missed;F90L:rep-25.missed;F90L:rep-26.missed;F90L:rep-27.missed;F90L:rep-28.missed;F90L:rep-29.missed;F90L:rep-30.missed;F90L:rep-31.missed;F90L:rep-32.missed;F90L:rep-33.missed;F90L:rep-34.missed;F90L:rep-35.missed;F90L:rep-36.missed;F90L:rep-37.missed;F90L:rep-38.missed;F90L:rep-39.missed;F90L:rep-40.missed;F90L:rep-41.missed;F90L:rep-42.missed;F90L:rep-43.missed;F90L:rep-44.missed;F90L:rep-45.missed;F90L:rep-46.missed;F90L:rep-47.missed;F90L:rep-48.missed;F90L:rep-49.missed;F90L:rep-50.missed;F90L:rep-51.missed;F90L:rep-52.missed;F90L:rep-53.missed;F90L:rep-54.missed;counts;summary.active_s,1.0,0.3148148148148148,60.99998518409464,0.36944402211935057
F90L/D-H-X-sensor/B/0,stress,True,stress_completed,B.orientation;F90L:rep-18.missed;F90L:rep-19.missed;F90L:rep-20.missed;F90L:rep-21.missed;F90L:rep-22.missed;F90L:rep-23.missed;F90L:rep-24.missed;F90L:rep-25.missed;F90L:rep-26.missed;F90L:rep-27.missed;F90L:rep-28.missed;F90L:rep-29.missed;F90L:rep-30.missed;F90L:rep-31.missed;F90L:rep-32.missed;F90L:rep-33.missed;F90L:rep-34.missed;F90L:rep-35.missed;F90L:rep-36.missed;F90L:rep-37.missed;F90L:rep-38.missed;F90L:rep-39.missed;F90L:rep-40.missed;F90L:rep-41.missed;F90L:rep-42.missed;F90L:rep-43.missed;F90L:rep-44.missed;F90L:rep-45.missed;F90L:rep-46.missed;F90L:rep-47.missed;F90L:rep-48.missed;F90L:rep-49.missed;F90L:rep-50.missed;F90L:rep-51.missed;F90L:rep-52.missed;F90L:rep-53.missed;F90L:rep-54.missed;counts;summary.active_s,1.0,0.3148148148148148,60.99926229272753,0.36962743645647944
F90L/D-H-X-sensor/SAME/0,stress,True,stress_completed,A.orientation;B.orientation,1.0,1.0,60.99998518409464,0.3692968061457736
F90L/D-H-X-sensor/DIFF/0,stress,True,stress_completed,A.orientation;B.orientation;F90L:rep-9.missed;F90L:rep-10.missed;F90L:rep-11.missed;F90L:rep-12.missed;F90L:rep-13.missed;F90L:rep-14.missed;F90L:rep-15.missed;F90L:rep-16.missed;F90L:rep-17.missed;F90L:rep-18.missed;F90L:rep-19.missed;F90L:rep-20.missed;F90L:rep-21.missed;F90L:rep-22.missed;F90L:rep-23.missed;F90L:rep-24.missed;F90L:rep-25.missed;F90L:rep-26.missed;F90L:rep-27.missed;F90L:rep-28.missed;F90L:rep-29.missed;F90L:rep-30.missed;F90L:rep-31.missed;F90L:rep-32.missed;F90L:rep-33.missed;F90L:rep-34.missed;F90L:rep-35.missed;F90L:rep-36.missed;F90L:rep-37.missed;F90L:rep-38.missed;F90L:rep-39.missed;F90L:rep-40.missed;F90L:rep-41.missed;F90L:rep-42.missed;F90L:rep-43.missed;F90L:rep-44.missed;F90L:rep-45.missed;F90L:rep-46.missed;F90L:rep-47.missed;F90L:rep-48.missed;F90L:rep-49.missed;F90L:rep-50.missed;F90L:rep-51.missed;F90L:rep-52.missed;F90L:rep-53.missed;F90L:rep-54.missed;counts;summary.active_s,1.0,0.14814814814814814,60.99998518409464,0.4301687095897252
F90L/D-H-X-world/A/0,stress,True,stress_completed,A.orientation;A.initialization;F90L:rep-19.missed;F90L:rep-20.missed;F90L:rep-21.missed;F90L:rep-22.missed;F90L:rep-23.missed;F90L:rep-24.missed;F90L:rep-25.missed;F90L:rep-26.missed;F90L:rep-27.missed;F90L:rep-28.missed;F90L:rep-29.missed;F90L:rep-30.missed;F90L:rep-31.missed;F90L:rep-32.missed;F90L:rep-33.missed;F90L:rep-34.missed;F90L:rep-35.missed;F90L:rep-36.missed;F90L:rep-37.missed;F90L:rep-38.missed;F90L:rep-39.missed;F90L:rep-40.missed;F90L:rep-41.missed;F90L:rep-42.missed;F90L:rep-43.missed;F90L:rep-44.missed;F90L:rep-45.missed;F90L:rep-46.missed;F90L:rep-47.missed;F90L:rep-48.missed;F90L:rep-49.missed;F90L:rep-50.missed;F90L:rep-51.missed;F90L:rep-52.missed;F90L:rep-53.missed;F90L:rep-54.missed;counts;summary.active_s,1.0,0.3333333333333333,60.00000000000001,0.20000000000199922
F90L/D-H-X-world/B/0,stress,True,stress_completed,B.orientation;B.initialization;F90L:rep-19.missed;F90L:rep-20.missed;F90L:rep-21.missed;F90L:rep-22.missed;F90L:rep-23.missed;F90L:rep-24.missed;F90L:rep-25.missed;F90L:rep-26.missed;F90L:rep-27.missed;F90L:rep-28.missed;F90L:rep-29.missed;F90L:rep-30.missed;F90L:rep-31.missed;F90L:rep-32.missed;F90L:rep-33.missed;F90L:rep-34.missed;F90L:rep-35.missed;F90L:rep-36.missed;F90L:rep-37.missed;F90L:rep-38.missed;F90L:rep-39.missed;F90L:rep-40.missed;F90L:rep-41.missed;F90L:rep-42.missed;F90L:rep-43.missed;F90L:rep-44.missed;F90L:rep-45.missed;F90L:rep-46.missed;F90L:rep-47.missed;F90L:rep-48.missed;F90L:rep-49.missed;F90L:rep-50.missed;F90L:rep-51.missed;F90L:rep-52.missed;F90L:rep-53.missed;F90L:rep-54.missed;counts;summary.active_s,1.0,0.3333333333333333,59.99999999999999,0.20000000000199922
F90L/D-H-X-world/SAME/0,stress,True,stress_completed,A.orientation;A.initialization;B.orientation;B.initialization,1.0,1.0,60.00000000000001,4.427332116597216e-12
F90L/D-H-X-world/DIFF/0,stress,True,stress_completed,A.orientation;A.initialization;B.orientation;B.initialization;F90L:rep-10.missed;F90L:rep-11.missed;F90L:rep-12.missed;F90L:rep-13.missed;F90L:rep-14.missed;F90L:rep-15.missed;F90L:rep-16.missed;F90L:rep-17.missed;F90L:rep-18.missed;F90L:rep-19.missed;F90L:rep-20.missed;F90L:rep-21.missed;F90L:rep-22.missed;F90L:rep-23.missed;F90L:rep-24.missed;F90L:rep-25.missed;F90L:rep-26.missed;F90L:rep-27.missed;F90L:rep-28.missed;F90L:rep-29.missed;F90L:rep-30.missed;F90L:rep-31.missed;F90L:rep-32.missed;F90L:rep-33.missed;F90L:rep-34.missed;F90L:rep-35.missed;F90L:rep-36.missed;F90L:rep-37.missed;F90L:rep-38.missed;F90L:rep-39.missed;F90L:rep-40.missed;F90L:rep-41.missed;F90L:rep-42.missed;F90L:rep-43.missed;F90L:rep-44.missed;F90L:rep-45.missed;F90L:rep-46.missed;F90L:rep-47.missed;F90L:rep-48.missed;F90L:rep-49.missed;F90L:rep-50.missed;F90L:rep-51.missed;F90L:rep-52.missed;F90L:rep-53.missed;F90L:rep-54.missed;counts;summary.active_s,1.0,0.16666666666666666,60.00000000000001,0.40000000000512753
F90L/I-HD-300/DIFF/0,stress,True,stress_completed,A.orientation;B.orientation,1.0,1.0,6.10021965629458,0.3692174039896008
NOHOLD/CLEAN-E/SAME/0,C,True,complete,,1.0,1.0,8.544279715855947e-14,1.074391371398376e-11
NOHOLD/CLEAN-S/SAME/0,C,True,complete,,1.0,1.0,0.3165399432627146,0.38302598842219077
PARTIAL/CLEAN-E/SAME/0,C,True,complete,,1.0,1.0,1.1040546815383531e-13,1.4223440535504847e-11
PARTIAL/CLEAN-S/SAME/0,C,True,complete,,1.0,1.0,0.3165399432627146,0.3681437555544161
QUIET/CLEAN-E/SAME/0,C,True,complete,,1.0,,0.0,0.0
QUIET/CLEAN-S/SAME/0,C,True,complete,,1.0,,1.2722218725854067e-14,0.0
T-EXT/CLEAN-E/SAME/0,C,True,complete,,1.0,1.0,1.2215663682187506e-13,1.7505772966775198e-11
T-EXT/CLEAN-S/SAME/0,C,True,complete,,1.0,1.0,0.3515275978860242,0.36797220717701784
T-MIX/CLEAN-E/SAME/0,C,True,complete,,1.0,1.0,1.213730471309266e-13,1.5508384626816108e-11
T-MIX/CLEAN-Q/SAME/0,C,True,complete,,1.0,1.0,0.3519912003055336,0.36753874183656887
T-MIX/CLEAN-S/SAME/0,C,True,complete,,1.0,1.0,0.3521361235840634,0.3708903523762332
VAR/CLEAN-E/SAME/0,C,True,complete,,1.0,1.0,1.0785593164408996e-13,1.5063106971411214e-11
VAR/CLEAN-S/SAME/0,C,True,complete,,1.0,1.0,0.27525265944190525,0.4714638751144353
WRONG/CLEAN-E/SAME/0,C,True,complete,,1.0,,1.1040546815383531e-13,1.4223440535504847e-11
WRONG/CLEAN-S/SAME/0,C,True,complete,,1.0,,0.3164976705793421,0.36844156578634896
